timeTick, stateX, stateY, stateZ, stateVX, stateVY, stateVZ, motor1, motor2, motor3, motor4, kalX, kalY, kalZ, kalPX, kalPY, kalPZ
701946, 0.0, 0.0, 94.38117980957031, 0.0, 0.0, 0.63629150390625, 0, 0, 0, 0, 0, 0, 0, 0, 0, 0
701956, 0.0, 0.0, 94.37815856933594, 0.0, 0.0, -0.3021240234375, 0.0, 0.0, 0.0, 0.0, 0.0, 0.0, 0.0, 0.0, 0.0, 0.0
701966, 0.0, 0.0, 94.37544250488281, 0.0, 0.0, -0.2716064453125, 0.0, 0.0, 0.0, 0.0, 0.0, 0.0, 0.0, 0.0, 0.0, 0.0
701976, 0.0, 0.0, 94.375732421875, 0.0, 0.0, 0.02899169921875, 0.0, 0.0, 0.0, 0.0, 0.0, 0.0, 0.0, 0.0, 0.0, 0.0
701986, 0.0, 0.0, 94.37599182128906, 0.0, 0.0, 0.02593994140625, 0.0, 0.0, 0.0, 0.0, 0.0, 0.0, 0.0, 0.0, 0.0, 0.0
701996, 0.0, 0.0, 94.37677001953125, 0.0, 0.0, 0.07781982421875, 0.0, 0.0, 0.0, 0.0, 0.0, 0.0, 0.0, 0.0, 0.0, 0.0
702006, 0.0, 0.0, 94.37747192382812, 0.0, 0.0, 0.0701904296875, 0.0, 0.0, 0.0, 0.0, 0.0, 0.0, 0.0, 0.0, 0.0, 0.0
702016, 0.0, 0.0, 94.36881256103516, 0.0, 0.0, -0.865936279296875, 0.0, 0.0, 0.0, 0.0, 0.0, 0.0, 0.0, 0.0, 0.0, 0.0
702026, 0.0, 0.0, 94.36101531982422, 0.0, 0.0, -0.77972412109375, 0.0, 0.0, 0.0, 0.0, 0.0, 0.0, 0.0, 0.0, 0.0, 0.0
702036, 0.0, 0.0, 94.35563659667969, 0.0, 0.0, -0.537872314453125, 0.0, 0.0, 0.0, 0.0, 0.0, 0.0, 0.0, 0.0, 0.0, 0.0
702046, 0.0, 0.0, 94.35079956054688, 0.0, 0.0, -0.48370361328125, 0.0, 0.0, 0.0, 0.0, 0.0, 0.0, 0.0, 0.0, 0.0, 0.0
702056, 0.0, 0.0, 94.3568344116211, 0.0, 0.0, 0.603485107421875, 0.0, 0.0, 0.0, 0.0, 0.0, 0.0, 0.0, 0.0, 0.0, 0.0
702066, 0.0, 0.0, 94.36226654052734, 0.0, 0.0, 0.543212890625, 0.0, 0.0, 0.0, 0.0, 0.0, 0.0, 0.0, 0.0, 0.0, 0.0
702076, 0.0, 0.0, 94.36605834960938, 0.0, 0.0, 0.379180908203125, 0.0, 0.0, 0.0, 0.0, 0.0, 0.0, 0.0, 0.0, 0.0, 0.0
702086, 0.0, 0.0, 94.36947631835938, 0.0, 0.0, 0.341796875, 0.0, 0.0, 0.0, 0.0, 0.0, 0.0, 0.0, 0.0, 0.0, 0.0
702096, 0.0, 0.0, 94.36817169189453, 0.0, 0.0, -0.130462646484375, 0.0, 0.0, 0.0, 0.0, 0.0, 0.0, 0.0, 0.0, 0.0, 0.0
702106, 0.0, 0.0, 94.36700439453125, 0.0, 0.0, -0.116729736328125, 0.0, 0.0, 0.0, 0.0, 0.0, 0.0, 0.0, 0.0, 0.0, 0.0
702116, 0.0, 0.0, 94.36431121826172, 0.0, 0.0, -0.269317626953125, 0.0, 0.0, 0.0, 0.0, 0.0, 0.0, 0.0, 0.0, 0.0, 0.0
702126, 0.0, 0.0, 94.36188507080078, 0.0, 0.0, -0.24261474609375, 0.0, 0.0, 0.0, 0.0, 0.0, 0.0, 0.0, 0.0, 0.0, 0.0
702136, 0.0, 0.0, 94.36134338378906, 0.0, 0.0, -0.054168701171875, 0.0, 0.0, 0.0, 0.0, 0.0, 0.0, 0.0, 0.0, 0.0, 0.0
702146, 0.0, 0.0, 94.36085510253906, 0.0, 0.0, -0.048828125, 0.0, 0.0, 0.0, 0.0, 0.0, 0.0, 0.0, 0.0, 0.0, 0.0
702156, 0.0, 0.0, 94.37572479248047, 0.0, 0.0, 1.486968994140625, 0.0, 0.0, 0.0, 0.0, 0.0, 0.0, 0.0, 0.0, 0.0, 0.0
702166, 0.0, 0.0, 94.38910675048828, 0.0, 0.0, 1.33819580078125, 0.0, 0.0, 0.0, 0.0, 0.0, 0.0, 0.0, 0.0, 0.0, 0.0
702176, 0.0, 0.0, 94.40060424804688, 0.0, 0.0, 1.149749755859375, 0.0, 0.0, 0.0, 0.0, 0.0, 0.0, 0.0, 0.0, 0.0, 0.0
702186, 0.0, 0.0, 94.41095733642578, 0.0, 0.0, 1.035308837890625, 0.0, 0.0, 0.0, 0.0, 0.0, 0.0, 0.0, 0.0, 0.0, 0.0
702196, 0.0, 0.0, 94.4169921875, 0.0, 0.0, 0.603485107421875, 0.0, 0.0, 0.0, 0.0, 0.0, 0.0, 0.0, 0.0, 0.0, 0.0
702206, 0.0, 0.0, 94.42242431640625, 0.0, 0.0, 0.543212890625, 0.0, 0.0, 0.0, 0.0, 0.0, 0.0, 0.0, 0.0, 0.0, 0.0
702216, 0.0, 0.0, 94.4278564453125, 0.0, 0.0, 0.543212890625, 0.0, 0.0, 0.0, 0.0, 0.0, 0.0, 0.0, 0.0, 0.0, 0.0
702226, 0.0, 0.0, 94.43274688720703, 0.0, 0.0, 0.489044189453125, 0.0, 0.0, 0.0, 0.0, 0.0, 0.0, 0.0, 0.0, 0.0, 0.0
702236, 0.0, 0.0, 94.43824005126953, 0.0, 0.0, 0.54931640625, 0.0, 0.0, 0.0, 0.0, 0.0, 0.0, 0.0, 0.0, 0.0, 0.0
702246, 0.0, 0.0, 94.44318389892578, 0.0, 0.0, 0.494384765625, 0.0, 0.0, 0.0, 0.0, 0.0, 0.0, 0.0, 0.0, 0.0, 0.0
702256, 0.0, 0.0, 94.4432601928711, 0.0, 0.0, 0.00762939453125, 0.0, 0.0, 0.0, 0.0, 0.0, 0.0, 0.0, 0.0, 0.0, 0.0
702266, 0.0, 0.0, 94.44332885742188, 0.0, 0.0, 0.006866455078125, 0.0, 0.0, 0.0, 0.0, 0.0, 0.0, 0.0, 0.0, 0.0, 0.0
702276, 0.0, 0.0, 94.43791961669922, 0.0, 0.0, -0.540924072265625, 0.0, 0.0, 0.0, 0.0, 0.0, 0.0, 0.0, 0.0, 0.0, 0.0
702286, 0.0, 0.0, 94.43305206298828, 0.0, 0.0, -0.48675537109375, 0.0, 0.0, 0.0, 0.0, 0.0, 0.0, 0.0, 0.0, 0.0, 0.0
702296, 0.0, 0.0, 94.43250274658203, 0.0, 0.0, -0.054931640625, 0.0, 0.0, 0.0, 0.0, 0.0, 0.0, 0.0, 0.0, 0.0, 0.0
702306, 0.0, 0.0, 94.4320068359375, 0.0, 0.0, -0.049591064453125, 0.0, 0.0, 0.0, 0.0, 0.0, 0.0, 0.0, 0.0, 0.0, 0.0
702316, 0.0, 0.0, 94.42117309570312, 0.0, 0.0, -1.0833740234375, 0.0, 0.0, 0.0, 0.0, 0.0, 0.0, 0.0, 0.0, 0.0, 0.0
702326, 0.0, 0.0, 94.41142272949219, 0.0, 0.0, -0.97503662109375, 0.0, 0.0, 0.0, 0.0, 0.0, 0.0, 0.0, 0.0, 0.0, 0.0
702336, 0.0, 0.0, 94.40592956542969, 0.0, 0.0, -0.54931640625, 0.0, 0.0, 0.0, 0.0, 0.0, 0.0, 0.0, 0.0, 0.0, 0.0
702346, 0.0, 0.0, 94.40098571777344, 0.0, 0.0, -0.494384765625, 0.0, 0.0, 0.0, 0.0, 0.0, 0.0, 0.0, 0.0, 0.0, 0.0
702356, 0.0, 0.0, 94.38668823242188, 0.0, 0.0, -1.42974853515625, 0.0, 0.0, 0.0, 0.0, 0.0, 0.0, 0.0, 0.0, 0.0, 0.0
702366, 0.0, 0.0, 94.37382507324219, 0.0, 0.0, -1.28631591796875, 0.0, 0.0, 0.0, 0.0, 0.0, 0.0, 0.0, 0.0, 0.0, 0.0
702376, 0.0, 0.0, 94.36060333251953, 0.0, 0.0, -1.322174072265625, 0.0, 0.0, 0.0, 0.0, 0.0, 0.0, 0.0, 0.0, 0.0, 0.0
702386, 0.0, 0.0, 94.34870910644531, 0.0, 0.0, -1.189422607421875, 0.0, 0.0, 0.0, 0.0, 0.0, 0.0, 0.0, 0.0, 0.0, 0.0
702396, 0.0, 0.0, 94.35057830810547, 0.0, 0.0, 0.186920166015625, 0.0, 0.0, 0.0, 0.0, 0.0, 0.0, 0.0, 0.0, 0.0, 0.0
702406, 0.0, 0.0, 94.35226440429688, 0.0, 0.0, 0.168609619140625, 0.0, 0.0, 0.0, 0.0, 0.0, 0.0, 0.0, 0.0, 0.0, 0.0
702416, 0.0, 0.0, 94.35487365722656, 0.0, 0.0, 0.26092529296875, 0.0, 0.0, 0.0, 0.0, 0.0, 0.0, 0.0, 0.0, 0.0, 0.0
702426, 0.0, 0.0, 94.35722351074219, 0.0, 0.0, 0.2349853515625, 0.0, 0.0, 0.0, 0.0, 0.0, 0.0, 0.0, 0.0, 0.0, 0.0
702436, 0.0, 0.0, 94.35714721679688, 0.0, 0.0, -0.00762939453125, 0.0, 0.0, 0.0, 0.0, 0.0, 0.0, 0.0, 0.0, 0.0, 0.0
702446, 0.0, 0.0, 94.3570785522461, 0.0, 0.0, -0.006866455078125, 0.0, 0.0, 0.0, 0.0, 0.0, 0.0, 0.0, 0.0, 0.0, 0.0
702456, 0.0, 0.0, 94.36084747314453, 0.0, 0.0, 0.37689208984375, 0.0, 0.0, 0.0, 0.0, 0.0, 0.0, 0.0, 0.0, 0.0, 0.0
702466, 0.0, 0.0, 94.3642349243164, 0.0, 0.0, 0.3387451171875, 0.0, 0.0, 0.0, 0.0, 0.0, 0.0, 0.0, 0.0, 0.0, 0.0
702476, 0.0, 0.0, 94.36673736572266, 0.0, 0.0, 0.250244140625, 0.0, 0.0, 0.0, 0.0, 0.0, 0.0, 0.0, 0.0, 0.0, 0.0
702486, 0.0, 0.0, 94.36898803710938, 0.0, 0.0, 0.225067138671875, 0.0, 0.0, 0.0, 0.0, 0.0, 0.0, 0.0, 0.0, 0.0, 0.0
702496, 0.0, 0.0, 94.37156677246094, 0.0, 0.0, 0.25787353515625, 0.0, 0.0, 0.0, 0.0, 0.0, 0.0, 0.0, 0.0, 0.0, 0.0
702506, 0.0, 0.0, 94.37388610839844, 0.0, 0.0, 0.23193359375, 0.0, 0.0, 0.0, 0.0, 0.0, 0.0, 0.0, 0.0, 0.0, 0.0
702516, 0.0, 0.0, 94.37542724609375, 0.0, 0.0, 0.15411376953125, 0.0, 0.0, 0.0, 0.0, 0.0, 0.0, 0.0, 0.0, 0.0, 0.0
702526, 0.0, 0.0, 94.3768081665039, 0.0, 0.0, 0.138092041015625, 0.0, 0.0, 0.0, 0.0, 0.0, 0.0, 0.0, 0.0, 0.0, 0.0
702536, 0.0, 0.0, 94.37422943115234, 0.0, 0.0, -0.25787353515625, 0.0, 0.0, 0.0, 0.0, 0.0, 0.0, 0.0, 0.0, 0.0, 0.0
702546, 0.0, 0.0, 94.37191009521484, 0.0, 0.0, -0.23193359375, 0.0, 0.0, 0.0, 0.0, 0.0, 0.0, 0.0, 0.0, 0.0, 0.0
702556, 0.0, 0.0, 94.36434936523438, 0.0, 0.0, -0.756072998046875, 0.0, 0.0, 0.0, 0.0, 0.0, 0.0, 0.0, 0.0, 0.0, 0.0
702566, 0.0, 0.0, 94.3575439453125, 0.0, 0.0, -0.6805419921875, 0.0, 0.0, 0.0, 0.0, 0.0, 0.0, 0.0, 0.0, 0.0, 0.0
702576, 0.0, 0.0, 94.35032653808594, 0.0, 0.0, -0.72174072265625, 0.0, 0.0, 0.0, 0.0, 0.0, 0.0, 0.0, 0.0, 0.0, 0.0
702586, 0.0, 0.0, 94.34383392333984, 0.0, 0.0, -0.649261474609375, 0.0, 0.0, 0.0, 0.0, 0.0, 0.0, 0.0, 0.0, 0.0, 0.0
702596, 0.0, 0.0, 94.34127044677734, 0.0, 0.0, -0.25634765625, 0.0, 0.0, 0.0, 0.0, 0.0, 0.0, 0.0, 0.0, 0.0, 0.0
702606, 0.0, 0.0, 94.33895874023438, 0.0, 0.0, -0.231170654296875, 0.0, 0.0, 0.0, 0.0, 0.0, 0.0, 0.0, 0.0, 0.0, 0.0
702616, 0.0, 0.0, 94.33250427246094, 0.0, 0.0, -0.64544677734375, 0.0, 0.0, 0.0, 0.0, 0.0, 0.0, 0.0, 0.0, 0.0, 0.0
702626, 0.0, 0.0, 94.32669830322266, 0.0, 0.0, -0.580596923828125, 0.0, 0.0, 0.0, 0.0, 0.0, 0.0, 0.0, 0.0, 0.0, 0.0
702636, 0.0, 0.0, 94.31710052490234, 0.0, 0.0, -0.95977783203125, 0.0, 0.0, 0.0, 0.0, 0.0, 0.0, 0.0, 0.0, 0.0, 0.0
702646, 0.0, 0.0, 94.30846405029297, 0.0, 0.0, -0.8636474609375, 0.0, 0.0, 0.0, 0.0, 0.0, 0.0, 0.0, 0.0, 0.0, 0.0
702656, 0.0, 0.0, 94.29959106445312, 0.0, 0.0, -0.887298583984375, 0.0, 0.0, 0.0, 0.0, 0.0, 0.0, 0.0, 0.0, 0.0, 0.0
702666, 0.0, 0.0, 94.29161071777344, 0.0, 0.0, -0.79803466796875, 0.0, 0.0, 0.0, 0.0, 0.0, 0.0, 0.0, 0.0, 0.0, 0.0
702676, 0.0, 0.0, 94.29536437988281, 0.0, 0.0, 0.3753662109375, 0.0, 0.0, 0.0, 0.0, 0.0, 0.0, 0.0, 0.0, 0.0, 0.0
702686, 0.0, 0.0, 94.29874420166016, 0.0, 0.0, 0.337982177734375, 0.0, 0.0, 0.0, 0.0, 0.0, 0.0, 0.0, 0.0, 0.0, 0.0
702696, 0.0, 0.0, 94.30397033691406, 0.0, 0.0, 0.522613525390625, 0.0, 0.0, 0.0, 0.0, 0.0, 0.0, 0.0, 0.0, 0.0, 0.0
702706, 0.0, 0.0, 94.30867004394531, 0.0, 0.0, 0.469970703125, 0.0, 0.0, 0.0, 0.0, 0.0, 0.0, 0.0, 0.0, 0.0, 0.0
702716, 0.0, 0.0, 94.31836700439453, 0.0, 0.0, 0.969696044921875, 0.0, 0.0, 0.0, 0.0, 0.0, 0.0, 0.0, 0.0, 0.0, 0.0
702726, 0.0, 0.0, 94.32709503173828, 0.0, 0.0, 0.872802734375, 0.0, 0.0, 0.0, 0.0, 0.0, 0.0, 0.0, 0.0, 0.0, 0.0
702736, 0.0, 0.0, 94.33222198486328, 0.0, 0.0, 0.5126953125, 0.0, 0.0, 0.0, 0.0, 0.0, 0.0, 0.0, 0.0, 0.0, 0.0
702746, 0.0, 0.0, 94.33683776855469, 0.0, 0.0, 0.461578369140625, 0.0, 0.0, 0.0, 0.0, 0.0, 0.0, 0.0, 0.0, 0.0, 0.0
702756, 0.0, 0.0, 94.34426879882812, 0.0, 0.0, 0.74310302734375, 0.0, 0.0, 0.0, 0.0, 0.0, 0.0, 0.0, 0.0, 0.0, 0.0
702766, 0.0, 0.0, 94.35095977783203, 0.0, 0.0, 0.669097900390625, 0.0, 0.0, 0.0, 0.0, 0.0, 0.0, 0.0, 0.0, 0.0, 0.0
702776, 0.0, 0.0, 94.35916900634766, 0.0, 0.0, 0.8209228515625, 0.0, 0.0, 0.0, 0.0, 0.0, 0.0, 0.0, 0.0, 0.0, 0.0
702786, 0.0, 0.0, 94.3665542602539, 0.0, 0.0, 0.738525390625, 0.0, 0.0, 0.0, 0.0, 0.0, 0.0, 0.0, 0.0, 0.0, 0.0
702796, 0.0, 0.0, 94.3671875, 0.0, 0.0, 0.063323974609375, 0.0, 0.0, 0.0, 0.0, 0.0, 0.0, 0.0, 0.0, 0.0, 0.0
702806, 0.0, 0.0, 94.36775207519531, 0.0, 0.0, 0.05645751953125, 0.0, 0.0, 0.0, 0.0, 0.0, 0.0, 0.0, 0.0, 0.0, 0.0
702816, 0.0, 0.0, 94.36990356445312, 0.0, 0.0, 0.21514892578125, 0.0, 0.0, 0.0, 0.0, 0.0, 0.0, 0.0, 0.0, 0.0, 0.0
702826, 0.0, 0.0, 94.37184143066406, 0.0, 0.0, 0.19378662109375, 0.0, 0.0, 0.0, 0.0, 0.0, 0.0, 0.0, 0.0, 0.0, 0.0
702836, 0.0, 0.0, 94.37358093261719, 0.0, 0.0, 0.1739501953125, 0.0, 0.0, 0.0, 0.0, 0.0, 0.0, 0.0, 0.0, 0.0, 0.0
702846, 0.0, 0.0, 94.37515258789062, 0.0, 0.0, 0.15716552734375, 0.0, 0.0, 0.0, 0.0, 0.0, 0.0, 0.0, 0.0, 0.0, 0.0
702856, 0.0, 0.0, 94.36945343017578, 0.0, 0.0, -0.569915771484375, 0.0, 0.0, 0.0, 0.0, 0.0, 0.0, 0.0, 0.0, 0.0, 0.0
702866, 0.0, 0.0, 94.36432647705078, 0.0, 0.0, -0.5126953125, 0.0, 0.0, 0.0, 0.0, 0.0, 0.0, 0.0, 0.0, 0.0, 0.0
702876, 0.0, 0.0, 94.3668212890625, 0.0, 0.0, 0.249481201171875, 0.0, 0.0, 0.0, 0.0, 0.0, 0.0, 0.0, 0.0, 0.0, 0.0
702886, 0.0, 0.0, 94.36906433105469, 0.0, 0.0, 0.22430419921875, 0.0, 0.0, 0.0, 0.0, 0.0, 0.0, 0.0, 0.0, 0.0, 0.0
702896, 0.0, 0.0, 94.37873840332031, 0.0, 0.0, 0.9674072265625, 0.0, 0.0, 0.0, 0.0, 0.0, 0.0, 0.0, 0.0, 0.0, 0.0
702906, 0.0, 0.0, 94.38744354248047, 0.0, 0.0, 0.870513916015625, 0.0, 0.0, 0.0, 0.0, 0.0, 0.0, 0.0, 0.0, 0.0, 0.0
702916, 0.0, 0.0, 94.40238952636719, 0.0, 0.0, 1.494598388671875, 0.0, 0.0, 0.0, 0.0, 0.0, 0.0, 0.0, 0.0, 0.0, 0.0
702926, 0.0, 0.0, 94.41584014892578, 0.0, 0.0, 1.345062255859375, 0.0, 0.0, 0.0, 0.0, 0.0, 0.0, 0.0, 0.0, 0.0, 0.0
702936, 0.0, 0.0, 94.42521667480469, 0.0, 0.0, 0.937652587890625, 0.0, 0.0, 0.0, 0.0, 0.0, 0.0, 0.0, 0.0, 0.0, 0.0
702946, 0.0, 0.0, 94.43365478515625, 0.0, 0.0, 0.84381103515625, 0.0, 0.0, 0.0, 0.0, 0.0, 0.0, 0.0, 0.0, 0.0, 0.0
702956, 0.0, 0.0, 94.42757415771484, 0.0, 0.0, -0.608062744140625, 0.0, 0.0, 0.0, 0.0, 0.0, 0.0, 0.0, 0.0, 0.0, 0.0
702966, 0.0, 0.0, 94.42210388183594, 0.0, 0.0, -0.547027587890625, 0.0, 0.0, 0.0, 0.0, 0.0, 0.0, 0.0, 0.0, 0.0, 0.0
702976, 0.0, 0.0, 94.42155456542969, 0.0, 0.0, -0.054931640625, 0.0, 0.0, 0.0, 0.0, 0.0, 0.0, 0.0, 0.0, 0.0, 0.0
702986, 0.0, 0.0, 94.42105865478516, 0.0, 0.0, -0.049591064453125, 0.0, 0.0, 0.0, 0.0, 0.0, 0.0, 0.0, 0.0, 0.0, 0.0
702996, 0.0, 0.0, 94.42662811279297, 0.0, 0.0, 0.55694580078125, 0.0, 0.0, 0.0, 0.0, 0.0, 0.0, 0.0, 0.0, 0.0, 0.0
703006, 0.0, 0.0, 94.431640625, 0.0, 0.0, 0.501251220703125, 0.0, 0.0, 0.0, 0.0, 0.0, 0.0, 0.0, 0.0, 0.0, 0.0
703016, 0.0, 0.0, 94.43943786621094, 0.0, 0.0, 0.77972412109375, 0.0, 0.0, 0.0, 0.0, 0.0, 0.0, 0.0, 0.0, 0.0, 0.0
703026, 0.0, 0.0, 94.44644927978516, 0.0, 0.0, 0.701141357421875, 0.0, 0.0, 0.0, 0.0, 0.0, 0.0, 0.0, 0.0, 0.0, 0.0
703036, 0.0, 0.0, 94.45057678222656, 0.0, 0.0, 0.412750244140625, 0.0, 0.0, 0.0, 0.0, 0.0, 0.0, 0.0, 0.0, 0.0, 0.0
703046, 0.0, 0.0, 94.45429229736328, 0.0, 0.0, 0.371551513671875, 0.0, 0.0, 0.0, 0.0, 0.0, 0.0, 0.0, 0.0, 0.0, 0.0
703056, 0.0, 0.0, 94.45216369628906, 0.0, 0.0, -0.212860107421875, 0.0, 0.0, 0.0, 0.0, 0.0, 0.0, 0.0, 0.0, 0.0, 0.0
703066, 0.0, 0.0, 94.45024871826172, 0.0, 0.0, -0.191497802734375, 0.0, 0.0, 0.0, 0.0, 0.0, 0.0, 0.0, 0.0, 0.0, 0.0
703076, 0.0, 0.0, 94.44688415527344, 0.0, 0.0, -0.336456298828125, 0.0, 0.0, 0.0, 0.0, 0.0, 0.0, 0.0, 0.0, 0.0, 0.0
703086, 0.0, 0.0, 94.44385528564453, 0.0, 0.0, -0.302886962890625, 0.0, 0.0, 0.0, 0.0, 0.0, 0.0, 0.0, 0.0, 0.0, 0.0
703096, 0.0, 0.0, 94.44496154785156, 0.0, 0.0, 0.110626220703125, 0.0, 0.0, 0.0, 0.0, 0.0, 0.0, 0.0, 0.0, 0.0, 0.0
703106, 0.0, 0.0, 94.44595336914062, 0.0, 0.0, 0.09918212890625, 0.0, 0.0, 0.0, 0.0, 0.0, 0.0, 0.0, 0.0, 0.0, 0.0
703116, 0.0, 0.0, 94.44629669189453, 0.0, 0.0, 0.034332275390625, 0.0, 0.0, 0.0, 0.0, 0.0, 0.0, 0.0, 0.0, 0.0, 0.0
703126, 0.0, 0.0, 94.44660949707031, 0.0, 0.0, 0.031280517578125, 0.0, 0.0, 0.0, 0.0, 0.0, 0.0, 0.0, 0.0, 0.0, 0.0
703136, 0.0, 0.0, 94.44525146484375, 0.0, 0.0, -0.13580322265625, 0.0, 0.0, 0.0, 0.0, 0.0, 0.0, 0.0, 0.0, 0.0, 0.0
703146, 0.0, 0.0, 94.44403076171875, 0.0, 0.0, -0.1220703125, 0.0, 0.0, 0.0, 0.0, 0.0, 0.0, 0.0, 0.0, 0.0, 0.0
703156, 0.0, 0.0, 94.44511413574219, 0.0, 0.0, 0.10833740234375, 0.0, 0.0, 0.0, 0.0, 0.0, 0.0, 0.0, 0.0, 0.0, 0.0
703166, 0.0, 0.0, 94.44609069824219, 0.0, 0.0, 0.09765625, 0.0, 0.0, 0.0, 0.0, 0.0, 0.0, 0.0, 0.0, 0.0, 0.0
703176, 0.0, 0.0, 94.43603515625, 0.0, 0.0, -1.00555419921875, 0.0, 0.0, 0.0, 0.0, 0.0, 0.0, 0.0, 0.0, 0.0, 0.0
703186, 0.0, 0.0, 94.42698669433594, 0.0, 0.0, -0.90484619140625, 0.0, 0.0, 0.0, 0.0, 0.0, 0.0, 0.0, 0.0, 0.0, 0.0
703196, 0.0, 0.0, 94.42102813720703, 0.0, 0.0, -0.595855712890625, 0.0, 0.0, 0.0, 0.0, 0.0, 0.0, 0.0, 0.0, 0.0, 0.0
703206, 0.0, 0.0, 94.41566467285156, 0.0, 0.0, -0.536346435546875, 0.0, 0.0, 0.0, 0.0, 0.0, 0.0, 0.0, 0.0, 0.0, 0.0
703216, 0.0, 0.0, 94.40919494628906, 0.0, 0.0, -0.64697265625, 0.0, 0.0, 0.0, 0.0, 0.0, 0.0, 0.0, 0.0, 0.0, 0.0
703226, 0.0, 0.0, 94.40337371826172, 0.0, 0.0, -0.582122802734375, 0.0, 0.0, 0.0, 0.0, 0.0, 0.0, 0.0, 0.0, 0.0, 0.0
703236, 0.0, 0.0, 94.38938903808594, 0.0, 0.0, -1.398468017578125, 0.0, 0.0, 0.0, 0.0, 0.0, 0.0, 0.0, 0.0, 0.0, 0.0
703246, 0.0, 0.0, 94.37680053710938, 0.0, 0.0, -1.25885009765625, 0.0, 0.0, 0.0, 0.0, 0.0, 0.0, 0.0, 0.0, 0.0, 0.0
703256, 0.0, 0.0, 94.36766052246094, 0.0, 0.0, -0.91400146484375, 0.0, 0.0, 0.0, 0.0, 0.0, 0.0, 0.0, 0.0, 0.0, 0.0
703266, 0.0, 0.0, 94.35943603515625, 0.0, 0.0, -0.82244873046875, 0.0, 0.0, 0.0, 0.0, 0.0, 0.0, 0.0, 0.0, 0.0, 0.0
703276, 0.0, 0.0, 94.36241912841797, 0.0, 0.0, 0.298309326171875, 0.0, 0.0, 0.0, 0.0, 0.0, 0.0, 0.0, 0.0, 0.0, 0.0
703286, 0.0, 0.0, 94.36510467529297, 0.0, 0.0, 0.2685546875, 0.0, 0.0, 0.0, 0.0, 0.0, 0.0, 0.0, 0.0, 0.0, 0.0
703296, 0.0, 0.0, 94.36424255371094, 0.0, 0.0, -0.086212158203125, 0.0, 0.0, 0.0, 0.0, 0.0, 0.0, 0.0, 0.0, 0.0, 0.0
703306, 0.0, 0.0, 94.36346435546875, 0.0, 0.0, -0.07781982421875, 0.0, 0.0, 0.0, 0.0, 0.0, 0.0, 0.0, 0.0, 0.0, 0.0
703316, 0.0, 0.0, 94.356201171875, 0.0, 0.0, -0.726318359375, 0.0, 0.0, 0.0, 0.0, 0.0, 0.0, 0.0, 0.0, 0.0, 0.0
703326, 0.0, 0.0, 94.34966278076172, 0.0, 0.0, -0.653839111328125, 0.0, 0.0, 0.0, 0.0, 0.0, 0.0, 0.0, 0.0, 0.0, 0.0
703336, 0.0, 0.0, 94.34159851074219, 0.0, 0.0, -0.806427001953125, 0.0, 0.0, 0.0, 0.0, 0.0, 0.0, 0.0, 0.0, 0.0, 0.0
703346, 0.0, 0.0, 94.33433532714844, 0.0, 0.0, -0.726318359375, 0.0, 0.0, 0.0, 0.0, 0.0, 0.0, 0.0, 0.0, 0.0, 0.0
703356, 0.0, 0.0, 94.33162689208984, 0.0, 0.0, -0.270843505859375, 0.0, 0.0, 0.0, 0.0, 0.0, 0.0, 0.0, 0.0, 0.0, 0.0
703366, 0.0, 0.0, 94.32919311523438, 0.0, 0.0, -0.243377685546875, 0.0, 0.0, 0.0, 0.0, 0.0, 0.0, 0.0, 0.0, 0.0, 0.0
703376, 0.0, 0.0, 94.32699584960938, 0.0, 0.0, -0.2197265625, 0.0, 0.0, 0.0, 0.0, 0.0, 0.0, 0.0, 0.0, 0.0, 0.0
703386, 0.0, 0.0, 94.32501983642578, 0.0, 0.0, -0.197601318359375, 0.0, 0.0, 0.0, 0.0, 0.0, 0.0, 0.0, 0.0, 0.0, 0.0
703396, 0.0, 0.0, 94.33582305908203, 0.0, 0.0, 1.080322265625, 0.0, 0.0, 0.0, 0.0, 0.0, 0.0, 0.0, 0.0, 0.0, 0.0
703406, 0.0, 0.0, 94.34554290771484, 0.0, 0.0, 0.97198486328125, 0.0, 0.0, 0.0, 0.0, 0.0, 0.0, 0.0, 0.0, 0.0, 0.0
703416, 0.0, 0.0, 94.34554290771484, 0.0, 0.0, 0.0, 0.0, 0.0, 0.0, 0.0, 0.0, 0.0, 0.0, 0.0, 0.0, 0.0
703426, 0.0, 0.0, 94.34554290771484, 0.0, 0.0, 0.0, 0.0, 0.0, 0.0, 0.0, 0.0, 0.0, 0.0, 0.0, 0.0, 0.0
703436, 0.0, 0.0, 94.34882354736328, 0.0, 0.0, 0.32806396484375, 0.0, 0.0, 0.0, 0.0, 0.0, 0.0, 0.0, 0.0, 0.0, 0.0
703446, 0.0, 0.0, 94.35177612304688, 0.0, 0.0, 0.295257568359375, 0.0, 0.0, 0.0, 0.0, 0.0, 0.0, 0.0, 0.0, 0.0, 0.0
703456, 0.0, 0.0, 94.35716247558594, 0.0, 0.0, 0.53863525390625, 0.0, 0.0, 0.0, 0.0, 0.0, 0.0, 0.0, 0.0, 0.0, 0.0
703466, 0.0, 0.0, 94.36201477050781, 0.0, 0.0, 0.4852294921875, 0.0, 0.0, 0.0, 0.0, 0.0, 0.0, 0.0, 0.0, 0.0, 0.0
703476, 0.0, 0.0, 94.35271453857422, 0.0, 0.0, -0.930023193359375, 0.0, 0.0, 0.0, 0.0, 0.0, 0.0, 0.0, 0.0, 0.0, 0.0
703486, 0.0, 0.0, 94.34434509277344, 0.0, 0.0, -0.836944580078125, 0.0, 0.0, 0.0, 0.0, 0.0, 0.0, 0.0, 0.0, 0.0, 0.0
703496, 0.0, 0.0, 94.3318862915039, 0.0, 0.0, -1.245880126953125, 0.0, 0.0, 0.0, 0.0, 0.0, 0.0, 0.0, 0.0, 0.0, 0.0
703506, 0.0, 0.0, 94.32067108154297, 0.0, 0.0, -1.12152099609375, 0.0, 0.0, 0.0, 0.0, 0.0, 0.0, 0.0, 0.0, 0.0, 0.0
703516, 0.0, 0.0, 94.31221771240234, 0.0, 0.0, -0.8453369140625, 0.0, 0.0, 0.0, 0.0, 0.0, 0.0, 0.0, 0.0, 0.0, 0.0
703526, 0.0, 0.0, 94.30461120605469, 0.0, 0.0, -0.760650634765625, 0.0, 0.0, 0.0, 0.0, 0.0, 0.0, 0.0, 0.0, 0.0, 0.0
703536, 0.0, 0.0, 94.2928466796875, 0.0, 0.0, -1.17645263671875, 0.0, 0.0, 0.0, 0.0, 0.0, 0.0, 0.0, 0.0, 0.0, 0.0
703546, 0.0, 0.0, 94.28225708007812, 0.0, 0.0, -1.0589599609375, 0.0, 0.0, 0.0, 0.0, 0.0, 0.0, 0.0, 0.0, 0.0, 0.0
703556, 0.0, 0.0, 94.277099609375, 0.0, 0.0, -0.5157470703125, 0.0, 0.0, 0.0, 0.0, 0.0, 0.0, 0.0, 0.0, 0.0, 0.0
703566, 0.0, 0.0, 94.2724609375, 0.0, 0.0, -0.4638671875, 0.0, 0.0, 0.0, 0.0, 0.0, 0.0, 0.0, 0.0, 0.0, 0.0
703576, 0.0, 0.0, 94.27758026123047, 0.0, 0.0, 0.511932373046875, 0.0, 0.0, 0.0, 0.0, 0.0, 0.0, 0.0, 0.0, 0.0, 0.0
703586, 0.0, 0.0, 94.28218841552734, 0.0, 0.0, 0.4608154296875, 0.0, 0.0, 0.0, 0.0, 0.0, 0.0, 0.0, 0.0, 0.0, 0.0
703596, 0.0, 0.0, 94.29290008544922, 0.0, 0.0, 1.0711669921875, 0.0, 0.0, 0.0, 0.0, 0.0, 0.0, 0.0, 0.0, 0.0, 0.0
703606, 0.0, 0.0, 94.30253601074219, 0.0, 0.0, 0.963592529296875, 0.0, 0.0, 0.0, 0.0, 0.0, 0.0, 0.0, 0.0, 0.0, 0.0
703616, 0.0, 0.0, 94.31832122802734, 0.0, 0.0, 1.578521728515625, 0.0, 0.0, 0.0, 0.0, 0.0, 0.0, 0.0, 0.0, 0.0, 0.0
703626, 0.0, 0.0, 94.33252716064453, 0.0, 0.0, 1.42059326171875, 0.0, 0.0, 0.0, 0.0, 0.0, 0.0, 0.0, 0.0, 0.0, 0.0
703636, 0.0, 0.0, 94.34749603271484, 0.0, 0.0, 1.49688720703125, 0.0, 0.0, 0.0, 0.0, 0.0, 0.0, 0.0, 0.0, 0.0, 0.0
703646, 0.0, 0.0, 94.36096954345703, 0.0, 0.0, 1.34735107421875, 0.0, 0.0, 0.0, 0.0, 0.0, 0.0, 0.0, 0.0, 0.0, 0.0
703656, 0.0, 0.0, 94.3621597290039, 0.0, 0.0, 0.1190185546875, 0.0, 0.0, 0.0, 0.0, 0.0, 0.0, 0.0, 0.0, 0.0, 0.0
703666, 0.0, 0.0, 94.36322784423828, 0.0, 0.0, 0.1068115234375, 0.0, 0.0, 0.0, 0.0, 0.0, 0.0, 0.0, 0.0, 0.0, 0.0
703676, 0.0, 0.0, 94.36145782470703, 0.0, 0.0, -0.177001953125, 0.0, 0.0, 0.0, 0.0, 0.0, 0.0, 0.0, 0.0, 0.0, 0.0
703686, 0.0, 0.0, 94.35986328125, 0.0, 0.0, -0.159454345703125, 0.0, 0.0, 0.0, 0.0, 0.0, 0.0, 0.0, 0.0, 0.0, 0.0
703696, 0.0, 0.0, 94.36444091796875, 0.0, 0.0, 0.457763671875, 0.0, 0.0, 0.0, 0.0, 0.0, 0.0, 0.0, 0.0, 0.0, 0.0
703706, 0.0, 0.0, 94.36856079101562, 0.0, 0.0, 0.4119873046875, 0.0, 0.0, 0.0, 0.0, 0.0, 0.0, 0.0, 0.0, 0.0, 0.0
703716, 0.0, 0.0, 94.37445831298828, 0.0, 0.0, 0.589752197265625, 0.0, 0.0, 0.0, 0.0, 0.0, 0.0, 0.0, 0.0, 0.0, 0.0
703726, 0.0, 0.0, 94.37976837158203, 0.0, 0.0, 0.531005859375, 0.0, 0.0, 0.0, 0.0, 0.0, 0.0, 0.0, 0.0, 0.0, 0.0
703736, 0.0, 0.0, 94.38782501220703, 0.0, 0.0, 0.8056640625, 0.0, 0.0, 0.0, 0.0, 0.0, 0.0, 0.0, 0.0, 0.0, 0.0
703746, 0.0, 0.0, 94.39508056640625, 0.0, 0.0, 0.725555419921875, 0.0, 0.0, 0.0, 0.0, 0.0, 0.0, 0.0, 0.0, 0.0, 0.0
703756, 0.0, 0.0, 94.401611328125, 0.0, 0.0, 0.653076171875, 0.0, 0.0, 0.0, 0.0, 0.0, 0.0, 0.0, 0.0, 0.0, 0.0
703766, 0.0, 0.0, 94.40748596191406, 0.0, 0.0, 0.58746337890625, 0.0, 0.0, 0.0, 0.0, 0.0, 0.0, 0.0, 0.0, 0.0, 0.0
703776, 0.0, 0.0, 94.4111328125, 0.0, 0.0, 0.36468505859375, 0.0, 0.0, 0.0, 0.0, 0.0, 0.0, 0.0, 0.0, 0.0, 0.0
703786, 0.0, 0.0, 94.41441345214844, 0.0, 0.0, 0.32806396484375, 0.0, 0.0, 0.0, 0.0, 0.0, 0.0, 0.0, 0.0, 0.0, 0.0
703796, 0.0, 0.0, 94.40971374511719, 0.0, 0.0, -0.469970703125, 0.0, 0.0, 0.0, 0.0, 0.0, 0.0, 0.0, 0.0, 0.0, 0.0
703806, 0.0, 0.0, 94.40547943115234, 0.0, 0.0, -0.423431396484375, 0.0, 0.0, 0.0, 0.0, 0.0, 0.0, 0.0, 0.0, 0.0, 0.0
703816, 0.0, 0.0, 94.39948272705078, 0.0, 0.0, -0.59967041015625, 0.0, 0.0, 0.0, 0.0, 0.0, 0.0, 0.0, 0.0, 0.0, 0.0
703826, 0.0, 0.0, 94.39408874511719, 0.0, 0.0, -0.539398193359375, 0.0, 0.0, 0.0, 0.0, 0.0, 0.0, 0.0, 0.0, 0.0, 0.0
703836, 0.0, 0.0, 94.39141845703125, 0.0, 0.0, -0.26702880859375, 0.0, 0.0, 0.0, 0.0, 0.0, 0.0, 0.0, 0.0, 0.0, 0.0
703846, 0.0, 0.0, 94.3890151977539, 0.0, 0.0, -0.240325927734375, 0.0, 0.0, 0.0, 0.0, 0.0, 0.0, 0.0, 0.0, 0.0, 0.0
703856, 0.0, 0.0, 94.38138580322266, 0.0, 0.0, -0.762939453125, 0.0, 0.0, 0.0, 0.0, 0.0, 0.0, 0.0, 0.0, 0.0, 0.0
703866, 0.0, 0.0, 94.37451934814453, 0.0, 0.0, -0.6866455078125, 0.0, 0.0, 0.0, 0.0, 0.0, 0.0, 0.0, 0.0, 0.0, 0.0
703876, 0.0, 0.0, 94.36888885498047, 0.0, 0.0, -0.56304931640625, 0.0, 0.0, 0.0, 0.0, 0.0, 0.0, 0.0, 0.0, 0.0, 0.0
703886, 0.0, 0.0, 94.36381530761719, 0.0, 0.0, -0.507354736328125, 0.0, 0.0, 0.0, 0.0, 0.0, 0.0, 0.0, 0.0, 0.0, 0.0
703896, 0.0, 0.0, 94.35761260986328, 0.0, 0.0, -0.620269775390625, 0.0, 0.0, 0.0, 0.0, 0.0, 0.0, 0.0, 0.0, 0.0, 0.0
703906, 0.0, 0.0, 94.3520278930664, 0.0, 0.0, -0.5584716796875, 0.0, 0.0, 0.0, 0.0, 0.0, 0.0, 0.0, 0.0, 0.0, 0.0
703916, 0.0, 0.0, 94.34754943847656, 0.0, 0.0, -0.447845458984375, 0.0, 0.0, 0.0, 0.0, 0.0, 0.0, 0.0, 0.0, 0.0, 0.0
703926, 0.0, 0.0, 94.34352111816406, 0.0, 0.0, -0.40283203125, 0.0, 0.0, 0.0, 0.0, 0.0, 0.0, 0.0, 0.0, 0.0, 0.0
703936, 0.0, 0.0, 94.33879852294922, 0.0, 0.0, -0.472259521484375, 0.0, 0.0, 0.0, 0.0, 0.0, 0.0, 0.0, 0.0, 0.0, 0.0
703946, 0.0, 0.0, 94.33454895019531, 0.0, 0.0, -0.424957275390625, 0.0, 0.0, 0.0, 0.0, 0.0, 0.0, 0.0, 0.0, 0.0, 0.0
703956, 0.0, 0.0, 94.33619689941406, 0.0, 0.0, 0.164794921875, 0.0, 0.0, 0.0, 0.0, 0.0, 0.0, 0.0, 0.0, 0.0, 0.0
703966, 0.0, 0.0, 94.33767700195312, 0.0, 0.0, 0.14801025390625, 0.0, 0.0, 0.0, 0.0, 0.0, 0.0, 0.0, 0.0, 0.0, 0.0
703976, 0.0, 0.0, 94.33573150634766, 0.0, 0.0, -0.194549560546875, 0.0, 0.0, 0.0, 0.0, 0.0, 0.0, 0.0, 0.0, 0.0, 0.0
703986, 0.0, 0.0, 94.33397674560547, 0.0, 0.0, -0.17547607421875, 0.0, 0.0, 0.0, 0.0, 0.0, 0.0, 0.0, 0.0, 0.0, 0.0
703996, 0.0, 0.0, 94.34497833251953, 0.0, 0.0, 1.10015869140625, 0.0, 0.0, 0.0, 0.0, 0.0, 0.0, 0.0, 0.0, 0.0, 0.0
704006, 0.0, 0.0, 94.35487365722656, 0.0, 0.0, 0.989532470703125, 0.0, 0.0, 0.0, 0.0, 0.0, 0.0, 0.0, 0.0, 0.0, 0.0
704016, 0.0, 0.0, 94.35612487792969, 0.0, 0.0, 0.1251220703125, 0.0, 0.0, 0.0, 0.0, 0.0, 0.0, 0.0, 0.0, 0.0, 0.0
704026, 0.0, 0.0, 94.35725402832031, 0.0, 0.0, 0.1129150390625, 0.0, 0.0, 0.0, 0.0, 0.0, 0.0, 0.0, 0.0, 0.0, 0.0
704036, 0.0, 0.0, 94.3560791015625, 0.0, 0.0, -0.11749267578125, 0.0, 0.0, 0.0, 0.0, 0.0, 0.0, 0.0, 0.0, 0.0, 0.0
704046, 0.0, 0.0, 94.35502624511719, 0.0, 0.0, -0.10528564453125, 0.0, 0.0, 0.0, 0.0, 0.0, 0.0, 0.0, 0.0, 0.0, 0.0
704056, 0.0, 0.0, 94.35790252685547, 0.0, 0.0, 0.287628173828125, 0.0, 0.0, 0.0, 0.0, 0.0, 0.0, 0.0, 0.0, 0.0, 0.0
704066, 0.0, 0.0, 94.3604965209961, 0.0, 0.0, 0.2593994140625, 0.0, 0.0, 0.0, 0.0, 0.0, 0.0, 0.0, 0.0, 0.0, 0.0
704076, 0.0, 0.0, 94.3568115234375, 0.0, 0.0, -0.368499755859375, 0.0, 0.0, 0.0, 0.0, 0.0, 0.0, 0.0, 0.0, 0.0, 0.0
704086, 0.0, 0.0, 94.3534927368164, 0.0, 0.0, -0.331878662109375, 0.0, 0.0, 0.0, 0.0, 0.0, 0.0, 0.0, 0.0, 0.0, 0.0
704096, 0.0, 0.0, 94.3466796875, 0.0, 0.0, -0.681304931640625, 0.0, 0.0, 0.0, 0.0, 0.0, 0.0, 0.0, 0.0, 0.0, 0.0
704106, 0.0, 0.0, 94.3405532836914, 0.0, 0.0, -0.612640380859375, 0.0, 0.0, 0.0, 0.0, 0.0, 0.0, 0.0, 0.0, 0.0, 0.0
704116, 0.0, 0.0, 94.33065795898438, 0.0, 0.0, -0.989532470703125, 0.0, 0.0, 0.0, 0.0, 0.0, 0.0, 0.0, 0.0, 0.0, 0.0
704126, 0.0, 0.0, 94.3217544555664, 0.0, 0.0, -0.890350341796875, 0.0, 0.0, 0.0, 0.0, 0.0, 0.0, 0.0, 0.0, 0.0, 0.0
704136, 0.0, 0.0, 94.32249450683594, 0.0, 0.0, 0.074005126953125, 0.0, 0.0, 0.0, 0.0, 0.0, 0.0, 0.0, 0.0, 0.0, 0.0
704146, 0.0, 0.0, 94.32315826416016, 0.0, 0.0, 0.066375732421875, 0.0, 0.0, 0.0, 0.0, 0.0, 0.0, 0.0, 0.0, 0.0, 0.0
704156, 0.0, 0.0, 94.3237533569336, 0.0, 0.0, 0.05950927734375, 0.0, 0.0, 0.0, 0.0, 0.0, 0.0, 0.0, 0.0, 0.0, 0.0
704166, 0.0, 0.0, 94.32428741455078, 0.0, 0.0, 0.05340576171875, 0.0, 0.0, 0.0, 0.0, 0.0, 0.0, 0.0, 0.0, 0.0, 0.0
704176, 0.0, 0.0, 94.32039642333984, 0.0, 0.0, -0.38909912109375, 0.0, 0.0, 0.0, 0.0, 0.0, 0.0, 0.0, 0.0, 0.0, 0.0
704186, 0.0, 0.0, 94.31689453125, 0.0, 0.0, -0.350189208984375, 0.0, 0.0, 0.0, 0.0, 0.0, 0.0, 0.0, 0.0, 0.0, 0.0
704196, 0.0, 0.0, 94.31702423095703, 0.0, 0.0, 0.012969970703125, 0.0, 0.0, 0.0, 0.0, 0.0, 0.0, 0.0, 0.0, 0.0, 0.0
704206, 0.0, 0.0, 94.317138671875, 0.0, 0.0, 0.011444091796875, 0.0, 0.0, 0.0, 0.0, 0.0, 0.0, 0.0, 0.0, 0.0, 0.0
704216, 0.0, 0.0, 94.32544708251953, 0.0, 0.0, 0.830841064453125, 0.0, 0.0, 0.0, 0.0, 0.0, 0.0, 0.0, 0.0, 0.0, 0.0
704226, 0.0, 0.0, 94.33292388916016, 0.0, 0.0, 0.7476806640625, 0.0, 0.0, 0.0, 0.0, 0.0, 0.0, 0.0, 0.0, 0.0, 0.0
704236, 0.0, 0.0, 94.34020233154297, 0.0, 0.0, 0.72784423828125, 0.0, 0.0, 0.0, 0.0, 0.0, 0.0, 0.0, 0.0, 0.0, 0.0
704246, 0.0, 0.0, 94.34674835205078, 0.0, 0.0, 0.65460205078125, 0.0, 0.0, 0.0, 0.0, 0.0, 0.0, 0.0, 0.0, 0.0, 0.0
704256, 0.0, 0.0, 94.34607696533203, 0.0, 0.0, -0.067138671875, 0.0, 0.0, 0.0, 0.0, 0.0, 0.0, 0.0, 0.0, 0.0, 0.0
704266, 0.0, 0.0, 94.34547424316406, 0.0, 0.0, -0.060272216796875, 0.0, 0.0, 0.0, 0.0, 0.0, 0.0, 0.0, 0.0, 0.0, 0.0
704276, 0.0, 0.0, 94.34110260009766, 0.0, 0.0, -0.437164306640625, 0.0, 0.0, 0.0, 0.0, 0.0, 0.0, 0.0, 0.0, 0.0, 0.0
704286, 0.0, 0.0, 94.33717346191406, 0.0, 0.0, -0.392913818359375, 0.0, 0.0, 0.0, 0.0, 0.0, 0.0, 0.0, 0.0, 0.0, 0.0
704296, 0.0, 0.0, 94.33746337890625, 0.0, 0.0, 0.02899169921875, 0.0, 0.0, 0.0, 0.0, 0.0, 0.0, 0.0, 0.0, 0.0, 0.0
704306, 0.0, 0.0, 94.33772277832031, 0.0, 0.0, 0.02593994140625, 0.0, 0.0, 0.0, 0.0, 0.0, 0.0, 0.0, 0.0, 0.0, 0.0
704316, 0.0, 0.0, 94.33522033691406, 0.0, 0.0, -0.250244140625, 0.0, 0.0, 0.0, 0.0, 0.0, 0.0, 0.0, 0.0, 0.0, 0.0
704326, 0.0, 0.0, 94.33296966552734, 0.0, 0.0, -0.225067138671875, 0.0, 0.0, 0.0, 0.0, 0.0, 0.0, 0.0, 0.0, 0.0, 0.0
704336, 0.0, 0.0, 94.33039855957031, 0.0, 0.0, -0.257110595703125, 0.0, 0.0, 0.0, 0.0, 0.0, 0.0, 0.0, 0.0, 0.0, 0.0
704346, 0.0, 0.0, 94.32808685302734, 0.0, 0.0, -0.231170654296875, 0.0, 0.0, 0.0, 0.0, 0.0, 0.0, 0.0, 0.0, 0.0, 0.0
704356, 0.0, 0.0, 94.32655334472656, 0.0, 0.0, -0.153350830078125, 0.0, 0.0, 0.0, 0.0, 0.0, 0.0, 0.0, 0.0, 0.0, 0.0
704366, 0.0, 0.0, 94.3251724243164, 0.0, 0.0, -0.138092041015625, 0.0, 0.0, 0.0, 0.0, 0.0, 0.0, 0.0, 0.0, 0.0, 0.0
704376, 0.0, 0.0, 94.3140869140625, 0.0, 0.0, -1.108551025390625, 0.0, 0.0, 0.0, 0.0, 0.0, 0.0, 0.0, 0.0, 0.0, 0.0
704386, 0.0, 0.0, 94.30410766601562, 0.0, 0.0, -0.9979248046875, 0.0, 0.0, 0.0, 0.0, 0.0, 0.0, 0.0, 0.0, 0.0, 0.0
704396, 0.0, 0.0, 94.29949951171875, 0.0, 0.0, -0.4608154296875, 0.0, 0.0, 0.0, 0.0, 0.0, 0.0, 0.0, 0.0, 0.0, 0.0
704406, 0.0, 0.0, 94.29535675048828, 0.0, 0.0, -0.414276123046875, 0.0, 0.0, 0.0, 0.0, 0.0, 0.0, 0.0, 0.0, 0.0, 0.0
704416, 0.0, 0.0, 94.28889465332031, 0.0, 0.0, -0.646209716796875, 0.0, 0.0, 0.0, 0.0, 0.0, 0.0, 0.0, 0.0, 0.0, 0.0
704426, 0.0, 0.0, 94.28307342529297, 0.0, 0.0, -0.582122802734375, 0.0, 0.0, 0.0, 0.0, 0.0, 0.0, 0.0, 0.0, 0.0, 0.0
704436, 0.0, 0.0, 94.28221130371094, 0.0, 0.0, -0.086212158203125, 0.0, 0.0, 0.0, 0.0, 0.0, 0.0, 0.0, 0.0, 0.0, 0.0
704446, 0.0, 0.0, 94.28143310546875, 0.0, 0.0, -0.07781982421875, 0.0, 0.0, 0.0, 0.0, 0.0, 0.0, 0.0, 0.0, 0.0, 0.0
704456, 0.0, 0.0, 94.287841796875, 0.0, 0.0, 0.640869140625, 0.0, 0.0, 0.0, 0.0, 0.0, 0.0, 0.0, 0.0, 0.0, 0.0
704466, 0.0, 0.0, 94.29360961914062, 0.0, 0.0, 0.5767822265625, 0.0, 0.0, 0.0, 0.0, 0.0, 0.0, 0.0, 0.0, 0.0, 0.0
704476, 0.0, 0.0, 94.2988052368164, 0.0, 0.0, 0.519561767578125, 0.0, 0.0, 0.0, 0.0, 0.0, 0.0, 0.0, 0.0, 0.0, 0.0
704486, 0.0, 0.0, 94.30347442626953, 0.0, 0.0, 0.4669189453125, 0.0, 0.0, 0.0, 0.0, 0.0, 0.0, 0.0, 0.0, 0.0, 0.0
704496, 0.0, 0.0, 94.31861877441406, 0.0, 0.0, 1.514434814453125, 0.0, 0.0, 0.0, 0.0, 0.0, 0.0, 0.0, 0.0, 0.0, 0.0
704506, 0.0, 0.0, 94.33224487304688, 0.0, 0.0, 1.36260986328125, 0.0, 0.0, 0.0, 0.0, 0.0, 0.0, 0.0, 0.0, 0.0, 0.0
704516, 0.0, 0.0, 94.34833526611328, 0.0, 0.0, 1.609039306640625, 0.0, 0.0, 0.0, 0.0, 0.0, 0.0, 0.0, 0.0, 0.0, 0.0
704526, 0.0, 0.0, 94.3628158569336, 0.0, 0.0, 1.44805908203125, 0.0, 0.0, 0.0, 0.0, 0.0, 0.0, 0.0, 0.0, 0.0, 0.0
704536, 0.0, 0.0, 94.37530517578125, 0.0, 0.0, 1.248931884765625, 0.0, 0.0, 0.0, 0.0, 0.0, 0.0, 0.0, 0.0, 0.0, 0.0
704546, 0.0, 0.0, 94.38654327392578, 0.0, 0.0, 1.123809814453125, 0.0, 0.0, 0.0, 0.0, 0.0, 0.0, 0.0, 0.0, 0.0, 0.0
704556, 0.0, 0.0, 94.3895492553711, 0.0, 0.0, 0.30059814453125, 0.0, 0.0, 0.0, 0.0, 0.0, 0.0, 0.0, 0.0, 0.0, 0.0
704566, 0.0, 0.0, 94.39225769042969, 0.0, 0.0, 0.270843505859375, 0.0, 0.0, 0.0, 0.0, 0.0, 0.0, 0.0, 0.0, 0.0, 0.0
704576, 0.0, 0.0, 94.39031982421875, 0.0, 0.0, -0.19378662109375, 0.0, 0.0, 0.0, 0.0, 0.0, 0.0, 0.0, 0.0, 0.0, 0.0
704586, 0.0, 0.0, 94.3885726928711, 0.0, 0.0, -0.174713134765625, 0.0, 0.0, 0.0, 0.0, 0.0, 0.0, 0.0, 0.0, 0.0, 0.0
704596, 0.0, 0.0, 94.39083099365234, 0.0, 0.0, 0.225830078125, 0.0, 0.0, 0.0, 0.0, 0.0, 0.0, 0.0, 0.0, 0.0, 0.0
704606, 0.0, 0.0, 94.39286041259766, 0.0, 0.0, 0.20294189453125, 0.0, 0.0, 0.0, 0.0, 0.0, 0.0, 0.0, 0.0, 0.0, 0.0
704616, 0.0, 0.0, 94.38813018798828, 0.0, 0.0, -0.4730224609375, 0.0, 0.0, 0.0, 0.0, 0.0, 0.0, 0.0, 0.0, 0.0, 0.0
704626, 0.0, 0.0, 94.38387298583984, 0.0, 0.0, -0.42572021484375, 0.0, 0.0, 0.0, 0.0, 0.0, 0.0, 0.0, 0.0, 0.0, 0.0
704636, 0.0, 0.0, 94.37730407714844, 0.0, 0.0, -0.656890869140625, 0.0, 0.0, 0.0, 0.0, 0.0, 0.0, 0.0, 0.0, 0.0, 0.0
704646, 0.0, 0.0, 94.37139129638672, 0.0, 0.0, -0.591278076171875, 0.0, 0.0, 0.0, 0.0, 0.0, 0.0, 0.0, 0.0, 0.0, 0.0
704656, 0.0, 0.0, 94.36443328857422, 0.0, 0.0, -0.69580078125, 0.0, 0.0, 0.0, 0.0, 0.0, 0.0, 0.0, 0.0, 0.0, 0.0
704666, 0.0, 0.0, 94.35816955566406, 0.0, 0.0, -0.626373291015625, 0.0, 0.0, 0.0, 0.0, 0.0, 0.0, 0.0, 0.0, 0.0, 0.0
704676, 0.0, 0.0, 94.3585433959961, 0.0, 0.0, 0.037384033203125, 0.0, 0.0, 0.0, 0.0, 0.0, 0.0, 0.0, 0.0, 0.0, 0.0
704686, 0.0, 0.0, 94.35888671875, 0.0, 0.0, 0.034332275390625, 0.0, 0.0, 0.0, 0.0, 0.0, 0.0, 0.0, 0.0, 0.0, 0.0
704696, 0.0, 0.0, 94.35646057128906, 0.0, 0.0, -0.24261474609375, 0.0, 0.0, 0.0, 0.0, 0.0, 0.0, 0.0, 0.0, 0.0, 0.0
704706, 0.0, 0.0, 94.3542709350586, 0.0, 0.0, -0.218963623046875, 0.0, 0.0, 0.0, 0.0, 0.0, 0.0, 0.0, 0.0, 0.0, 0.0
704716, 0.0, 0.0, 94.34574127197266, 0.0, 0.0, -0.85296630859375, 0.0, 0.0, 0.0, 0.0, 0.0, 0.0, 0.0, 0.0, 0.0, 0.0
704726, 0.0, 0.0, 94.33806610107422, 0.0, 0.0, -0.76751708984375, 0.0, 0.0, 0.0, 0.0, 0.0, 0.0, 0.0, 0.0, 0.0, 0.0
704736, 0.0, 0.0, 94.33444213867188, 0.0, 0.0, -0.362396240234375, 0.0, 0.0, 0.0, 0.0, 0.0, 0.0, 0.0, 0.0, 0.0, 0.0
704746, 0.0, 0.0, 94.3311767578125, 0.0, 0.0, -0.3265380859375, 0.0, 0.0, 0.0, 0.0, 0.0, 0.0, 0.0, 0.0, 0.0, 0.0
704756, 0.0, 0.0, 94.32769012451172, 0.0, 0.0, -0.348663330078125, 0.0, 0.0, 0.0, 0.0, 0.0, 0.0, 0.0, 0.0, 0.0, 0.0
704766, 0.0, 0.0, 94.32455444335938, 0.0, 0.0, -0.313568115234375, 0.0, 0.0, 0.0, 0.0, 0.0, 0.0, 0.0, 0.0, 0.0, 0.0
704776, 0.0, 0.0, 94.32392120361328, 0.0, 0.0, -0.063323974609375, 0.0, 0.0, 0.0, 0.0, 0.0, 0.0, 0.0, 0.0, 0.0, 0.0
704786, 0.0, 0.0, 94.32334899902344, 0.0, 0.0, -0.057220458984375, 0.0, 0.0, 0.0, 0.0, 0.0, 0.0, 0.0, 0.0, 0.0, 0.0
704796, 0.0, 0.0, 94.32939147949219, 0.0, 0.0, 0.604248046875, 0.0, 0.0, 0.0, 0.0, 0.0, 0.0, 0.0, 0.0, 0.0, 0.0
704806, 0.0, 0.0, 94.33483123779297, 0.0, 0.0, 0.543975830078125, 0.0, 0.0, 0.0, 0.0, 0.0, 0.0, 0.0, 0.0, 0.0, 0.0
704816, 0.0, 0.0, 94.33917999267578, 0.0, 0.0, 0.43487548828125, 0.0, 0.0, 0.0, 0.0, 0.0, 0.0, 0.0, 0.0, 0.0, 0.0
704826, 0.0, 0.0, 94.34309387207031, 0.0, 0.0, 0.391387939453125, 0.0, 0.0, 0.0, 0.0, 0.0, 0.0, 0.0, 0.0, 0.0, 0.0
704836, 0.0, 0.0, 94.34114837646484, 0.0, 0.0, -0.194549560546875, 0.0, 0.0, 0.0, 0.0, 0.0, 0.0, 0.0, 0.0, 0.0, 0.0
704846, 0.0, 0.0, 94.33940124511719, 0.0, 0.0, -0.174713134765625, 0.0, 0.0, 0.0, 0.0, 0.0, 0.0, 0.0, 0.0, 0.0, 0.0
704856, 0.0, 0.0, 94.34712219238281, 0.0, 0.0, 0.7720947265625, 0.0, 0.0, 0.0, 0.0, 0.0, 0.0, 0.0, 0.0, 0.0, 0.0
704866, 0.0, 0.0, 94.35407257080078, 0.0, 0.0, 0.695037841796875, 0.0, 0.0, 0.0, 0.0, 0.0, 0.0, 0.0, 0.0, 0.0, 0.0
704876, 0.0, 0.0, 94.3641586303711, 0.0, 0.0, 1.00860595703125, 0.0, 0.0, 0.0, 0.0, 0.0, 0.0, 0.0, 0.0, 0.0, 0.0
704886, 0.0, 0.0, 94.37322998046875, 0.0, 0.0, 0.907135009765625, 0.0, 0.0, 0.0, 0.0, 0.0, 0.0, 0.0, 0.0, 0.0, 0.0
704896, 0.0, 0.0, 94.39178466796875, 0.0, 0.0, 1.85546875, 0.0, 0.0, 0.0, 0.0, 0.0, 0.0, 0.0, 0.0, 0.0, 0.0
704906, 0.0, 0.0, 94.40848541259766, 0.0, 0.0, 1.670074462890625, 0.0, 0.0, 0.0, 0.0, 0.0, 0.0, 0.0, 0.0, 0.0, 0.0
704916, 0.0, 0.0, 94.41422271728516, 0.0, 0.0, 0.57373046875, 0.0, 0.0, 0.0, 0.0, 0.0, 0.0, 0.0, 0.0, 0.0, 0.0
704926, 0.0, 0.0, 94.41938018798828, 0.0, 0.0, 0.5157470703125, 0.0, 0.0, 0.0, 0.0, 0.0, 0.0, 0.0, 0.0, 0.0, 0.0
704936, 0.0, 0.0, 94.41964721679688, 0.0, 0.0, 0.026702880859375, 0.0, 0.0, 0.0, 0.0, 0.0, 0.0, 0.0, 0.0, 0.0, 0.0
704946, 0.0, 0.0, 94.41989135742188, 0.0, 0.0, 0.0244140625, 0.0, 0.0, 0.0, 0.0, 0.0, 0.0, 0.0, 0.0, 0.0, 0.0
704956, 0.0, 0.0, 94.42831420898438, 0.0, 0.0, 0.84228515625, 0.0, 0.0, 0.0, 0.0, 0.0, 0.0, 0.0, 0.0, 0.0, 0.0
704966, 0.0, 0.0, 94.4358901977539, 0.0, 0.0, 0.757598876953125, 0.0, 0.0, 0.0, 0.0, 0.0, 0.0, 0.0, 0.0, 0.0, 0.0
704976, 0.0, 0.0, 94.44544219970703, 0.0, 0.0, 0.9552001953125, 0.0, 0.0, 0.0, 0.0, 0.0, 0.0, 0.0, 0.0, 0.0, 0.0
704986, 0.0, 0.0, 94.45404052734375, 0.0, 0.0, 0.859832763671875, 0.0, 0.0, 0.0, 0.0, 0.0, 0.0, 0.0, 0.0, 0.0, 0.0
704996, 0.0, 0.0, 94.45685577392578, 0.0, 0.0, 0.281524658203125, 0.0, 0.0, 0.0, 0.0, 0.0, 0.0, 0.0, 0.0, 0.0, 0.0
705006, 0.0, 0.0, 94.45939636230469, 0.0, 0.0, 0.254058837890625, 0.0, 0.0, 0.0, 0.0, 0.0, 0.0, 0.0, 0.0, 0.0, 0.0
705016, 0.0, 0.0, 94.4583969116211, 0.0, 0.0, -0.099945068359375, 0.0, 0.0, 0.0, 0.0, 0.0, 0.0, 0.0, 0.0, 0.0, 0.0
705026, 0.0, 0.0, 94.4574966430664, 0.0, 0.0, -0.09002685546875, 0.0, 0.0, 0.0, 0.0, 0.0, 0.0, 0.0, 0.0, 0.0, 0.0
705036, 0.0, 0.0, 94.4566879272461, 0.0, 0.0, -0.08087158203125, 0.0, 0.0, 0.0, 0.0, 0.0, 0.0, 0.0, 0.0, 0.0, 0.0
705046, 0.0, 0.0, 94.45596313476562, 0.0, 0.0, -0.072479248046875, 0.0, 0.0, 0.0, 0.0, 0.0, 0.0, 0.0, 0.0, 0.0, 0.0
705056, 0.0, 0.0, 94.4613265991211, 0.0, 0.0, 0.536346435546875, 0.0, 0.0, 0.0, 0.0, 0.0, 0.0, 0.0, 0.0, 0.0, 0.0
705066, 0.0, 0.0, 94.46614837646484, 0.0, 0.0, 0.482177734375, 0.0, 0.0, 0.0, 0.0, 0.0, 0.0, 0.0, 0.0, 0.0, 0.0
705076, 0.0, 0.0, 94.47048950195312, 0.0, 0.0, 0.434112548828125, 0.0, 0.0, 0.0, 0.0, 0.0, 0.0, 0.0, 0.0, 0.0, 0.0
705086, 0.0, 0.0, 94.47439575195312, 0.0, 0.0, 0.390625, 0.0, 0.0, 0.0, 0.0, 0.0, 0.0, 0.0, 0.0, 0.0, 0.0
705096, 0.0, 0.0, 94.47135162353516, 0.0, 0.0, -0.304412841796875, 0.0, 0.0, 0.0, 0.0, 0.0, 0.0, 0.0, 0.0, 0.0, 0.0
705106, 0.0, 0.0, 94.46861267089844, 0.0, 0.0, -0.273895263671875, 0.0, 0.0, 0.0, 0.0, 0.0, 0.0, 0.0, 0.0, 0.0, 0.0
705116, 0.0, 0.0, 94.45848846435547, 0.0, 0.0, -1.012420654296875, 0.0, 0.0, 0.0, 0.0, 0.0, 0.0, 0.0, 0.0, 0.0, 0.0
705126, 0.0, 0.0, 94.44937896728516, 0.0, 0.0, -0.91094970703125, 0.0, 0.0, 0.0, 0.0, 0.0, 0.0, 0.0, 0.0, 0.0, 0.0
705136, 0.0, 0.0, 94.4499282836914, 0.0, 0.0, 0.054931640625, 0.0, 0.0, 0.0, 0.0, 0.0, 0.0, 0.0, 0.0, 0.0, 0.0
705146, 0.0, 0.0, 94.45042419433594, 0.0, 0.0, 0.049591064453125, 0.0, 0.0, 0.0, 0.0, 0.0, 0.0, 0.0, 0.0, 0.0, 0.0
705156, 0.0, 0.0, 94.451416015625, 0.0, 0.0, 0.09918212890625, 0.0, 0.0, 0.0, 0.0, 0.0, 0.0, 0.0, 0.0, 0.0, 0.0
705166, 0.0, 0.0, 94.45230865478516, 0.0, 0.0, 0.089263916015625, 0.0, 0.0, 0.0, 0.0, 0.0, 0.0, 0.0, 0.0, 0.0, 0.0
705176, 0.0, 0.0, 94.45201873779297, 0.0, 0.0, -0.02899169921875, 0.0, 0.0, 0.0, 0.0, 0.0, 0.0, 0.0, 0.0, 0.0, 0.0
705186, 0.0, 0.0, 94.4517593383789, 0.0, 0.0, -0.02593994140625, 0.0, 0.0, 0.0, 0.0, 0.0, 0.0, 0.0, 0.0, 0.0, 0.0
705196, 0.0, 0.0, 94.45480346679688, 0.0, 0.0, 0.304412841796875, 0.0, 0.0, 0.0, 0.0, 0.0, 0.0, 0.0, 0.0, 0.0, 0.0
705206, 0.0, 0.0, 94.4575424194336, 0.0, 0.0, 0.273895263671875, 0.0, 0.0, 0.0, 0.0, 0.0, 0.0, 0.0, 0.0, 0.0, 0.0
705216, 0.0, 0.0, 94.46219635009766, 0.0, 0.0, 0.46539306640625, 0.0, 0.0, 0.0, 0.0, 0.0, 0.0, 0.0, 0.0, 0.0, 0.0
705226, 0.0, 0.0, 94.46638488769531, 0.0, 0.0, 0.418853759765625, 0.0, 0.0, 0.0, 0.0, 0.0, 0.0, 0.0, 0.0, 0.0, 0.0
705236, 0.0, 0.0, 94.46961212158203, 0.0, 0.0, 0.322723388671875, 0.0, 0.0, 0.0, 0.0, 0.0, 0.0, 0.0, 0.0, 0.0, 0.0
705246, 0.0, 0.0, 94.4725112915039, 0.0, 0.0, 0.2899169921875, 0.0, 0.0, 0.0, 0.0, 0.0, 0.0, 0.0, 0.0, 0.0, 0.0
705256, 0.0, 0.0, 94.47566986083984, 0.0, 0.0, 0.31585693359375, 0.0, 0.0, 0.0, 0.0, 0.0, 0.0, 0.0, 0.0, 0.0, 0.0
705266, 0.0, 0.0, 94.478515625, 0.0, 0.0, 0.284576416015625, 0.0, 0.0, 0.0, 0.0, 0.0, 0.0, 0.0, 0.0, 0.0, 0.0
705276, 0.0, 0.0, 94.47943115234375, 0.0, 0.0, 0.091552734375, 0.0, 0.0, 0.0, 0.0, 0.0, 0.0, 0.0, 0.0, 0.0, 0.0
705286, 0.0, 0.0, 94.48025512695312, 0.0, 0.0, 0.0823974609375, 0.0, 0.0, 0.0, 0.0, 0.0, 0.0, 0.0, 0.0, 0.0, 0.0
705296, 0.0, 0.0, 94.47498321533203, 0.0, 0.0, -0.527191162109375, 0.0, 0.0, 0.0, 0.0, 0.0, 0.0, 0.0, 0.0, 0.0, 0.0
705306, 0.0, 0.0, 94.4702377319336, 0.0, 0.0, -0.47454833984375, 0.0, 0.0, 0.0, 0.0, 0.0, 0.0, 0.0, 0.0, 0.0, 0.0
705316, 0.0, 0.0, 94.46870422363281, 0.0, 0.0, -0.153350830078125, 0.0, 0.0, 0.0, 0.0, 0.0, 0.0, 0.0, 0.0, 0.0, 0.0
705326, 0.0, 0.0, 94.46732330322266, 0.0, 0.0, -0.138092041015625, 0.0, 0.0, 0.0, 0.0, 0.0, 0.0, 0.0, 0.0, 0.0, 0.0
705336, 0.0, 0.0, 94.47209167480469, 0.0, 0.0, 0.476837158203125, 0.0, 0.0, 0.0, 0.0, 0.0, 0.0, 0.0, 0.0, 0.0, 0.0
705346, 0.0, 0.0, 94.47638702392578, 0.0, 0.0, 0.429534912109375, 0.0, 0.0, 0.0, 0.0, 0.0, 0.0, 0.0, 0.0, 0.0, 0.0
705356, 0.0, 0.0, 94.46822357177734, 0.0, 0.0, -0.81634521484375, 0.0, 0.0, 0.0, 0.0, 0.0, 0.0, 0.0, 0.0, 0.0, 0.0
705366, 0.0, 0.0, 94.46087646484375, 0.0, 0.0, -0.734710693359375, 0.0, 0.0, 0.0, 0.0, 0.0, 0.0, 0.0, 0.0, 0.0, 0.0
705376, 0.0, 0.0, 94.46082305908203, 0.0, 0.0, -0.005340576171875, 0.0, 0.0, 0.0, 0.0, 0.0, 0.0, 0.0, 0.0, 0.0, 0.0
705386, 0.0, 0.0, 94.46077728271484, 0.0, 0.0, -0.00457763671875, 0.0, 0.0, 0.0, 0.0, 0.0, 0.0, 0.0, 0.0, 0.0, 0.0
705396, 0.0, 0.0, 94.46018981933594, 0.0, 0.0, -0.058746337890625, 0.0, 0.0, 0.0, 0.0, 0.0, 0.0, 0.0, 0.0, 0.0, 0.0
705406, 0.0, 0.0, 94.45966339111328, 0.0, 0.0, -0.052642822265625, 0.0, 0.0, 0.0, 0.0, 0.0, 0.0, 0.0, 0.0, 0.0, 0.0
705416, 0.0, 0.0, 94.46137237548828, 0.0, 0.0, 0.1708984375, 0.0, 0.0, 0.0, 0.0, 0.0, 0.0, 0.0, 0.0, 0.0, 0.0
705426, 0.0, 0.0, 94.4629135131836, 0.0, 0.0, 0.15411376953125, 0.0, 0.0, 0.0, 0.0, 0.0, 0.0, 0.0, 0.0, 0.0, 0.0
705436, 0.0, 0.0, 94.46703338623047, 0.0, 0.0, 0.4119873046875, 0.0, 0.0, 0.0, 0.0, 0.0, 0.0, 0.0, 0.0, 0.0, 0.0
705446, 0.0, 0.0, 94.47074127197266, 0.0, 0.0, 0.37078857421875, 0.0, 0.0, 0.0, 0.0, 0.0, 0.0, 0.0, 0.0, 0.0, 0.0
705456, 0.0, 0.0, 94.47134399414062, 0.0, 0.0, 0.060272216796875, 0.0, 0.0, 0.0, 0.0, 0.0, 0.0, 0.0, 0.0, 0.0, 0.0
705466, 0.0, 0.0, 94.47188568115234, 0.0, 0.0, 0.054168701171875, 0.0, 0.0, 0.0, 0.0, 0.0, 0.0, 0.0, 0.0, 0.0, 0.0
705476, 0.0, 0.0, 94.46526336669922, 0.0, 0.0, -0.6622314453125, 0.0, 0.0, 0.0, 0.0, 0.0, 0.0, 0.0, 0.0, 0.0, 0.0
705486, 0.0, 0.0, 94.45930480957031, 0.0, 0.0, -0.595855712890625, 0.0, 0.0, 0.0, 0.0, 0.0, 0.0, 0.0, 0.0, 0.0, 0.0
705496, 0.0, 0.0, 94.45394134521484, 0.0, 0.0, -0.536346435546875, 0.0, 0.0, 0.0, 0.0, 0.0, 0.0, 0.0, 0.0, 0.0, 0.0
705506, 0.0, 0.0, 94.44911193847656, 0.0, 0.0, -0.482940673828125, 0.0, 0.0, 0.0, 0.0, 0.0, 0.0, 0.0, 0.0, 0.0, 0.0
705516, 0.0, 0.0, 94.44203186035156, 0.0, 0.0, -0.7080078125, 0.0, 0.0, 0.0, 0.0, 0.0, 0.0, 0.0, 0.0, 0.0, 0.0
705526, 0.0, 0.0, 94.43566131591797, 0.0, 0.0, -0.637054443359375, 0.0, 0.0, 0.0, 0.0, 0.0, 0.0, 0.0, 0.0, 0.0, 0.0
705536, 0.0, 0.0, 94.44414520263672, 0.0, 0.0, 0.848388671875, 0.0, 0.0, 0.0, 0.0, 0.0, 0.0, 0.0, 0.0, 0.0, 0.0
705546, 0.0, 0.0, 94.4517822265625, 0.0, 0.0, 0.763702392578125, 0.0, 0.0, 0.0, 0.0, 0.0, 0.0, 0.0, 0.0, 0.0, 0.0
705556, 0.0, 0.0, 94.45427703857422, 0.0, 0.0, 0.249481201171875, 0.0, 0.0, 0.0, 0.0, 0.0, 0.0, 0.0, 0.0, 0.0, 0.0
705566, 0.0, 0.0, 94.45652770996094, 0.0, 0.0, 0.225067138671875, 0.0, 0.0, 0.0, 0.0, 0.0, 0.0, 0.0, 0.0, 0.0, 0.0
705576, 0.0, 0.0, 94.45089721679688, 0.0, 0.0, -0.56304931640625, 0.0, 0.0, 0.0, 0.0, 0.0, 0.0, 0.0, 0.0, 0.0, 0.0
705586, 0.0, 0.0, 94.44583129882812, 0.0, 0.0, -0.506591796875, 0.0, 0.0, 0.0, 0.0, 0.0, 0.0, 0.0, 0.0, 0.0, 0.0
705596, 0.0, 0.0, 94.4461898803711, 0.0, 0.0, 0.035858154296875, 0.0, 0.0, 0.0, 0.0, 0.0, 0.0, 0.0, 0.0, 0.0, 0.0
705606, 0.0, 0.0, 94.4465103149414, 0.0, 0.0, 0.03204345703125, 0.0, 0.0, 0.0, 0.0, 0.0, 0.0, 0.0, 0.0, 0.0, 0.0
705616, 0.0, 0.0, 94.4468002319336, 0.0, 0.0, 0.02899169921875, 0.0, 0.0, 0.0, 0.0, 0.0, 0.0, 0.0, 0.0, 0.0, 0.0
705626, 0.0, 0.0, 94.44705963134766, 0.0, 0.0, 0.02593994140625, 0.0, 0.0, 0.0, 0.0, 0.0, 0.0, 0.0, 0.0, 0.0, 0.0
705636, 0.0, 0.0, 94.44674682617188, 0.0, 0.0, -0.031280517578125, 0.0, 0.0, 0.0, 0.0, 0.0, 0.0, 0.0, 0.0, 0.0, 0.0
705646, 0.0, 0.0, 94.44646453857422, 0.0, 0.0, -0.028228759765625, 0.0, 0.0, 0.0, 0.0, 0.0, 0.0, 0.0, 0.0, 0.0, 0.0
705656, 0.0, 0.0, 94.44129180908203, 0.0, 0.0, -0.51727294921875, 0.0, 0.0, 0.0, 0.0, 0.0, 0.0, 0.0, 0.0, 0.0, 0.0
705666, 0.0, 0.0, 94.43663787841797, 0.0, 0.0, -0.46539306640625, 0.0, 0.0, 0.0, 0.0, 0.0, 0.0, 0.0, 0.0, 0.0, 0.0
705676, 0.0, 0.0, 94.4280776977539, 0.0, 0.0, -0.85601806640625, 0.0, 0.0, 0.0, 0.0, 0.0, 0.0, 0.0, 0.0, 0.0, 0.0
705686, 0.0, 0.0, 94.42037200927734, 0.0, 0.0, -0.77056884765625, 0.0, 0.0, 0.0, 0.0, 0.0, 0.0, 0.0, 0.0, 0.0, 0.0
705696, 0.0, 0.0, 94.42108917236328, 0.0, 0.0, 0.07171630859375, 0.0, 0.0, 0.0, 0.0, 0.0, 0.0, 0.0, 0.0, 0.0, 0.0
705706, 0.0, 0.0, 94.42173767089844, 0.0, 0.0, 0.064849853515625, 0.0, 0.0, 0.0, 0.0, 0.0, 0.0, 0.0, 0.0, 0.0, 0.0
705716, 0.0, 0.0, 94.41848754882812, 0.0, 0.0, -0.32501220703125, 0.0, 0.0, 0.0, 0.0, 0.0, 0.0, 0.0, 0.0, 0.0, 0.0
705726, 0.0, 0.0, 94.41556549072266, 0.0, 0.0, -0.292205810546875, 0.0, 0.0, 0.0, 0.0, 0.0, 0.0, 0.0, 0.0, 0.0, 0.0
705736, 0.0, 0.0, 94.41731262207031, 0.0, 0.0, 0.174713134765625, 0.0, 0.0, 0.0, 0.0, 0.0, 0.0, 0.0, 0.0, 0.0, 0.0
705746, 0.0, 0.0, 94.41888427734375, 0.0, 0.0, 0.15716552734375, 0.0, 0.0, 0.0, 0.0, 0.0, 0.0, 0.0, 0.0, 0.0, 0.0
705756, 0.0, 0.0, 94.42084503173828, 0.0, 0.0, 0.196075439453125, 0.0, 0.0, 0.0, 0.0, 0.0, 0.0, 0.0, 0.0, 0.0, 0.0
705766, 0.0, 0.0, 94.422607421875, 0.0, 0.0, 0.176239013671875, 0.0, 0.0, 0.0, 0.0, 0.0, 0.0, 0.0, 0.0, 0.0, 0.0
705776, 0.0, 0.0, 94.42528533935547, 0.0, 0.0, 0.267791748046875, 0.0, 0.0, 0.0, 0.0, 0.0, 0.0, 0.0, 0.0, 0.0, 0.0
705786, 0.0, 0.0, 94.42769622802734, 0.0, 0.0, 0.2410888671875, 0.0, 0.0, 0.0, 0.0, 0.0, 0.0, 0.0, 0.0, 0.0, 0.0
705796, 0.0, 0.0, 94.42768096923828, 0.0, 0.0, -0.00152587890625, 0.0, 0.0, 0.0, 0.0, 0.0, 0.0, 0.0, 0.0, 0.0, 0.0
705806, 0.0, 0.0, 94.42766571044922, 0.0, 0.0, -0.00152587890625, 0.0, 0.0, 0.0, 0.0, 0.0, 0.0, 0.0, 0.0, 0.0, 0.0
705816, 0.0, 0.0, 94.42327880859375, 0.0, 0.0, -0.438690185546875, 0.0, 0.0, 0.0, 0.0, 0.0, 0.0, 0.0, 0.0, 0.0, 0.0
705826, 0.0, 0.0, 94.4193344116211, 0.0, 0.0, -0.394439697265625, 0.0, 0.0, 0.0, 0.0, 0.0, 0.0, 0.0, 0.0, 0.0, 0.0
705836, 0.0, 0.0, 94.4223403930664, 0.0, 0.0, 0.30059814453125, 0.0, 0.0, 0.0, 0.0, 0.0, 0.0, 0.0, 0.0, 0.0, 0.0
705846, 0.0, 0.0, 94.425048828125, 0.0, 0.0, 0.270843505859375, 0.0, 0.0, 0.0, 0.0, 0.0, 0.0, 0.0, 0.0, 0.0, 0.0
705856, 0.0, 0.0, 94.42530059814453, 0.0, 0.0, 0.025177001953125, 0.0, 0.0, 0.0, 0.0, 0.0, 0.0, 0.0, 0.0, 0.0, 0.0
705866, 0.0, 0.0, 94.42552185058594, 0.0, 0.0, 0.022125244140625, 0.0, 0.0, 0.0, 0.0, 0.0, 0.0, 0.0, 0.0, 0.0, 0.0
705876, 0.0, 0.0, 94.42134857177734, 0.0, 0.0, -0.417327880859375, 0.0, 0.0, 0.0, 0.0, 0.0, 0.0, 0.0, 0.0, 0.0, 0.0
705886, 0.0, 0.0, 94.41759490966797, 0.0, 0.0, -0.3753662109375, 0.0, 0.0, 0.0, 0.0, 0.0, 0.0, 0.0, 0.0, 0.0, 0.0
705896, 0.0, 0.0, 94.41804504394531, 0.0, 0.0, 0.045013427734375, 0.0, 0.0, 0.0, 0.0, 0.0, 0.0, 0.0, 0.0, 0.0, 0.0
705906, 0.0, 0.0, 94.41844940185547, 0.0, 0.0, 0.040435791015625, 0.0, 0.0, 0.0, 0.0, 0.0, 0.0, 0.0, 0.0, 0.0, 0.0
705916, 0.0, 0.0, 94.43247985839844, 0.0, 0.0, 1.403045654296875, 0.0, 0.0, 0.0, 0.0, 0.0, 0.0, 0.0, 0.0, 0.0, 0.0
705926, 0.0, 0.0, 94.44511413574219, 0.0, 0.0, 1.263427734375, 0.0, 0.0, 0.0, 0.0, 0.0, 0.0, 0.0, 0.0, 0.0, 0.0
705936, 0.0, 0.0, 94.45210266113281, 0.0, 0.0, 0.6988525390625, 0.0, 0.0, 0.0, 0.0, 0.0, 0.0, 0.0, 0.0, 0.0, 0.0
705946, 0.0, 0.0, 94.4583969116211, 0.0, 0.0, 0.629425048828125, 0.0, 0.0, 0.0, 0.0, 0.0, 0.0, 0.0, 0.0, 0.0, 0.0
705956, 0.0, 0.0, 94.4613265991211, 0.0, 0.0, 0.29296875, 0.0, 0.0, 0.0, 0.0, 0.0, 0.0, 0.0, 0.0, 0.0, 0.0
705966, 0.0, 0.0, 94.4639663696289, 0.0, 0.0, 0.26397705078125, 0.0, 0.0, 0.0, 0.0, 0.0, 0.0, 0.0, 0.0, 0.0, 0.0
705976, 0.0, 0.0, 94.47126007080078, 0.0, 0.0, 0.7293701171875, 0.0, 0.0, 0.0, 0.0, 0.0, 0.0, 0.0, 0.0, 0.0, 0.0
705986, 0.0, 0.0, 94.47782897949219, 0.0, 0.0, 0.656890869140625, 0.0, 0.0, 0.0, 0.0, 0.0, 0.0, 0.0, 0.0, 0.0, 0.0
705996, 0.0, 0.0, 94.4826431274414, 0.0, 0.0, 0.481414794921875, 0.0, 0.0, 0.0, 0.0, 0.0, 0.0, 0.0, 0.0, 0.0, 0.0
706006, 0.0, 0.0, 94.48697662353516, 0.0, 0.0, 0.433349609375, 0.0, 0.0, 0.0, 0.0, 0.0, 0.0, 0.0, 0.0, 0.0, 0.0
706016, 0.0, 0.0, 94.48158264160156, 0.0, 0.0, -0.539398193359375, 0.0, 0.0, 0.0, 0.0, 0.0, 0.0, 0.0, 0.0, 0.0, 0.0
706026, 0.0, 0.0, 94.47672271728516, 0.0, 0.0, -0.485992431640625, 0.0, 0.0, 0.0, 0.0, 0.0, 0.0, 0.0, 0.0, 0.0, 0.0
706036, 0.0, 0.0, 94.4646987915039, 0.0, 0.0, -1.202392578125, 0.0, 0.0, 0.0, 0.0, 0.0, 0.0, 0.0, 0.0, 0.0, 0.0
706046, 0.0, 0.0, 94.45387268066406, 0.0, 0.0, -1.082611083984375, 0.0, 0.0, 0.0, 0.0, 0.0, 0.0, 0.0, 0.0, 0.0, 0.0
706056, 0.0, 0.0, 94.44084930419922, 0.0, 0.0, -1.302337646484375, 0.0, 0.0, 0.0, 0.0, 0.0, 0.0, 0.0, 0.0, 0.0, 0.0
706066, 0.0, 0.0, 94.42913055419922, 0.0, 0.0, -1.171875, 0.0, 0.0, 0.0, 0.0, 0.0, 0.0, 0.0, 0.0, 0.0, 0.0
706076, 0.0, 0.0, 94.41529846191406, 0.0, 0.0, -1.383209228515625, 0.0, 0.0, 0.0, 0.0, 0.0, 0.0, 0.0, 0.0, 0.0, 0.0
706086, 0.0, 0.0, 94.4028549194336, 0.0, 0.0, -1.244354248046875, 0.0, 0.0, 0.0, 0.0, 0.0, 0.0, 0.0, 0.0, 0.0, 0.0
706096, 0.0, 0.0, 94.39110565185547, 0.0, 0.0, -1.1749267578125, 0.0, 0.0, 0.0, 0.0, 0.0, 0.0, 0.0, 0.0, 0.0, 0.0
706106, 0.0, 0.0, 94.38053131103516, 0.0, 0.0, -1.05743408203125, 0.0, 0.0, 0.0, 0.0, 0.0, 0.0, 0.0, 0.0, 0.0, 0.0
706116, 0.0, 0.0, 94.36773681640625, 0.0, 0.0, -1.279449462890625, 0.0, 0.0, 0.0, 0.0, 0.0, 0.0, 0.0, 0.0, 0.0, 0.0
706126, 0.0, 0.0, 94.3562240600586, 0.0, 0.0, -1.151275634765625, 0.0, 0.0, 0.0, 0.0, 0.0, 0.0, 0.0, 0.0, 0.0, 0.0
706136, 0.0, 0.0, 94.34968566894531, 0.0, 0.0, -0.653839111328125, 0.0, 0.0, 0.0, 0.0, 0.0, 0.0, 0.0, 0.0, 0.0, 0.0
706146, 0.0, 0.0, 94.34380340576172, 0.0, 0.0, -0.588226318359375, 0.0, 0.0, 0.0, 0.0, 0.0, 0.0, 0.0, 0.0, 0.0, 0.0
706156, 0.0, 0.0, 94.34725952148438, 0.0, 0.0, 0.345611572265625, 0.0, 0.0, 0.0, 0.0, 0.0, 0.0, 0.0, 0.0, 0.0, 0.0
706166, 0.0, 0.0, 94.3503646850586, 0.0, 0.0, 0.310516357421875, 0.0, 0.0, 0.0, 0.0, 0.0, 0.0, 0.0, 0.0, 0.0, 0.0
706176, 0.0, 0.0, 94.3482437133789, 0.0, 0.0, -0.21209716796875, 0.0, 0.0, 0.0, 0.0, 0.0, 0.0, 0.0, 0.0, 0.0, 0.0
706186, 0.0, 0.0, 94.34632873535156, 0.0, 0.0, -0.191497802734375, 0.0, 0.0, 0.0, 0.0, 0.0, 0.0, 0.0, 0.0, 0.0, 0.0
706196, 0.0, 0.0, 94.33531188964844, 0.0, 0.0, -1.1016845703125, 0.0, 0.0, 0.0, 0.0, 0.0, 0.0, 0.0, 0.0, 0.0, 0.0
706206, 0.0, 0.0, 94.32540130615234, 0.0, 0.0, -0.991058349609375, 0.0, 0.0, 0.0, 0.0, 0.0, 0.0, 0.0, 0.0, 0.0, 0.0
706216, 0.0, 0.0, 94.32413482666016, 0.0, 0.0, -0.12664794921875, 0.0, 0.0, 0.0, 0.0, 0.0, 0.0, 0.0, 0.0, 0.0, 0.0
706226, 0.0, 0.0, 94.32299041748047, 0.0, 0.0, -0.11444091796875, 0.0, 0.0, 0.0, 0.0, 0.0, 0.0, 0.0, 0.0, 0.0, 0.0
706236, 0.0, 0.0, 94.32907104492188, 0.0, 0.0, 0.608062744140625, 0.0, 0.0, 0.0, 0.0, 0.0, 0.0, 0.0, 0.0, 0.0, 0.0
706246, 0.0, 0.0, 94.33454132080078, 0.0, 0.0, 0.547027587890625, 0.0, 0.0, 0.0, 0.0, 0.0, 0.0, 0.0, 0.0, 0.0, 0.0
706256, 0.0, 0.0, 94.34384155273438, 0.0, 0.0, 0.930023193359375, 0.0, 0.0, 0.0, 0.0, 0.0, 0.0, 0.0, 0.0, 0.0, 0.0
706266, 0.0, 0.0, 94.35221099853516, 0.0, 0.0, 0.836944580078125, 0.0, 0.0, 0.0, 0.0, 0.0, 0.0, 0.0, 0.0, 0.0, 0.0
706276, 0.0, 0.0, 94.3663101196289, 0.0, 0.0, 1.409912109375, 0.0, 0.0, 0.0, 0.0, 0.0, 0.0, 0.0, 0.0, 0.0, 0.0
706286, 0.0, 0.0, 94.37899780273438, 0.0, 0.0, 1.268768310546875, 0.0, 0.0, 0.0, 0.0, 0.0, 0.0, 0.0, 0.0, 0.0, 0.0
706296, 0.0, 0.0, 94.3898696899414, 0.0, 0.0, 1.087188720703125, 0.0, 0.0, 0.0, 0.0, 0.0, 0.0, 0.0, 0.0, 0.0, 0.0
706306, 0.0, 0.0, 94.39965057373047, 0.0, 0.0, 0.97808837890625, 0.0, 0.0, 0.0, 0.0, 0.0, 0.0, 0.0, 0.0, 0.0, 0.0
706316, 0.0, 0.0, 94.40736389160156, 0.0, 0.0, 0.771331787109375, 0.0, 0.0, 0.0, 0.0, 0.0, 0.0, 0.0, 0.0, 0.0, 0.0
706326, 0.0, 0.0, 94.414306640625, 0.0, 0.0, 0.69427490234375, 0.0, 0.0, 0.0, 0.0, 0.0, 0.0, 0.0, 0.0, 0.0, 0.0
706336, 0.0, 0.0, 94.4249267578125, 0.0, 0.0, 1.06201171875, 0.0, 0.0, 0.0, 0.0, 0.0, 0.0, 0.0, 0.0, 0.0, 0.0
706346, 0.0, 0.0, 94.43448638916016, 0.0, 0.0, 0.955963134765625, 0.0, 0.0, 0.0, 0.0, 0.0, 0.0, 0.0, 0.0, 0.0, 0.0
706356, 0.0, 0.0, 94.43598175048828, 0.0, 0.0, 0.1495361328125, 0.0, 0.0, 0.0, 0.0, 0.0, 0.0, 0.0, 0.0, 0.0, 0.0
706366, 0.0, 0.0, 94.43732452392578, 0.0, 0.0, 0.13427734375, 0.0, 0.0, 0.0, 0.0, 0.0, 0.0, 0.0, 0.0, 0.0, 0.0
706376, 0.0, 0.0, 94.4423599243164, 0.0, 0.0, 0.5035400390625, 0.0, 0.0, 0.0, 0.0, 0.0, 0.0, 0.0, 0.0, 0.0, 0.0
706386, 0.0, 0.0, 94.44689178466797, 0.0, 0.0, 0.45318603515625, 0.0, 0.0, 0.0, 0.0, 0.0, 0.0, 0.0, 0.0, 0.0, 0.0
706396, 0.0, 0.0, 94.44878387451172, 0.0, 0.0, 0.189208984375, 0.0, 0.0, 0.0, 0.0, 0.0, 0.0, 0.0, 0.0, 0.0, 0.0
706406, 0.0, 0.0, 94.45048522949219, 0.0, 0.0, 0.170135498046875, 0.0, 0.0, 0.0, 0.0, 0.0, 0.0, 0.0, 0.0, 0.0, 0.0
706416, 0.0, 0.0, 94.45420837402344, 0.0, 0.0, 0.372314453125, 0.0, 0.0, 0.0, 0.0, 0.0, 0.0, 0.0, 0.0, 0.0, 0.0
706426, 0.0, 0.0, 94.45755767822266, 0.0, 0.0, 0.334930419921875, 0.0, 0.0, 0.0, 0.0, 0.0, 0.0, 0.0, 0.0, 0.0, 0.0
706436, 0.0, 0.0, 94.45182037353516, 0.0, 0.0, -0.57373046875, 0.0, 0.0, 0.0, 0.0, 0.0, 0.0, 0.0, 0.0, 0.0, 0.0
706446, 0.0, 0.0, 94.44666290283203, 0.0, 0.0, -0.5157470703125, 0.0, 0.0, 0.0, 0.0, 0.0, 0.0, 0.0, 0.0, 0.0, 0.0
706456, 0.0, 0.0, 94.43928527832031, 0.0, 0.0, -0.737762451171875, 0.0, 0.0, 0.0, 0.0, 0.0, 0.0, 0.0, 0.0, 0.0, 0.0
706466, 0.0, 0.0, 94.4326400756836, 0.0, 0.0, -0.664520263671875, 0.0, 0.0, 0.0, 0.0, 0.0, 0.0, 0.0, 0.0, 0.0, 0.0
706476, 0.0, 0.0, 94.4277572631836, 0.0, 0.0, -0.48828125, 0.0, 0.0, 0.0, 0.0, 0.0, 0.0, 0.0, 0.0, 0.0, 0.0
706486, 0.0, 0.0, 94.4233627319336, 0.0, 0.0, -0.439453125, 0.0, 0.0, 0.0, 0.0, 0.0, 0.0, 0.0, 0.0, 0.0, 0.0
706496, 0.0, 0.0, 94.42597198486328, 0.0, 0.0, 0.26092529296875, 0.0, 0.0, 0.0, 0.0, 0.0, 0.0, 0.0, 0.0, 0.0, 0.0
706506, 0.0, 0.0, 94.42831420898438, 0.0, 0.0, 0.234222412109375, 0.0, 0.0, 0.0, 0.0, 0.0, 0.0, 0.0, 0.0, 0.0, 0.0
706516, 0.0, 0.0, 94.43424987792969, 0.0, 0.0, 0.59356689453125, 0.0, 0.0, 0.0, 0.0, 0.0, 0.0, 0.0, 0.0, 0.0, 0.0
706526, 0.0, 0.0, 94.4395980834961, 0.0, 0.0, 0.534820556640625, 0.0, 0.0, 0.0, 0.0, 0.0, 0.0, 0.0, 0.0, 0.0, 0.0
706536, 0.0, 0.0, 94.4416732788086, 0.0, 0.0, 0.20751953125, 0.0, 0.0, 0.0, 0.0, 0.0, 0.0, 0.0, 0.0, 0.0, 0.0
706546, 0.0, 0.0, 94.44354248046875, 0.0, 0.0, 0.186920166015625, 0.0, 0.0, 0.0, 0.0, 0.0, 0.0, 0.0, 0.0, 0.0, 0.0
706556, 0.0, 0.0, 94.44686126708984, 0.0, 0.0, 0.331878662109375, 0.0, 0.0, 0.0, 0.0, 0.0, 0.0, 0.0, 0.0, 0.0, 0.0
706566, 0.0, 0.0, 94.4498519897461, 0.0, 0.0, 0.299072265625, 0.0, 0.0, 0.0, 0.0, 0.0, 0.0, 0.0, 0.0, 0.0, 0.0
706576, 0.0, 0.0, 94.45418548583984, 0.0, 0.0, 0.433349609375, 0.0, 0.0, 0.0, 0.0, 0.0, 0.0, 0.0, 0.0, 0.0, 0.0
706586, 0.0, 0.0, 94.45808410644531, 0.0, 0.0, 0.389862060546875, 0.0, 0.0, 0.0, 0.0, 0.0, 0.0, 0.0, 0.0, 0.0, 0.0
706596, 0.0, 0.0, 94.45831298828125, 0.0, 0.0, 0.02288818359375, 0.0, 0.0, 0.0, 0.0, 0.0, 0.0, 0.0, 0.0, 0.0, 0.0
706606, 0.0, 0.0, 94.4585189819336, 0.0, 0.0, 0.020599365234375, 0.0, 0.0, 0.0, 0.0, 0.0, 0.0, 0.0, 0.0, 0.0, 0.0
706616, 0.0, 0.0, 94.4592514038086, 0.0, 0.0, 0.0732421875, 0.0, 0.0, 0.0, 0.0, 0.0, 0.0, 0.0, 0.0, 0.0, 0.0
706626, 0.0, 0.0, 94.45990753173828, 0.0, 0.0, 0.06561279296875, 0.0, 0.0, 0.0, 0.0, 0.0, 0.0, 0.0, 0.0, 0.0, 0.0
706636, 0.0, 0.0, 94.4588623046875, 0.0, 0.0, -0.104522705078125, 0.0, 0.0, 0.0, 0.0, 0.0, 0.0, 0.0, 0.0, 0.0, 0.0
706646, 0.0, 0.0, 94.45791625976562, 0.0, 0.0, -0.0946044921875, 0.0, 0.0, 0.0, 0.0, 0.0, 0.0, 0.0, 0.0, 0.0, 0.0
706656, 0.0, 0.0, 94.45597076416016, 0.0, 0.0, -0.194549560546875, 0.0, 0.0, 0.0, 0.0, 0.0, 0.0, 0.0, 0.0, 0.0, 0.0
706666, 0.0, 0.0, 94.4542236328125, 0.0, 0.0, -0.174713134765625, 0.0, 0.0, 0.0, 0.0, 0.0, 0.0, 0.0, 0.0, 0.0, 0.0
706676, 0.0, 0.0, 94.45429229736328, 0.0, 0.0, 0.006866455078125, 0.0, 0.0, 0.0, 0.0, 0.0, 0.0, 0.0, 0.0, 0.0, 0.0
706686, 0.0, 0.0, 94.45435333251953, 0.0, 0.0, 0.006103515625, 0.0, 0.0, 0.0, 0.0, 0.0, 0.0, 0.0, 0.0, 0.0, 0.0
706696, 0.0, 0.0, 94.45440673828125, 0.0, 0.0, 0.005340576171875, 0.0, 0.0, 0.0, 0.0, 0.0, 0.0, 0.0, 0.0, 0.0, 0.0
706706, 0.0, 0.0, 94.45445251464844, 0.0, 0.0, 0.00457763671875, 0.0, 0.0, 0.0, 0.0, 0.0, 0.0, 0.0, 0.0, 0.0, 0.0
706716, 0.0, 0.0, 94.45832061767578, 0.0, 0.0, 0.386810302734375, 0.0, 0.0, 0.0, 0.0, 0.0, 0.0, 0.0, 0.0, 0.0, 0.0
706726, 0.0, 0.0, 94.46180725097656, 0.0, 0.0, 0.348663330078125, 0.0, 0.0, 0.0, 0.0, 0.0, 0.0, 0.0, 0.0, 0.0, 0.0
706736, 0.0, 0.0, 94.46439361572266, 0.0, 0.0, 0.258636474609375, 0.0, 0.0, 0.0, 0.0, 0.0, 0.0, 0.0, 0.0, 0.0, 0.0
706746, 0.0, 0.0, 94.46672821044922, 0.0, 0.0, 0.23345947265625, 0.0, 0.0, 0.0, 0.0, 0.0, 0.0, 0.0, 0.0, 0.0, 0.0
706756, 0.0, 0.0, 94.46882629394531, 0.0, 0.0, 0.209808349609375, 0.0, 0.0, 0.0, 0.0, 0.0, 0.0, 0.0, 0.0, 0.0, 0.0
706766, 0.0, 0.0, 94.47071075439453, 0.0, 0.0, 0.188446044921875, 0.0, 0.0, 0.0, 0.0, 0.0, 0.0, 0.0, 0.0, 0.0, 0.0
706776, 0.0, 0.0, 94.47514343261719, 0.0, 0.0, 0.443267822265625, 0.0, 0.0, 0.0, 0.0, 0.0, 0.0, 0.0, 0.0, 0.0, 0.0
706786, 0.0, 0.0, 94.47913360595703, 0.0, 0.0, 0.399017333984375, 0.0, 0.0, 0.0, 0.0, 0.0, 0.0, 0.0, 0.0, 0.0, 0.0
706796, 0.0, 0.0, 94.48272705078125, 0.0, 0.0, 0.359344482421875, 0.0, 0.0, 0.0, 0.0, 0.0, 0.0, 0.0, 0.0, 0.0, 0.0
706806, 0.0, 0.0, 94.48595428466797, 0.0, 0.0, 0.322723388671875, 0.0, 0.0, 0.0, 0.0, 0.0, 0.0, 0.0, 0.0, 0.0, 0.0
706816, 0.0, 0.0, 94.48941040039062, 0.0, 0.0, 0.345611572265625, 0.0, 0.0, 0.0, 0.0, 0.0, 0.0, 0.0, 0.0, 0.0, 0.0
706826, 0.0, 0.0, 94.49252319335938, 0.0, 0.0, 0.311279296875, 0.0, 0.0, 0.0, 0.0, 0.0, 0.0, 0.0, 0.0, 0.0, 0.0
706836, 0.0, 0.0, 94.48821258544922, 0.0, 0.0, -0.431060791015625, 0.0, 0.0, 0.0, 0.0, 0.0, 0.0, 0.0, 0.0, 0.0, 0.0
706846, 0.0, 0.0, 94.48433685302734, 0.0, 0.0, -0.3875732421875, 0.0, 0.0, 0.0, 0.0, 0.0, 0.0, 0.0, 0.0, 0.0, 0.0
706856, 0.0, 0.0, 94.48959350585938, 0.0, 0.0, 0.525665283203125, 0.0, 0.0, 0.0, 0.0, 0.0, 0.0, 0.0, 0.0, 0.0, 0.0
706866, 0.0, 0.0, 94.49432373046875, 0.0, 0.0, 0.4730224609375, 0.0, 0.0, 0.0, 0.0, 0.0, 0.0, 0.0, 0.0, 0.0, 0.0
706876, 0.0, 0.0, 94.49694061279297, 0.0, 0.0, 0.261688232421875, 0.0, 0.0, 0.0, 0.0, 0.0, 0.0, 0.0, 0.0, 0.0, 0.0
706886, 0.0, 0.0, 94.49929809570312, 0.0, 0.0, 0.235748291015625, 0.0, 0.0, 0.0, 0.0, 0.0, 0.0, 0.0, 0.0, 0.0, 0.0
706896, 0.0, 0.0, 94.49922943115234, 0.0, 0.0, -0.006866455078125, 0.0, 0.0, 0.0, 0.0, 0.0, 0.0, 0.0, 0.0, 0.0, 0.0
706906, 0.0, 0.0, 94.4991683959961, 0.0, 0.0, -0.006103515625, 0.0, 0.0, 0.0, 0.0, 0.0, 0.0, 0.0, 0.0, 0.0, 0.0
706916, 0.0, 0.0, 94.49966430664062, 0.0, 0.0, 0.049591064453125, 0.0, 0.0, 0.0, 0.0, 0.0, 0.0, 0.0, 0.0, 0.0, 0.0
706926, 0.0, 0.0, 94.50010681152344, 0.0, 0.0, 0.04425048828125, 0.0, 0.0, 0.0, 0.0, 0.0, 0.0, 0.0, 0.0, 0.0, 0.0
706936, 0.0, 0.0, 94.4912109375, 0.0, 0.0, -0.88958740234375, 0.0, 0.0, 0.0, 0.0, 0.0, 0.0, 0.0, 0.0, 0.0, 0.0
706946, 0.0, 0.0, 94.48320770263672, 0.0, 0.0, -0.800323486328125, 0.0, 0.0, 0.0, 0.0, 0.0, 0.0, 0.0, 0.0, 0.0, 0.0
706956, 0.0, 0.0, 94.47162628173828, 0.0, 0.0, -1.15814208984375, 0.0, 0.0, 0.0, 0.0, 0.0, 0.0, 0.0, 0.0, 0.0, 0.0
706966, 0.0, 0.0, 94.4612045288086, 0.0, 0.0, -1.04217529296875, 0.0, 0.0, 0.0, 0.0, 0.0, 0.0, 0.0, 0.0, 0.0, 0.0
706976, 0.0, 0.0, 94.45674896240234, 0.0, 0.0, -0.445556640625, 0.0, 0.0, 0.0, 0.0, 0.0, 0.0, 0.0, 0.0, 0.0, 0.0
706986, 0.0, 0.0, 94.4527359008789, 0.0, 0.0, -0.40130615234375, 0.0, 0.0, 0.0, 0.0, 0.0, 0.0, 0.0, 0.0, 0.0, 0.0
706996, 0.0, 0.0, 94.44966888427734, 0.0, 0.0, -0.30670166015625, 0.0, 0.0, 0.0, 0.0, 0.0, 0.0, 0.0, 0.0, 0.0, 0.0
707006, 0.0, 0.0, 94.44690704345703, 0.0, 0.0, -0.27618408203125, 0.0, 0.0, 0.0, 0.0, 0.0, 0.0, 0.0, 0.0, 0.0, 0.0
707016, 0.0, 0.0, 94.4460678100586, 0.0, 0.0, -0.08392333984375, 0.0, 0.0, 0.0, 0.0, 0.0, 0.0, 0.0, 0.0, 0.0, 0.0
707026, 0.0, 0.0, 94.4453125, 0.0, 0.0, -0.075531005859375, 0.0, 0.0, 0.0, 0.0, 0.0, 0.0, 0.0, 0.0, 0.0, 0.0
707036, 0.0, 0.0, 94.4511947631836, 0.0, 0.0, 0.588226318359375, 0.0, 0.0, 0.0, 0.0, 0.0, 0.0, 0.0, 0.0, 0.0, 0.0
707046, 0.0, 0.0, 94.45648956298828, 0.0, 0.0, 0.52947998046875, 0.0, 0.0, 0.0, 0.0, 0.0, 0.0, 0.0, 0.0, 0.0, 0.0
707056, 0.0, 0.0, 94.45632934570312, 0.0, 0.0, -0.016021728515625, 0.0, 0.0, 0.0, 0.0, 0.0, 0.0, 0.0, 0.0, 0.0, 0.0
707066, 0.0, 0.0, 94.45618438720703, 0.0, 0.0, -0.014495849609375, 0.0, 0.0, 0.0, 0.0, 0.0, 0.0, 0.0, 0.0, 0.0, 0.0
707076, 0.0, 0.0, 94.45441436767578, 0.0, 0.0, -0.177001953125, 0.0, 0.0, 0.0, 0.0, 0.0, 0.0, 0.0, 0.0, 0.0, 0.0
707086, 0.0, 0.0, 94.45281982421875, 0.0, 0.0, -0.159454345703125, 0.0, 0.0, 0.0, 0.0, 0.0, 0.0, 0.0, 0.0, 0.0, 0.0
707096, 0.0, 0.0, 94.45575714111328, 0.0, 0.0, 0.293731689453125, 0.0, 0.0, 0.0, 0.0, 0.0, 0.0, 0.0, 0.0, 0.0, 0.0
707106, 0.0, 0.0, 94.45840454101562, 0.0, 0.0, 0.264739990234375, 0.0, 0.0, 0.0, 0.0, 0.0, 0.0, 0.0, 0.0, 0.0, 0.0
707116, 0.0, 0.0, 94.45750427246094, 0.0, 0.0, -0.09002685546875, 0.0, 0.0, 0.0, 0.0, 0.0, 0.0, 0.0, 0.0, 0.0, 0.0
707126, 0.0, 0.0, 94.45669555664062, 0.0, 0.0, -0.08087158203125, 0.0, 0.0, 0.0, 0.0, 0.0, 0.0, 0.0, 0.0, 0.0, 0.0
707136, 0.0, 0.0, 94.45323181152344, 0.0, 0.0, -0.34637451171875, 0.0, 0.0, 0.0, 0.0, 0.0, 0.0, 0.0, 0.0, 0.0, 0.0
707146, 0.0, 0.0, 94.45011901855469, 0.0, 0.0, -0.311279296875, 0.0, 0.0, 0.0, 0.0, 0.0, 0.0, 0.0, 0.0, 0.0, 0.0
707156, 0.0, 0.0, 94.43856811523438, 0.0, 0.0, -1.15509033203125, 0.0, 0.0, 0.0, 0.0, 0.0, 0.0, 0.0, 0.0, 0.0, 0.0
707166, 0.0, 0.0, 94.42816925048828, 0.0, 0.0, -1.039886474609375, 0.0, 0.0, 0.0, 0.0, 0.0, 0.0, 0.0, 0.0, 0.0, 0.0
707176, 0.0, 0.0, 94.42263793945312, 0.0, 0.0, -0.553131103515625, 0.0, 0.0, 0.0, 0.0, 0.0, 0.0, 0.0, 0.0, 0.0, 0.0
707186, 0.0, 0.0, 94.41766357421875, 0.0, 0.0, -0.4974365234375, 0.0, 0.0, 0.0, 0.0, 0.0, 0.0, 0.0, 0.0, 0.0, 0.0
707196, 0.0, 0.0, 94.40935516357422, 0.0, 0.0, -0.830841064453125, 0.0, 0.0, 0.0, 0.0, 0.0, 0.0, 0.0, 0.0, 0.0, 0.0
707206, 0.0, 0.0, 94.4018783569336, 0.0, 0.0, -0.7476806640625, 0.0, 0.0, 0.0, 0.0, 0.0, 0.0, 0.0, 0.0, 0.0, 0.0
707216, 0.0, 0.0, 94.38967895507812, 0.0, 0.0, -1.219940185546875, 0.0, 0.0, 0.0, 0.0, 0.0, 0.0, 0.0, 0.0, 0.0, 0.0
707226, 0.0, 0.0, 94.37870025634766, 0.0, 0.0, -1.097869873046875, 0.0, 0.0, 0.0, 0.0, 0.0, 0.0, 0.0, 0.0, 0.0, 0.0
707236, 0.0, 0.0, 94.37483978271484, 0.0, 0.0, -0.38604736328125, 0.0, 0.0, 0.0, 0.0, 0.0, 0.0, 0.0, 0.0, 0.0, 0.0
707246, 0.0, 0.0, 94.3713607788086, 0.0, 0.0, -0.347900390625, 0.0, 0.0, 0.0, 0.0, 0.0, 0.0, 0.0, 0.0, 0.0, 0.0
707256, 0.0, 0.0, 94.37315368652344, 0.0, 0.0, 0.179290771484375, 0.0, 0.0, 0.0, 0.0, 0.0, 0.0, 0.0, 0.0, 0.0, 0.0
707266, 0.0, 0.0, 94.37476348876953, 0.0, 0.0, 0.160980224609375, 0.0, 0.0, 0.0, 0.0, 0.0, 0.0, 0.0, 0.0, 0.0, 0.0
707276, 0.0, 0.0, 94.37731170654297, 0.0, 0.0, 0.25482177734375, 0.0, 0.0, 0.0, 0.0, 0.0, 0.0, 0.0, 0.0, 0.0, 0.0
707286, 0.0, 0.0, 94.37960052490234, 0.0, 0.0, 0.2288818359375, 0.0, 0.0, 0.0, 0.0, 0.0, 0.0, 0.0, 0.0, 0.0, 0.0
707296, 0.0, 0.0, 94.38166046142578, 0.0, 0.0, 0.20599365234375, 0.0, 0.0, 0.0, 0.0, 0.0, 0.0, 0.0, 0.0, 0.0, 0.0
707306, 0.0, 0.0, 94.38351440429688, 0.0, 0.0, 0.185394287109375, 0.0, 0.0, 0.0, 0.0, 0.0, 0.0, 0.0, 0.0, 0.0, 0.0
707316, 0.0, 0.0, 94.38351440429688, 0.0, 0.0, 0.185394287109375, 0.0, 0.0, 0.0, 0.0, 0.0, 0.0, 0.0, 0.0, 0.0, 0.0
707326, 0.0, 0.0, 94.38846588134766, 0.0, 0.0, 0.495147705078125, 0.0, 0.0, 0.0, 0.0, 0.0, 0.0, 0.0, 0.0, 0.0, 0.0
707336, 0.0, 0.0, 94.3929214477539, 0.0, 0.0, 0.445556640625, 0.0, 0.0, 0.0, 0.0, 0.0, 0.0, 0.0, 0.0, 0.0, 0.0
707346, 0.0, 0.0, 94.39966583251953, 0.0, 0.0, 0.6744384765625, 0.0, 0.0, 0.0, 0.0, 0.0, 0.0, 0.0, 0.0, 0.0, 0.0
707356, 0.0, 0.0, 94.4057388305664, 0.0, 0.0, 0.6072998046875, 0.0, 0.0, 0.0, 0.0, 0.0, 0.0, 0.0, 0.0, 0.0, 0.0
707366, 0.0, 0.0, 94.4002685546875, 0.0, 0.0, -0.547027587890625, 0.0, 0.0, 0.0, 0.0, 0.0, 0.0, 0.0, 0.0, 0.0, 0.0
707376, 0.0, 0.0, 94.39533996582031, 0.0, 0.0, -0.49285888671875, 0.0, 0.0, 0.0, 0.0, 0.0, 0.0, 0.0, 0.0, 0.0, 0.0
707386, 0.0, 0.0, 94.38762664794922, 0.0, 0.0, -0.771331787109375, 0.0, 0.0, 0.0, 0.0, 0.0, 0.0, 0.0, 0.0, 0.0, 0.0
707396, 0.0, 0.0, 94.38068389892578, 0.0, 0.0, -0.69427490234375, 0.0, 0.0, 0.0, 0.0, 0.0, 0.0, 0.0, 0.0, 0.0, 0.0
707406, 0.0, 0.0, 94.37388610839844, 0.0, 0.0, -0.679779052734375, 0.0, 0.0, 0.0, 0.0, 0.0, 0.0, 0.0, 0.0, 0.0, 0.0
707416, 0.0, 0.0, 94.36776733398438, 0.0, 0.0, -0.61187744140625, 0.0, 0.0, 0.0, 0.0, 0.0, 0.0, 0.0, 0.0, 0.0, 0.0
707426, 0.0, 0.0, 94.36444854736328, 0.0, 0.0, -0.331878662109375, 0.0, 0.0, 0.0, 0.0, 0.0, 0.0, 0.0, 0.0, 0.0, 0.0
707436, 0.0, 0.0, 94.36146545410156, 0.0, 0.0, -0.298309326171875, 0.0, 0.0, 0.0, 0.0, 0.0, 0.0, 0.0, 0.0, 0.0, 0.0
707446, 0.0, 0.0, 94.36315155029297, 0.0, 0.0, 0.168609619140625, 0.0, 0.0, 0.0, 0.0, 0.0, 0.0, 0.0, 0.0, 0.0, 0.0
707456, 0.0, 0.0, 94.36466979980469, 0.0, 0.0, 0.151824951171875, 0.0, 0.0, 0.0, 0.0, 0.0, 0.0, 0.0, 0.0, 0.0, 0.0
707466, 0.0, 0.0, 94.35728454589844, 0.0, 0.0, -0.738525390625, 0.0, 0.0, 0.0, 0.0, 0.0, 0.0, 0.0, 0.0, 0.0, 0.0
707476, 0.0, 0.0, 94.35063934326172, 0.0, 0.0, -0.664520263671875, 0.0, 0.0, 0.0, 0.0, 0.0, 0.0, 0.0, 0.0, 0.0, 0.0
707486, 0.0, 0.0, 94.35067749023438, 0.0, 0.0, 0.003814697265625, 0.0, 0.0, 0.0, 0.0, 0.0, 0.0, 0.0, 0.0, 0.0, 0.0
707496, 0.0, 0.0, 94.3507080078125, 0.0, 0.0, 0.0030517578125, 0.0, 0.0, 0.0, 0.0, 0.0, 0.0, 0.0, 0.0, 0.0, 0.0
707506, 0.0, 0.0, 94.34745788574219, 0.0, 0.0, -0.32501220703125, 0.0, 0.0, 0.0, 0.0, 0.0, 0.0, 0.0, 0.0, 0.0, 0.0
707516, 0.0, 0.0, 94.34452819824219, 0.0, 0.0, -0.29296875, 0.0, 0.0, 0.0, 0.0, 0.0, 0.0, 0.0, 0.0, 0.0, 0.0
707526, 0.0, 0.0, 94.33369445800781, 0.0, 0.0, -1.0833740234375, 0.0, 0.0, 0.0, 0.0, 0.0, 0.0, 0.0, 0.0, 0.0, 0.0
707536, 0.0, 0.0, 94.32394409179688, 0.0, 0.0, -0.97503662109375, 0.0, 0.0, 0.0, 0.0, 0.0, 0.0, 0.0, 0.0, 0.0, 0.0
707546, 0.0, 0.0, 94.32173156738281, 0.0, 0.0, -0.22125244140625, 0.0, 0.0, 0.0, 0.0, 0.0, 0.0, 0.0, 0.0, 0.0, 0.0
707556, 0.0, 0.0, 94.31974029541016, 0.0, 0.0, -0.199127197265625, 0.0, 0.0, 0.0, 0.0, 0.0, 0.0, 0.0, 0.0, 0.0, 0.0
707566, 0.0, 0.0, 94.31684875488281, 0.0, 0.0, -0.289154052734375, 0.0, 0.0, 0.0, 0.0, 0.0, 0.0, 0.0, 0.0, 0.0, 0.0
707576, 0.0, 0.0, 94.31424713134766, 0.0, 0.0, -0.260162353515625, 0.0, 0.0, 0.0, 0.0, 0.0, 0.0, 0.0, 0.0, 0.0, 0.0
707586, 0.0, 0.0, 94.315185546875, 0.0, 0.0, 0.093841552734375, 0.0, 0.0, 0.0, 0.0, 0.0, 0.0, 0.0, 0.0, 0.0, 0.0
707596, 0.0, 0.0, 94.31603240966797, 0.0, 0.0, 0.084686279296875, 0.0, 0.0, 0.0, 0.0, 0.0, 0.0, 0.0, 0.0, 0.0, 0.0
707606, 0.0, 0.0, 94.3211669921875, 0.0, 0.0, 0.513458251953125, 0.0, 0.0, 0.0, 0.0, 0.0, 0.0, 0.0, 0.0, 0.0, 0.0
707616, 0.0, 0.0, 94.32579040527344, 0.0, 0.0, 0.46234130859375, 0.0, 0.0, 0.0, 0.0, 0.0, 0.0, 0.0, 0.0, 0.0, 0.0
707626, 0.0, 0.0, 94.3343276977539, 0.0, 0.0, 0.853729248046875, 0.0, 0.0, 0.0, 0.0, 0.0, 0.0, 0.0, 0.0, 0.0, 0.0
707636, 0.0, 0.0, 94.34201049804688, 0.0, 0.0, 0.768280029296875, 0.0, 0.0, 0.0, 0.0, 0.0, 0.0, 0.0, 0.0, 0.0, 0.0
707646, 0.0, 0.0, 94.34291076660156, 0.0, 0.0, 0.09002685546875, 0.0, 0.0, 0.0, 0.0, 0.0, 0.0, 0.0, 0.0, 0.0, 0.0
707656, 0.0, 0.0, 94.34371948242188, 0.0, 0.0, 0.08087158203125, 0.0, 0.0, 0.0, 0.0, 0.0, 0.0, 0.0, 0.0, 0.0, 0.0
707666, 0.0, 0.0, 94.35428619384766, 0.0, 0.0, 1.056671142578125, 0.0, 0.0, 0.0, 0.0, 0.0, 0.0, 0.0, 0.0, 0.0