timeTick, stateX, stateY, stateZ, stateVX, stateVY, stateVZ, whisker1, whisker2, whisker3, motor1, motor2, motor3, motor4, yaw, kalX, kalY, kalZ, kalPX, kalPY, kalPZ
1016621, 0.0, 0.0, 93.6358413696289, 0.0, 0.0, 0.23040771484375, 0, 0, 0, 0, 0, 0, 0, 0, 0, 0, 0, 0, 0, 0
1016631, 0.0, 0.0, 93.64119720458984, 0.0, 0.0, 0.53558349609375, 0.0, 0.0, 0.0, 0.0, 0.0, 0.0, 0.0, -10.49120807647705, 0.0, 0.0, 0.0, 0.0, 0.0, 0.0
1016641, 0.0, 0.0, 93.64601135253906, 0.0, 0.0, 0.481414794921875, 0.0, 0.0, 0.0, 0.0, 0.0, 0.0, 0.0, -10.490950584411621, 0.0, 0.0, 0.0, 0.0, 0.0, 0.0
1016651, 0.0, 0.0, 93.64378356933594, 0.0, 0.0, -0.2227783203125, 0.0, 0.0, 0.0, 0.0, 0.0, 0.0, 0.0, -10.490224838256836, 0.0, 0.0, 0.0, 0.0, 0.0, 0.0
1016661, 0.0, 0.0, 93.64177703857422, 0.0, 0.0, -0.200653076171875, 0.0, 0.0, 0.0, 0.0, 0.0, 0.0, 0.0, -10.49185848236084, 0.0, 0.0, 0.0, 0.0, 0.0, 0.0
1016671, 0.0, 0.0, 93.6355972290039, 0.0, 0.0, -0.61798095703125, 0.0, 0.0, 0.0, 0.0, 0.0, 0.0, 0.0, -10.49229907989502, 0.0, 0.0, 0.0, 0.0, 0.0, 0.0
1016681, 0.0, 0.0, 93.63003540039062, 0.0, 0.0, -0.556182861328125, 0.0, 0.0, 0.0, 0.0, 0.0, 0.0, 0.0, -10.492425918579102, 0.0, 0.0, 0.0, 0.0, 0.0, 0.0
1016691, 0.0, 0.0, 93.63214111328125, 0.0, 0.0, 0.2105712890625, 0.0, 0.0, 0.0, 0.0, 0.0, 0.0, 0.0, -10.49102783203125, 0.0, 0.0, 0.0, 0.0, 0.0, 0.0
1016701, 0.0, 0.0, 93.634033203125, 0.0, 0.0, 0.189208984375, 0.0, 0.0, 0.0, 0.0, 0.0, 0.0, 0.0, -10.491408348083496, 0.0, 0.0, 0.0, 0.0, 0.0, 0.0
1016711, 0.0, 0.0, 93.6302719116211, 0.0, 0.0, -0.376129150390625, 0.0, 0.0, 0.0, 0.0, 0.0, 0.0, 0.0, -10.490492820739746, 0.0, 0.0, 0.0, 0.0, 0.0, 0.0
1016721, 0.0, 0.0, 93.62688446044922, 0.0, 0.0, -0.3387451171875, 0.0, 0.0, 0.0, 0.0, 0.0, 0.0, 0.0, -10.492080688476562, 0.0, 0.0, 0.0, 0.0, 0.0, 0.0
1016731, 0.0, 0.0, 93.62712097167969, 0.0, 0.0, 0.023651123046875, 0.0, 0.0, 0.0, 0.0, 0.0, 0.0, 0.0, -10.492043495178223, 0.0, 0.0, 0.0, 0.0, 0.0, 0.0
1016741, 0.0, 0.0, 93.62733459472656, 0.0, 0.0, 0.0213623046875, 0.0, 0.0, 0.0, 0.0, 0.0, 0.0, 0.0, -10.491364479064941, 0.0, 0.0, 0.0, 0.0, 0.0, 0.0
1016751, 0.0, 0.0, 93.6231460571289, 0.0, 0.0, -0.418853759765625, 0.0, 0.0, 0.0, 0.0, 0.0, 0.0, 0.0, -10.492105484008789, 0.0, 0.0, 0.0, 0.0, 0.0, 0.0
1016761, 0.0, 0.0, 93.61937713623047, 0.0, 0.0, -0.37689208984375, 0.0, 0.0, 0.0, 0.0, 0.0, 0.0, 0.0, -10.491798400878906, 0.0, 0.0, 0.0, 0.0, 0.0, 0.0
1016771, 0.0, 0.0, 93.61708068847656, 0.0, 0.0, -0.229644775390625, 0.0, 0.0, 0.0, 0.0, 0.0, 0.0, 0.0, -10.491943359375, 0.0, 0.0, 0.0, 0.0, 0.0, 0.0
1016781, 0.0, 0.0, 93.6150131225586, 0.0, 0.0, -0.206756591796875, 0.0, 0.0, 0.0, 0.0, 0.0, 0.0, 0.0, -10.490732192993164, 0.0, 0.0, 0.0, 0.0, 0.0, 0.0
1016791, 0.0, 0.0, 93.60713958740234, 0.0, 0.0, -0.787353515625, 0.0, 0.0, 0.0, 0.0, 0.0, 0.0, 0.0, -10.49190616607666, 0.0, 0.0, 0.0, 0.0, 0.0, 0.0
1016801, 0.0, 0.0, 93.60005187988281, 0.0, 0.0, -0.708770751953125, 0.0, 0.0, 0.0, 0.0, 0.0, 0.0, 0.0, -10.490655899047852, 0.0, 0.0, 0.0, 0.0, 0.0, 0.0
1016811, 0.0, 0.0, 93.60023498535156, 0.0, 0.0, 0.018310546875, 0.0, 0.0, 0.0, 0.0, 0.0, 0.0, 0.0, -10.490734100341797, 0.0, 0.0, 0.0, 0.0, 0.0, 0.0
1016821, 0.0, 0.0, 93.60039520263672, 0.0, 0.0, 0.016021728515625, 0.0, 0.0, 0.0, 0.0, 0.0, 0.0, 0.0, -10.491634368896484, 0.0, 0.0, 0.0, 0.0, 0.0, 0.0
1016831, 0.0, 0.0, 93.59780883789062, 0.0, 0.0, -0.258636474609375, 0.0, 0.0, 0.0, 0.0, 0.0, 0.0, 0.0, -10.49200439453125, 0.0, 0.0, 0.0, 0.0, 0.0, 0.0
1016841, 0.0, 0.0, 93.5954818725586, 0.0, 0.0, -0.232696533203125, 0.0, 0.0, 0.0, 0.0, 0.0, 0.0, 0.0, -10.492008209228516, 0.0, 0.0, 0.0, 0.0, 0.0, 0.0
1016851, 0.0, 0.0, 93.58682250976562, 0.0, 0.0, -0.865936279296875, 0.0, 0.0, 0.0, 0.0, 0.0, 0.0, 0.0, -10.492612838745117, 0.0, 0.0, 0.0, 0.0, 0.0, 0.0
1016861, 0.0, 0.0, 93.57903289794922, 0.0, 0.0, -0.778961181640625, 0.0, 0.0, 0.0, 0.0, 0.0, 0.0, 0.0, -10.491415977478027, 0.0, 0.0, 0.0, 0.0, 0.0, 0.0
1016871, 0.0, 0.0, 93.57257080078125, 0.0, 0.0, -0.646209716796875, 0.0, 0.0, 0.0, 0.0, 0.0, 0.0, 0.0, -10.492115020751953, 0.0, 0.0, 0.0, 0.0, 0.0, 0.0
1016881, 0.0, 0.0, 93.5667495727539, 0.0, 0.0, -0.582122802734375, 0.0, 0.0, 0.0, 0.0, 0.0, 0.0, 0.0, -10.49146556854248, 0.0, 0.0, 0.0, 0.0, 0.0, 0.0
1016891, 0.0, 0.0, 93.56424713134766, 0.0, 0.0, -0.250244140625, 0.0, 0.0, 0.0, 0.0, 0.0, 0.0, 0.0, -10.49173355102539, 0.0, 0.0, 0.0, 0.0, 0.0, 0.0
1016901, 0.0, 0.0, 93.56199645996094, 0.0, 0.0, -0.225067138671875, 0.0, 0.0, 0.0, 0.0, 0.0, 0.0, 0.0, -10.492158889770508, 0.0, 0.0, 0.0, 0.0, 0.0, 0.0
1016911, 0.0, 0.0, 93.57144927978516, 0.0, 0.0, 0.945281982421875, 0.0, 0.0, 0.0, 0.0, 0.0, 0.0, 0.0, -10.492878913879395, 0.0, 0.0, 0.0, 0.0, 0.0, 0.0
1016921, 0.0, 0.0, 93.57996368408203, 0.0, 0.0, 0.8514404296875, 0.0, 0.0, 0.0, 0.0, 0.0, 0.0, 0.0, -10.494033813476562, 0.0, 0.0, 0.0, 0.0, 0.0, 0.0
1016931, 0.0, 0.0, 93.58379364013672, 0.0, 0.0, 0.38299560546875, 0.0, 0.0, 0.0, 0.0, 0.0, 0.0, 0.0, -10.494216918945312, 0.0, 0.0, 0.0, 0.0, 0.0, 0.0
1016941, 0.0, 0.0, 93.58724212646484, 0.0, 0.0, 0.3448486328125, 0.0, 0.0, 0.0, 0.0, 0.0, 0.0, 0.0, -10.494436264038086, 0.0, 0.0, 0.0, 0.0, 0.0, 0.0
1016951, 0.0, 0.0, 93.59253692626953, 0.0, 0.0, 0.52947998046875, 0.0, 0.0, 0.0, 0.0, 0.0, 0.0, 0.0, -10.494580268859863, 0.0, 0.0, 0.0, 0.0, 0.0, 0.0
1016961, 0.0, 0.0, 93.59729766845703, 0.0, 0.0, 0.47607421875, 0.0, 0.0, 0.0, 0.0, 0.0, 0.0, 0.0, -10.49497127532959, 0.0, 0.0, 0.0, 0.0, 0.0, 0.0
1016971, 0.0, 0.0, 93.60486602783203, 0.0, 0.0, 0.7568359375, 0.0, 0.0, 0.0, 0.0, 0.0, 0.0, 0.0, -10.494050025939941, 0.0, 0.0, 0.0, 0.0, 0.0, 0.0
1016981, 0.0, 0.0, 93.61167907714844, 0.0, 0.0, 0.681304931640625, 0.0, 0.0, 0.0, 0.0, 0.0, 0.0, 0.0, -10.494853973388672, 0.0, 0.0, 0.0, 0.0, 0.0, 0.0
1016991, 0.0, 0.0, 93.60905456542969, 0.0, 0.0, -0.262451171875, 0.0, 0.0, 0.0, 0.0, 0.0, 0.0, 0.0, -10.49448013305664, 0.0, 0.0, 0.0, 0.0, 0.0, 0.0
1017001, 0.0, 0.0, 93.60669708251953, 0.0, 0.0, -0.235748291015625, 0.0, 0.0, 0.0, 0.0, 0.0, 0.0, 0.0, -10.494378089904785, 0.0, 0.0, 0.0, 0.0, 0.0, 0.0
1017011, 0.0, 0.0, 93.60675811767578, 0.0, 0.0, 0.006103515625, 0.0, 0.0, 0.0, 0.0, 0.0, 0.0, 0.0, -10.494531631469727, 0.0, 0.0, 0.0, 0.0, 0.0, 0.0
1017021, 0.0, 0.0, 93.60681915283203, 0.0, 0.0, 0.006103515625, 0.0, 0.0, 0.0, 0.0, 0.0, 0.0, 0.0, -10.49404525756836, 0.0, 0.0, 0.0, 0.0, 0.0, 0.0
1017031, 0.0, 0.0, 93.61124420166016, 0.0, 0.0, 0.4425048828125, 0.0, 0.0, 0.0, 0.0, 0.0, 0.0, 0.0, -10.495038986206055, 0.0, 0.0, 0.0, 0.0, 0.0, 0.0
1017041, 0.0, 0.0, 93.61522674560547, 0.0, 0.0, 0.39825439453125, 0.0, 0.0, 0.0, 0.0, 0.0, 0.0, 0.0, -10.494214057922363, 0.0, 0.0, 0.0, 0.0, 0.0, 0.0
1017051, 0.0, 0.0, 93.61116027832031, 0.0, 0.0, -0.406646728515625, 0.0, 0.0, 0.0, 0.0, 0.0, 0.0, 0.0, -10.495582580566406, 0.0, 0.0, 0.0, 0.0, 0.0, 0.0
1017061, 0.0, 0.0, 93.60749816894531, 0.0, 0.0, -0.3662109375, 0.0, 0.0, 0.0, 0.0, 0.0, 0.0, 0.0, -10.495652198791504, 0.0, 0.0, 0.0, 0.0, 0.0, 0.0
1017071, 0.0, 0.0, 93.60584259033203, 0.0, 0.0, -0.165557861328125, 0.0, 0.0, 0.0, 0.0, 0.0, 0.0, 0.0, -10.496711730957031, 0.0, 0.0, 0.0, 0.0, 0.0, 0.0
1017081, 0.0, 0.0, 93.60435485839844, 0.0, 0.0, -0.148773193359375, 0.0, 0.0, 0.0, 0.0, 0.0, 0.0, 0.0, -10.496554374694824, 0.0, 0.0, 0.0, 0.0, 0.0, 0.0
1017091, 0.0, 0.0, 93.60246276855469, 0.0, 0.0, -0.189208984375, 0.0, 0.0, 0.0, 0.0, 0.0, 0.0, 0.0, -10.495306015014648, 0.0, 0.0, 0.0, 0.0, 0.0, 0.0
1017101, 0.0, 0.0, 93.60076141357422, 0.0, 0.0, -0.170135498046875, 0.0, 0.0, 0.0, 0.0, 0.0, 0.0, 0.0, -10.495365142822266, 0.0, 0.0, 0.0, 0.0, 0.0, 0.0
1017111, 0.0, 0.0, 93.59923553466797, 0.0, 0.0, -0.152587890625, 0.0, 0.0, 0.0, 0.0, 0.0, 0.0, 0.0, -10.494917869567871, 0.0, 0.0, 0.0, 0.0, 0.0, 0.0
1017121, 0.0, 0.0, 93.59786224365234, 0.0, 0.0, -0.1373291015625, 0.0, 0.0, 0.0, 0.0, 0.0, 0.0, 0.0, -10.495013236999512, 0.0, 0.0, 0.0, 0.0, 0.0, 0.0
1017131, 0.0, 0.0, 93.59443664550781, 0.0, 0.0, -0.342559814453125, 0.0, 0.0, 0.0, 0.0, 0.0, 0.0, 0.0, -10.494911193847656, 0.0, 0.0, 0.0, 0.0, 0.0, 0.0
1017141, 0.0, 0.0, 93.59135437011719, 0.0, 0.0, -0.3082275390625, 0.0, 0.0, 0.0, 0.0, 0.0, 0.0, 0.0, -10.495266914367676, 0.0, 0.0, 0.0, 0.0, 0.0, 0.0
1017151, 0.0, 0.0, 93.57654571533203, 0.0, 0.0, -1.480865478515625, 0.0, 0.0, 0.0, 0.0, 0.0, 0.0, 0.0, -10.494791984558105, 0.0, 0.0, 0.0, 0.0, 0.0, 0.0
1017161, 0.0, 0.0, 93.56321716308594, 0.0, 0.0, -1.332855224609375, 0.0, 0.0, 0.0, 0.0, 0.0, 0.0, 0.0, -10.495549201965332, 0.0, 0.0, 0.0, 0.0, 0.0, 0.0
1017171, 0.0, 0.0, 93.54466247558594, 0.0, 0.0, -1.85546875, 0.0, 0.0, 0.0, 0.0, 0.0, 0.0, 0.0, -10.49439525604248, 0.0, 0.0, 0.0, 0.0, 0.0, 0.0
1017181, 0.0, 0.0, 93.52796173095703, 0.0, 0.0, -1.670074462890625, 0.0, 0.0, 0.0, 0.0, 0.0, 0.0, 0.0, -10.49349594116211, 0.0, 0.0, 0.0, 0.0, 0.0, 0.0
1017191, 0.0, 0.0, 93.51293182373047, 0.0, 0.0, -1.50299072265625, 0.0, 0.0, 0.0, 0.0, 0.0, 0.0, 0.0, -10.494012832641602, 0.0, 0.0, 0.0, 0.0, 0.0, 0.0
1017201, 0.0, 0.0, 93.49940490722656, 0.0, 0.0, -1.352691650390625, 0.0, 0.0, 0.0, 0.0, 0.0, 0.0, 0.0, -10.493651390075684, 0.0, 0.0, 0.0, 0.0, 0.0, 0.0
1017211, 0.0, 0.0, 93.49215698242188, 0.0, 0.0, -0.72479248046875, 0.0, 0.0, 0.0, 0.0, 0.0, 0.0, 0.0, -10.49366569519043, 0.0, 0.0, 0.0, 0.0, 0.0, 0.0
1017221, 0.0, 0.0, 93.48563385009766, 0.0, 0.0, -0.652313232421875, 0.0, 0.0, 0.0, 0.0, 0.0, 0.0, 0.0, -10.493307113647461, 0.0, 0.0, 0.0, 0.0, 0.0, 0.0
1017231, 0.0, 0.0, 93.49288177490234, 0.0, 0.0, 0.72479248046875, 0.0, 0.0, 0.0, 0.0, 0.0, 0.0, 0.0, -10.493573188781738, 0.0, 0.0, 0.0, 0.0, 0.0, 0.0
1017241, 0.0, 0.0, 93.49940490722656, 0.0, 0.0, 0.652313232421875, 0.0, 0.0, 0.0, 0.0, 0.0, 0.0, 0.0, -10.493942260742188, 0.0, 0.0, 0.0, 0.0, 0.0, 0.0
1017251, 0.0, 0.0, 93.51293182373047, 0.0, 0.0, 1.352691650390625, 0.0, 0.0, 0.0, 0.0, 0.0, 0.0, 0.0, -10.495038032531738, 0.0, 0.0, 0.0, 0.0, 0.0, 0.0
1017261, 0.0, 0.0, 93.52510833740234, 0.0, 0.0, 1.2176513671875, 0.0, 0.0, 0.0, 0.0, 0.0, 0.0, 0.0, -10.494346618652344, 0.0, 0.0, 0.0, 0.0, 0.0, 0.0
1017271, 0.0, 0.0, 93.5300521850586, 0.0, 0.0, 0.494384765625, 0.0, 0.0, 0.0, 0.0, 0.0, 0.0, 0.0, -10.493070602416992, 0.0, 0.0, 0.0, 0.0, 0.0, 0.0
1017281, 0.0, 0.0, 93.53450012207031, 0.0, 0.0, 0.444793701171875, 0.0, 0.0, 0.0, 0.0, 0.0, 0.0, 0.0, -10.493256568908691, 0.0, 0.0, 0.0, 0.0, 0.0, 0.0
1017291, 0.0, 0.0, 93.53904724121094, 0.0, 0.0, 0.4547119140625, 0.0, 0.0, 0.0, 0.0, 0.0, 0.0, 0.0, -10.493083000183105, 0.0, 0.0, 0.0, 0.0, 0.0, 0.0
1017301, 0.0, 0.0, 93.54314422607422, 0.0, 0.0, 0.409698486328125, 0.0, 0.0, 0.0, 0.0, 0.0, 0.0, 0.0, -10.492780685424805, 0.0, 0.0, 0.0, 0.0, 0.0, 0.0
1017311, 0.0, 0.0, 93.54682922363281, 0.0, 0.0, 0.368499755859375, 0.0, 0.0, 0.0, 0.0, 0.0, 0.0, 0.0, -10.49229907989502, 0.0, 0.0, 0.0, 0.0, 0.0, 0.0
1017321, 0.0, 0.0, 93.5501480102539, 0.0, 0.0, 0.331878662109375, 0.0, 0.0, 0.0, 0.0, 0.0, 0.0, 0.0, -10.493253707885742, 0.0, 0.0, 0.0, 0.0, 0.0, 0.0
1017331, 0.0, 0.0, 93.55094909667969, 0.0, 0.0, 0.080108642578125, 0.0, 0.0, 0.0, 0.0, 0.0, 0.0, 0.0, -10.493919372558594, 0.0, 0.0, 0.0, 0.0, 0.0, 0.0
1017341, 0.0, 0.0, 93.55166625976562, 0.0, 0.0, 0.07171630859375, 0.0, 0.0, 0.0, 0.0, 0.0, 0.0, 0.0, -10.493426322937012, 0.0, 0.0, 0.0, 0.0, 0.0, 0.0
1017351, 0.0, 0.0, 93.55449676513672, 0.0, 0.0, 0.283050537109375, 0.0, 0.0, 0.0, 0.0, 0.0, 0.0, 0.0, -10.494762420654297, 0.0, 0.0, 0.0, 0.0, 0.0, 0.0
1017361, 0.0, 0.0, 93.55704498291016, 0.0, 0.0, 0.25482177734375, 0.0, 0.0, 0.0, 0.0, 0.0, 0.0, 0.0, -10.493541717529297, 0.0, 0.0, 0.0, 0.0, 0.0, 0.0
1017371, 0.0, 0.0, 93.56317138671875, 0.0, 0.0, 0.612640380859375, 0.0, 0.0, 0.0, 0.0, 0.0, 0.0, 0.0, -10.492986679077148, 0.0, 0.0, 0.0, 0.0, 0.0, 0.0
1017381, 0.0, 0.0, 93.56867980957031, 0.0, 0.0, 0.55084228515625, 0.0, 0.0, 0.0, 0.0, 0.0, 0.0, 0.0, -10.49177360534668, 0.0, 0.0, 0.0, 0.0, 0.0, 0.0
1017391, 0.0, 0.0, 93.567626953125, 0.0, 0.0, -0.10528564453125, 0.0, 0.0, 0.0, 0.0, 0.0, 0.0, 0.0, -10.492471694946289, 0.0, 0.0, 0.0, 0.0, 0.0, 0.0
1017401, 0.0, 0.0, 93.56668090820312, 0.0, 0.0, -0.0946044921875, 0.0, 0.0, 0.0, 0.0, 0.0, 0.0, 0.0, -10.49055004119873, 0.0, 0.0, 0.0, 0.0, 0.0, 0.0
1017411, 0.0, 0.0, 93.57457733154297, 0.0, 0.0, 0.789642333984375, 0.0, 0.0, 0.0, 0.0, 0.0, 0.0, 0.0, -10.491741180419922, 0.0, 0.0, 0.0, 0.0, 0.0, 0.0
1017421, 0.0, 0.0, 93.58168029785156, 0.0, 0.0, 0.710296630859375, 0.0, 0.0, 0.0, 0.0, 0.0, 0.0, 0.0, -10.492356300354004, 0.0, 0.0, 0.0, 0.0, 0.0, 0.0
1017431, 0.0, 0.0, 93.58424377441406, 0.0, 0.0, 0.25634765625, 0.0, 0.0, 0.0, 0.0, 0.0, 0.0, 0.0, -10.49390983581543, 0.0, 0.0, 0.0, 0.0, 0.0, 0.0
1017441, 0.0, 0.0, 93.58655548095703, 0.0, 0.0, 0.231170654296875, 0.0, 0.0, 0.0, 0.0, 0.0, 0.0, 0.0, -10.493785858154297, 0.0, 0.0, 0.0, 0.0, 0.0, 0.0
1017451, 0.0, 0.0, 93.58425903320312, 0.0, 0.0, -0.229644775390625, 0.0, 0.0, 0.0, 0.0, 0.0, 0.0, 0.0, -10.492673873901367, 0.0, 0.0, 0.0, 0.0, 0.0, 0.0
1017461, 0.0, 0.0, 93.58219146728516, 0.0, 0.0, -0.206756591796875, 0.0, 0.0, 0.0, 0.0, 0.0, 0.0, 0.0, -10.491910934448242, 0.0, 0.0, 0.0, 0.0, 0.0, 0.0
1017471, 0.0, 0.0, 93.57048797607422, 0.0, 0.0, -1.17034912109375, 0.0, 0.0, 0.0, 0.0, 0.0, 0.0, 0.0, -10.492923736572266, 0.0, 0.0, 0.0, 0.0, 0.0, 0.0
1017481, 0.0, 0.0, 93.5599594116211, 0.0, 0.0, -1.0528564453125, 0.0, 0.0, 0.0, 0.0, 0.0, 0.0, 0.0, -10.492959976196289, 0.0, 0.0, 0.0, 0.0, 0.0, 0.0
1017491, 0.0, 0.0, 93.56852722167969, 0.0, 0.0, 0.856781005859375, 0.0, 0.0, 0.0, 0.0, 0.0, 0.0, 0.0, -10.492629051208496, 0.0, 0.0, 0.0, 0.0, 0.0, 0.0
1017501, 0.0, 0.0, 93.57624053955078, 0.0, 0.0, 0.771331787109375, 0.0, 0.0, 0.0, 0.0, 0.0, 0.0, 0.0, -10.492034912109375, 0.0, 0.0, 0.0, 0.0, 0.0, 0.0
1017511, 0.0, 0.0, 93.57825469970703, 0.0, 0.0, 0.201416015625, 0.0, 0.0, 0.0, 0.0, 0.0, 0.0, 0.0, -10.49193000793457, 0.0, 0.0, 0.0, 0.0, 0.0, 0.0
1017521, 0.0, 0.0, 93.58007049560547, 0.0, 0.0, 0.18157958984375, 0.0, 0.0, 0.0, 0.0, 0.0, 0.0, 0.0, -10.491827011108398, 0.0, 0.0, 0.0, 0.0, 0.0, 0.0
1017531, 0.0, 0.0, 93.5822525024414, 0.0, 0.0, 0.21820068359375, 0.0, 0.0, 0.0, 0.0, 0.0, 0.0, 0.0, -10.491069793701172, 0.0, 0.0, 0.0, 0.0, 0.0, 0.0
1017541, 0.0, 0.0, 93.58421325683594, 0.0, 0.0, 0.196075439453125, 0.0, 0.0, 0.0, 0.0, 0.0, 0.0, 0.0, -10.490476608276367, 0.0, 0.0, 0.0, 0.0, 0.0, 0.0
1017551, 0.0, 0.0, 93.58761596679688, 0.0, 0.0, 0.34027099609375, 0.0, 0.0, 0.0, 0.0, 0.0, 0.0, 0.0, -10.489845275878906, 0.0, 0.0, 0.0, 0.0, 0.0, 0.0
1017561, 0.0, 0.0, 93.59068298339844, 0.0, 0.0, 0.30670166015625, 0.0, 0.0, 0.0, 0.0, 0.0, 0.0, 0.0, -10.490056991577148, 0.0, 0.0, 0.0, 0.0, 0.0, 0.0
1017571, 0.0, 0.0, 93.59890747070312, 0.0, 0.0, 0.82244873046875, 0.0, 0.0, 0.0, 0.0, 0.0, 0.0, 0.0, -10.488739013671875, 0.0, 0.0, 0.0, 0.0, 0.0, 0.0
1017581, 0.0, 0.0, 93.60631561279297, 0.0, 0.0, 0.740814208984375, 0.0, 0.0, 0.0, 0.0, 0.0, 0.0, 0.0, -10.488759994506836, 0.0, 0.0, 0.0, 0.0, 0.0, 0.0
1017591, 0.0, 0.0, 93.60478210449219, 0.0, 0.0, -0.153350830078125, 0.0, 0.0, 0.0, 0.0, 0.0, 0.0, 0.0, -10.488666534423828, 0.0, 0.0, 0.0, 0.0, 0.0, 0.0
1017601, 0.0, 0.0, 93.60340118408203, 0.0, 0.0, -0.138092041015625, 0.0, 0.0, 0.0, 0.0, 0.0, 0.0, 0.0, -10.489258766174316, 0.0, 0.0, 0.0, 0.0, 0.0, 0.0
1017611, 0.0, 0.0, 93.59613800048828, 0.0, 0.0, -0.726318359375, 0.0, 0.0, 0.0, 0.0, 0.0, 0.0, 0.0, -10.489241600036621, 0.0, 0.0, 0.0, 0.0, 0.0, 0.0
1017621, 0.0, 0.0, 93.58960723876953, 0.0, 0.0, -0.653076171875, 0.0, 0.0, 0.0, 0.0, 0.0, 0.0, 0.0, -10.489092826843262, 0.0, 0.0, 0.0, 0.0, 0.0, 0.0
1017631, 0.0, 0.0, 93.58700561523438, 0.0, 0.0, -0.260162353515625, 0.0, 0.0, 0.0, 0.0, 0.0, 0.0, 0.0, -10.48867416381836, 0.0, 0.0, 0.0, 0.0, 0.0, 0.0
1017641, 0.0, 0.0, 93.58466339111328, 0.0, 0.0, -0.234222412109375, 0.0, 0.0, 0.0, 0.0, 0.0, 0.0, 0.0, -10.488693237304688, 0.0, 0.0, 0.0, 0.0, 0.0, 0.0
1017651, 0.0, 0.0, 93.58419799804688, 0.0, 0.0, -0.046539306640625, 0.0, 0.0, 0.0, 0.0, 0.0, 0.0, 0.0, -10.48934555053711, 0.0, 0.0, 0.0, 0.0, 0.0, 0.0
1017661, 0.0, 0.0, 93.58377838134766, 0.0, 0.0, -0.041961669921875, 0.0, 0.0, 0.0, 0.0, 0.0, 0.0, 0.0, -10.488542556762695, 0.0, 0.0, 0.0, 0.0, 0.0, 0.0
1017671, 0.0, 0.0, 93.5751953125, 0.0, 0.0, -0.858306884765625, 0.0, 0.0, 0.0, 0.0, 0.0, 0.0, 0.0, -10.48820972442627, 0.0, 0.0, 0.0, 0.0, 0.0, 0.0
1017681, 0.0, 0.0, 93.56747436523438, 0.0, 0.0, -0.7720947265625, 0.0, 0.0, 0.0, 0.0, 0.0, 0.0, 0.0, -10.488911628723145, 0.0, 0.0, 0.0, 0.0, 0.0, 0.0
1017691, 0.0, 0.0, 93.56380462646484, 0.0, 0.0, -0.366973876953125, 0.0, 0.0, 0.0, 0.0, 0.0, 0.0, 0.0, -10.488248825073242, 0.0, 0.0, 0.0, 0.0, 0.0, 0.0
1017701, 0.0, 0.0, 93.56050109863281, 0.0, 0.0, -0.330352783203125, 0.0, 0.0, 0.0, 0.0, 0.0, 0.0, 0.0, -10.488615036010742, 0.0, 0.0, 0.0, 0.0, 0.0, 0.0
1017711, 0.0, 0.0, 93.55315399169922, 0.0, 0.0, -0.734710693359375, 0.0, 0.0, 0.0, 0.0, 0.0, 0.0, 0.0, -10.488426208496094, 0.0, 0.0, 0.0, 0.0, 0.0, 0.0
1017721, 0.0, 0.0, 93.54654693603516, 0.0, 0.0, -0.66070556640625, 0.0, 0.0, 0.0, 0.0, 0.0, 0.0, 0.0, -10.488386154174805, 0.0, 0.0, 0.0, 0.0, 0.0, 0.0
1017731, 0.0, 0.0, 93.5351333618164, 0.0, 0.0, -1.141357421875, 0.0, 0.0, 0.0, 0.0, 0.0, 0.0, 0.0, -10.48677921295166, 0.0, 0.0, 0.0, 0.0, 0.0, 0.0
1017741, 0.0, 0.0, 93.52485656738281, 0.0, 0.0, -1.027679443359375, 0.0, 0.0, 0.0, 0.0, 0.0, 0.0, 0.0, -10.487346649169922, 0.0, 0.0, 0.0, 0.0, 0.0, 0.0
1017751, 0.0, 0.0, 93.51779174804688, 0.0, 0.0, -0.70648193359375, 0.0, 0.0, 0.0, 0.0, 0.0, 0.0, 0.0, -10.488972663879395, 0.0, 0.0, 0.0, 0.0, 0.0, 0.0
1017761, 0.0, 0.0, 93.51143646240234, 0.0, 0.0, -0.635528564453125, 0.0, 0.0, 0.0, 0.0, 0.0, 0.0, 0.0, -10.487281799316406, 0.0, 0.0, 0.0, 0.0, 0.0, 0.0
1017771, 0.0, 0.0, 93.51719665527344, 0.0, 0.0, 0.576019287109375, 0.0, 0.0, 0.0, 0.0, 0.0, 0.0, 0.0, -10.487151145935059, 0.0, 0.0, 0.0, 0.0, 0.0, 0.0
1017781, 0.0, 0.0, 93.52238464355469, 0.0, 0.0, 0.518798828125, 0.0, 0.0, 0.0, 0.0, 0.0, 0.0, 0.0, -10.486957550048828, 0.0, 0.0, 0.0, 0.0, 0.0, 0.0
1017791, 0.0, 0.0, 93.52377319335938, 0.0, 0.0, 0.13885498046875, 0.0, 0.0, 0.0, 0.0, 0.0, 0.0, 0.0, -10.486586570739746, 0.0, 0.0, 0.0, 0.0, 0.0, 0.0
1017801, 0.0, 0.0, 93.5250244140625, 0.0, 0.0, 0.1251220703125, 0.0, 0.0, 0.0, 0.0, 0.0, 0.0, 0.0, -10.486530303955078, 0.0, 0.0, 0.0, 0.0, 0.0, 0.0
1017811, 0.0, 0.0, 93.5261459350586, 0.0, 0.0, 0.112152099609375, 0.0, 0.0, 0.0, 0.0, 0.0, 0.0, 0.0, -10.486599922180176, 0.0, 0.0, 0.0, 0.0, 0.0, 0.0
1017821, 0.0, 0.0, 93.52716064453125, 0.0, 0.0, 0.101470947265625, 0.0, 0.0, 0.0, 0.0, 0.0, 0.0, 0.0, -10.486371994018555, 0.0, 0.0, 0.0, 0.0, 0.0, 0.0
1017831, 0.0, 0.0, 93.52314758300781, 0.0, 0.0, -0.40130615234375, 0.0, 0.0, 0.0, 0.0, 0.0, 0.0, 0.0, -10.486510276794434, 0.0, 0.0, 0.0, 0.0, 0.0, 0.0
1017841, 0.0, 0.0, 93.51953887939453, 0.0, 0.0, -0.360870361328125, 0.0, 0.0, 0.0, 0.0, 0.0, 0.0, 0.0, -10.486907005310059, 0.0, 0.0, 0.0, 0.0, 0.0, 0.0
1017851, 0.0, 0.0, 93.5201187133789, 0.0, 0.0, 0.0579833984375, 0.0, 0.0, 0.0, 0.0, 0.0, 0.0, 0.0, -10.486863136291504, 0.0, 0.0, 0.0, 0.0, 0.0, 0.0
1017861, 0.0, 0.0, 93.52063751220703, 0.0, 0.0, 0.0518798828125, 0.0, 0.0, 0.0, 0.0, 0.0, 0.0, 0.0, -10.48612117767334, 0.0, 0.0, 0.0, 0.0, 0.0, 0.0
1017871, 0.0, 0.0, 93.50852966308594, 0.0, 0.0, -1.210784912109375, 0.0, 0.0, 0.0, 0.0, 0.0, 0.0, 0.0, -10.487053871154785, 0.0, 0.0, 0.0, 0.0, 0.0, 0.0
1017881, 0.0, 0.0, 93.49763488769531, 0.0, 0.0, -1.0894775390625, 0.0, 0.0, 0.0, 0.0, 0.0, 0.0, 0.0, -10.486312866210938, 0.0, 0.0, 0.0, 0.0, 0.0, 0.0
1017891, 0.0, 0.0, 93.49275207519531, 0.0, 0.0, -0.48828125, 0.0, 0.0, 0.0, 0.0, 0.0, 0.0, 0.0, -10.48410415649414, 0.0, 0.0, 0.0, 0.0, 0.0, 0.0
1017901, 0.0, 0.0, 93.48835754394531, 0.0, 0.0, -0.439453125, 0.0, 0.0, 0.0, 0.0, 0.0, 0.0, 0.0, -10.484294891357422, 0.0, 0.0, 0.0, 0.0, 0.0, 0.0
1017911, 0.0, 0.0, 93.48330688476562, 0.0, 0.0, -0.50506591796875, 0.0, 0.0, 0.0, 0.0, 0.0, 0.0, 0.0, -10.48466682434082, 0.0, 0.0, 0.0, 0.0, 0.0, 0.0
1017921, 0.0, 0.0, 93.478759765625, 0.0, 0.0, -0.4547119140625, 0.0, 0.0, 0.0, 0.0, 0.0, 0.0, 0.0, -10.48422622680664, 0.0, 0.0, 0.0, 0.0, 0.0, 0.0
1017931, 0.0, 0.0, 93.47138977050781, 0.0, 0.0, -0.73699951171875, 0.0, 0.0, 0.0, 0.0, 0.0, 0.0, 0.0, -10.483726501464844, 0.0, 0.0, 0.0, 0.0, 0.0, 0.0
1017941, 0.0, 0.0, 93.46475219726562, 0.0, 0.0, -0.66375732421875, 0.0, 0.0, 0.0, 0.0, 0.0, 0.0, 0.0, -10.484156608581543, 0.0, 0.0, 0.0, 0.0, 0.0, 0.0
1017951, 0.0, 0.0, 93.46424865722656, 0.0, 0.0, -0.05035400390625, 0.0, 0.0, 0.0, 0.0, 0.0, 0.0, 0.0, -10.484028816223145, 0.0, 0.0, 0.0, 0.0, 0.0, 0.0
1017961, 0.0, 0.0, 93.46379089355469, 0.0, 0.0, -0.0457763671875, 0.0, 0.0, 0.0, 0.0, 0.0, 0.0, 0.0, -10.485374450683594, 0.0, 0.0, 0.0, 0.0, 0.0, 0.0
1017971, 0.0, 0.0, 93.46283721923828, 0.0, 0.0, -0.095367431640625, 0.0, 0.0, 0.0, 0.0, 0.0, 0.0, 0.0, -10.483975410461426, 0.0, 0.0, 0.0, 0.0, 0.0, 0.0
1017981, 0.0, 0.0, 93.46197509765625, 0.0, 0.0, -0.086212158203125, 0.0, 0.0, 0.0, 0.0, 0.0, 0.0, 0.0, -10.483895301818848, 0.0, 0.0, 0.0, 0.0, 0.0, 0.0
1017991, 0.0, 0.0, 93.46448516845703, 0.0, 0.0, 0.251007080078125, 0.0, 0.0, 0.0, 0.0, 0.0, 0.0, 0.0, -10.483270645141602, 0.0, 0.0, 0.0, 0.0, 0.0, 0.0
1018001, 0.0, 0.0, 93.46674346923828, 0.0, 0.0, 0.225830078125, 0.0, 0.0, 0.0, 0.0, 0.0, 0.0, 0.0, -10.483288764953613, 0.0, 0.0, 0.0, 0.0, 0.0, 0.0
1018011, 0.0, 0.0, 93.47588348388672, 0.0, 0.0, 0.91400146484375, 0.0, 0.0, 0.0, 0.0, 0.0, 0.0, 0.0, -10.484386444091797, 0.0, 0.0, 0.0, 0.0, 0.0, 0.0
1018021, 0.0, 0.0, 93.4841079711914, 0.0, 0.0, 0.82244873046875, 0.0, 0.0, 0.0, 0.0, 0.0, 0.0, 0.0, -10.482613563537598, 0.0, 0.0, 0.0, 0.0, 0.0, 0.0
1018031, 0.0, 0.0, 93.48822784423828, 0.0, 0.0, 0.4119873046875, 0.0, 0.0, 0.0, 0.0, 0.0, 0.0, 0.0, -10.482828140258789, 0.0, 0.0, 0.0, 0.0, 0.0, 0.0
1018041, 0.0, 0.0, 93.49193572998047, 0.0, 0.0, 0.37078857421875, 0.0, 0.0, 0.0, 0.0, 0.0, 0.0, 0.0, -10.48277759552002, 0.0, 0.0, 0.0, 0.0, 0.0, 0.0
1018051, 0.0, 0.0, 93.49909973144531, 0.0, 0.0, 0.716400146484375, 0.0, 0.0, 0.0, 0.0, 0.0, 0.0, 0.0, -10.482695579528809, 0.0, 0.0, 0.0, 0.0, 0.0, 0.0
1018061, 0.0, 0.0, 93.50554656982422, 0.0, 0.0, 0.644683837890625, 0.0, 0.0, 0.0, 0.0, 0.0, 0.0, 0.0, -10.481871604919434, 0.0, 0.0, 0.0, 0.0, 0.0, 0.0
1018071, 0.0, 0.0, 93.50151062011719, 0.0, 0.0, -0.403594970703125, 0.0, 0.0, 0.0, 0.0, 0.0, 0.0, 0.0, -10.482711791992188, 0.0, 0.0, 0.0, 0.0, 0.0, 0.0
1018081, 0.0, 0.0, 93.49787902832031, 0.0, 0.0, -0.3631591796875, 0.0, 0.0, 0.0, 0.0, 0.0, 0.0, 0.0, -10.481721878051758, 0.0, 0.0, 0.0, 0.0, 0.0, 0.0
1018091, 0.0, 0.0, 93.49734497070312, 0.0, 0.0, -0.05340576171875, 0.0, 0.0, 0.0, 0.0, 0.0, 0.0, 0.0, -10.483088493347168, 0.0, 0.0, 0.0, 0.0, 0.0, 0.0
1018101, 0.0, 0.0, 93.49686431884766, 0.0, 0.0, -0.048065185546875, 0.0, 0.0, 0.0, 0.0, 0.0, 0.0, 0.0, -10.482682228088379, 0.0, 0.0, 0.0, 0.0, 0.0, 0.0
1018111, 0.0, 0.0, 93.4942398071289, 0.0, 0.0, -0.262451171875, 0.0, 0.0, 0.0, 0.0, 0.0, 0.0, 0.0, -10.482719421386719, 0.0, 0.0, 0.0, 0.0, 0.0, 0.0
1018121, 0.0, 0.0, 93.49188232421875, 0.0, 0.0, -0.235748291015625, 0.0, 0.0, 0.0, 0.0, 0.0, 0.0, 0.0, -10.481733322143555, 0.0, 0.0, 0.0, 0.0, 0.0, 0.0
1018131, 0.0, 0.0, 93.49140167236328, 0.0, 0.0, -0.048065185546875, 0.0, 0.0, 0.0, 0.0, 0.0, 0.0, 0.0, -10.483439445495605, 0.0, 0.0, 0.0, 0.0, 0.0, 0.0
1018141, 0.0, 0.0, 93.490966796875, 0.0, 0.0, -0.043487548828125, 0.0, 0.0, 0.0, 0.0, 0.0, 0.0, 0.0, -10.48230266571045, 0.0, 0.0, 0.0, 0.0, 0.0, 0.0
1018151, 0.0, 0.0, 93.49658966064453, 0.0, 0.0, 0.562286376953125, 0.0, 0.0, 0.0, 0.0, 0.0, 0.0, 0.0, -10.482272148132324, 0.0, 0.0, 0.0, 0.0, 0.0, 0.0
1018161, 0.0, 0.0, 93.50164794921875, 0.0, 0.0, 0.505828857421875, 0.0, 0.0, 0.0, 0.0, 0.0, 0.0, 0.0, -10.481925964355469, 0.0, 0.0, 0.0, 0.0, 0.0, 0.0
1018171, 0.0, 0.0, 93.51057434082031, 0.0, 0.0, 0.89263916015625, 0.0, 0.0, 0.0, 0.0, 0.0, 0.0, 0.0, -10.482294082641602, 0.0, 0.0, 0.0, 0.0, 0.0, 0.0
1018181, 0.0, 0.0, 93.51860809326172, 0.0, 0.0, 0.803375244140625, 0.0, 0.0, 0.0, 0.0, 0.0, 0.0, 0.0, -10.483210563659668, 0.0, 0.0, 0.0, 0.0, 0.0, 0.0
1018191, 0.0, 0.0, 93.51982879638672, 0.0, 0.0, 0.1220703125, 0.0, 0.0, 0.0, 0.0, 0.0, 0.0, 0.0, -10.483230590820312, 0.0, 0.0, 0.0, 0.0, 0.0, 0.0
1018201, 0.0, 0.0, 93.52092742919922, 0.0, 0.0, 0.10986328125, 0.0, 0.0, 0.0, 0.0, 0.0, 0.0, 0.0, -10.482443809509277, 0.0, 0.0, 0.0, 0.0, 0.0, 0.0
1018211, 0.0, 0.0, 93.51371002197266, 0.0, 0.0, -0.72174072265625, 0.0, 0.0, 0.0, 0.0, 0.0, 0.0, 0.0, -10.482161521911621, 0.0, 0.0, 0.0, 0.0, 0.0, 0.0
1018221, 0.0, 0.0, 93.50721740722656, 0.0, 0.0, -0.649261474609375, 0.0, 0.0, 0.0, 0.0, 0.0, 0.0, 0.0, -10.483009338378906, 0.0, 0.0, 0.0, 0.0, 0.0, 0.0
1018231, 0.0, 0.0, 93.50738525390625, 0.0, 0.0, 0.01678466796875, 0.0, 0.0, 0.0, 0.0, 0.0, 0.0, 0.0, -10.483307838439941, 0.0, 0.0, 0.0, 0.0, 0.0, 0.0
1018241, 0.0, 0.0, 93.50753784179688, 0.0, 0.0, 0.0152587890625, 0.0, 0.0, 0.0, 0.0, 0.0, 0.0, 0.0, -10.482400894165039, 0.0, 0.0, 0.0, 0.0, 0.0, 0.0
1018251, 0.0, 0.0, 93.49564361572266, 0.0, 0.0, -1.189422607421875, 0.0, 0.0, 0.0, 0.0, 0.0, 0.0, 0.0, -10.481988906860352, 0.0, 0.0, 0.0, 0.0, 0.0, 0.0
1018261, 0.0, 0.0, 93.48493957519531, 0.0, 0.0, -1.070404052734375, 0.0, 0.0, 0.0, 0.0, 0.0, 0.0, 0.0, -10.482735633850098, 0.0, 0.0, 0.0, 0.0, 0.0, 0.0
1018271, 0.0, 0.0, 93.47913360595703, 0.0, 0.0, -0.580596923828125, 0.0, 0.0, 0.0, 0.0, 0.0, 0.0, 0.0, -10.48229694366455, 0.0, 0.0, 0.0, 0.0, 0.0, 0.0
1018281, 0.0, 0.0, 93.47390747070312, 0.0, 0.0, -0.522613525390625, 0.0, 0.0, 0.0, 0.0, 0.0, 0.0, 0.0, -10.481568336486816, 0.0, 0.0, 0.0, 0.0, 0.0, 0.0
1018291, 0.0, 0.0, 93.4708480834961, 0.0, 0.0, -0.305938720703125, 0.0, 0.0, 0.0, 0.0, 0.0, 0.0, 0.0, -10.481725692749023, 0.0, 0.0, 0.0, 0.0, 0.0, 0.0
1018301, 0.0, 0.0, 93.46809387207031, 0.0, 0.0, -0.275421142578125, 0.0, 0.0, 0.0, 0.0, 0.0, 0.0, 0.0, -10.481761932373047, 0.0, 0.0, 0.0, 0.0, 0.0, 0.0
1018311, 0.0, 0.0, 93.46944427490234, 0.0, 0.0, 0.135040283203125, 0.0, 0.0, 0.0, 0.0, 0.0, 0.0, 0.0, -10.48239517211914, 0.0, 0.0, 0.0, 0.0, 0.0, 0.0
1018321, 0.0, 0.0, 93.47065734863281, 0.0, 0.0, 0.121307373046875, 0.0, 0.0, 0.0, 0.0, 0.0, 0.0, 0.0, -10.48244571685791, 0.0, 0.0, 0.0, 0.0, 0.0, 0.0
1018331, 0.0, 0.0, 93.47502899169922, 0.0, 0.0, 0.437164306640625, 0.0, 0.0, 0.0, 0.0, 0.0, 0.0, 0.0, -10.482722282409668, 0.0, 0.0, 0.0, 0.0, 0.0, 0.0
1018341, 0.0, 0.0, 93.47896575927734, 0.0, 0.0, 0.3936767578125, 0.0, 0.0, 0.0, 0.0, 0.0, 0.0, 0.0, -10.48135757446289, 0.0, 0.0, 0.0, 0.0, 0.0, 0.0
1018351, 0.0, 0.0, 93.4704818725586, 0.0, 0.0, -0.848388671875, 0.0, 0.0, 0.0, 0.0, 0.0, 0.0, 0.0, -10.481880187988281, 0.0, 0.0, 0.0, 0.0, 0.0, 0.0
1018361, 0.0, 0.0, 93.46284484863281, 0.0, 0.0, -0.763702392578125, 0.0, 0.0, 0.0, 0.0, 0.0, 0.0, 0.0, -10.481192588806152, 0.0, 0.0, 0.0, 0.0, 0.0, 0.0
1018371, 0.0, 0.0, 93.45706176757812, 0.0, 0.0, -0.57830810546875, 0.0, 0.0, 0.0, 0.0, 0.0, 0.0, 0.0, -10.480568885803223, 0.0, 0.0, 0.0, 0.0, 0.0, 0.0
1018381, 0.0, 0.0, 93.45185852050781, 0.0, 0.0, -0.52032470703125, 0.0, 0.0, 0.0, 0.0, 0.0, 0.0, 0.0, -10.48215103149414, 0.0, 0.0, 0.0, 0.0, 0.0, 0.0
1018391, 0.0, 0.0, 93.43952178955078, 0.0, 0.0, -1.233673095703125, 0.0, 0.0, 0.0, 0.0, 0.0, 0.0, 0.0, -10.48097038269043, 0.0, 0.0, 0.0, 0.0, 0.0, 0.0
1018401, 0.0, 0.0, 93.42841339111328, 0.0, 0.0, -1.11083984375, 0.0, 0.0, 0.0, 0.0, 0.0, 0.0, 0.0, -10.481583595275879, 0.0, 0.0, 0.0, 0.0, 0.0, 0.0
1018411, 0.0, 0.0, 93.42115783691406, 0.0, 0.0, -0.725555419921875, 0.0, 0.0, 0.0, 0.0, 0.0, 0.0, 0.0, -10.482245445251465, 0.0, 0.0, 0.0, 0.0, 0.0, 0.0
1018421, 0.0, 0.0, 93.41462707519531, 0.0, 0.0, -0.653076171875, 0.0, 0.0, 0.0, 0.0, 0.0, 0.0, 0.0, -10.481672286987305, 0.0, 0.0, 0.0, 0.0, 0.0, 0.0
1018431, 0.0, 0.0, 93.41421508789062, 0.0, 0.0, -0.04119873046875, 0.0, 0.0, 0.0, 0.0, 0.0, 0.0, 0.0, -10.479729652404785, 0.0, 0.0, 0.0, 0.0, 0.0, 0.0
1018441, 0.0, 0.0, 93.4138412475586, 0.0, 0.0, -0.037384033203125, 0.0, 0.0, 0.0, 0.0, 0.0, 0.0, 0.0, -10.479804992675781, 0.0, 0.0, 0.0, 0.0, 0.0, 0.0
1018451, 0.0, 0.0, 93.41678619384766, 0.0, 0.0, 0.29449462890625, 0.0, 0.0, 0.0, 0.0, 0.0, 0.0, 0.0, -10.479464530944824, 0.0, 0.0, 0.0, 0.0, 0.0, 0.0
1018461, 0.0, 0.0, 93.41943359375, 0.0, 0.0, 0.264739990234375, 0.0, 0.0, 0.0, 0.0, 0.0, 0.0, 0.0, -10.479004859924316, 0.0, 0.0, 0.0, 0.0, 0.0, 0.0
1018471, 0.0, 0.0, 93.4289321899414, 0.0, 0.0, 0.949859619140625, 0.0, 0.0, 0.0, 0.0, 0.0, 0.0, 0.0, -10.478358268737793, 0.0, 0.0, 0.0, 0.0, 0.0, 0.0
1018481, 0.0, 0.0, 93.4374771118164, 0.0, 0.0, 0.8544921875, 0.0, 0.0, 0.0, 0.0, 0.0, 0.0, 0.0, -10.47804069519043, 0.0, 0.0, 0.0, 0.0, 0.0, 0.0
1018491, 0.0, 0.0, 93.44352722167969, 0.0, 0.0, 0.605010986328125, 0.0, 0.0, 0.0, 0.0, 0.0, 0.0, 0.0, -10.478344917297363, 0.0, 0.0, 0.0, 0.0, 0.0, 0.0
1018501, 0.0, 0.0, 93.448974609375, 0.0, 0.0, 0.54473876953125, 0.0, 0.0, 0.0, 0.0, 0.0, 0.0, 0.0, -10.478463172912598, 0.0, 0.0, 0.0, 0.0, 0.0, 0.0
1018511, 0.0, 0.0, 93.45387268066406, 0.0, 0.0, 0.48980712890625, 0.0, 0.0, 0.0, 0.0, 0.0, 0.0, 0.0, -10.478572845458984, 0.0, 0.0, 0.0, 0.0, 0.0, 0.0
1018521, 0.0, 0.0, 93.45828247070312, 0.0, 0.0, 0.44097900390625, 0.0, 0.0, 0.0, 0.0, 0.0, 0.0, 0.0, -10.47849178314209, 0.0, 0.0, 0.0, 0.0, 0.0, 0.0
1018531, 0.0, 0.0, 93.46170806884766, 0.0, 0.0, 0.342559814453125, 0.0, 0.0, 0.0, 0.0, 0.0, 0.0, 0.0, -10.478968620300293, 0.0, 0.0, 0.0, 0.0, 0.0, 0.0
1018541, 0.0, 0.0, 93.46479034423828, 0.0, 0.0, 0.3082275390625, 0.0, 0.0, 0.0, 0.0, 0.0, 0.0, 0.0, -10.47875690460205, 0.0, 0.0, 0.0, 0.0, 0.0, 0.0
1018551, 0.0, 0.0, 93.47029876708984, 0.0, 0.0, 0.55084228515625, 0.0, 0.0, 0.0, 0.0, 0.0, 0.0, 0.0, -10.478607177734375, 0.0, 0.0, 0.0, 0.0, 0.0, 0.0
1018561, 0.0, 0.0, 93.47525787353516, 0.0, 0.0, 0.49591064453125, 0.0, 0.0, 0.0, 0.0, 0.0, 0.0, 0.0, -10.47871208190918, 0.0, 0.0, 0.0, 0.0, 0.0, 0.0
1018571, 0.0, 0.0, 93.48026275634766, 0.0, 0.0, 0.50048828125, 0.0, 0.0, 0.0, 0.0, 0.0, 0.0, 0.0, -10.478606224060059, 0.0, 0.0, 0.0, 0.0, 0.0, 0.0
1018581, 0.0, 0.0, 93.48477172851562, 0.0, 0.0, 0.450897216796875, 0.0, 0.0, 0.0, 0.0, 0.0, 0.0, 0.0, -10.479018211364746, 0.0, 0.0, 0.0, 0.0, 0.0, 0.0
1018591, 0.0, 0.0, 93.48554229736328, 0.0, 0.0, 0.077056884765625, 0.0, 0.0, 0.0, 0.0, 0.0, 0.0, 0.0, -10.47938346862793, 0.0, 0.0, 0.0, 0.0, 0.0, 0.0
1018601, 0.0, 0.0, 93.48623657226562, 0.0, 0.0, 0.069427490234375, 0.0, 0.0, 0.0, 0.0, 0.0, 0.0, 0.0, -10.480148315429688, 0.0, 0.0, 0.0, 0.0, 0.0, 0.0
1018611, 0.0, 0.0, 93.48303985595703, 0.0, 0.0, -0.319671630859375, 0.0, 0.0, 0.0, 0.0, 0.0, 0.0, 0.0, -10.479613304138184, 0.0, 0.0, 0.0, 0.0, 0.0, 0.0
1018621, 0.0, 0.0, 93.48016357421875, 0.0, 0.0, -0.287628173828125, 0.0, 0.0, 0.0, 0.0, 0.0, 0.0, 0.0, -10.479779243469238, 0.0, 0.0, 0.0, 0.0, 0.0, 0.0
1018631, 0.0, 0.0, 93.48303985595703, 0.0, 0.0, 0.287628173828125, 0.0, 0.0, 0.0, 0.0, 0.0, 0.0, 0.0, -10.479140281677246, 0.0, 0.0, 0.0, 0.0, 0.0, 0.0
1018641, 0.0, 0.0, 93.48562622070312, 0.0, 0.0, 0.258636474609375, 0.0, 0.0, 0.0, 0.0, 0.0, 0.0, 0.0, -10.479042053222656, 0.0, 0.0, 0.0, 0.0, 0.0, 0.0
1018651, 0.0, 0.0, 93.48194122314453, 0.0, 0.0, -0.368499755859375, 0.0, 0.0, 0.0, 0.0, 0.0, 0.0, 0.0, -10.47822380065918, 0.0, 0.0, 0.0, 0.0, 0.0, 0.0
1018661, 0.0, 0.0, 93.47862243652344, 0.0, 0.0, -0.331878662109375, 0.0, 0.0, 0.0, 0.0, 0.0, 0.0, 0.0, -10.478906631469727, 0.0, 0.0, 0.0, 0.0, 0.0, 0.0
1018671, 0.0, 0.0, 93.47782135009766, 0.0, 0.0, -0.080108642578125, 0.0, 0.0, 0.0, 0.0, 0.0, 0.0, 0.0, -10.479513168334961, 0.0, 0.0, 0.0, 0.0, 0.0, 0.0
1018681, 0.0, 0.0, 93.47710418701172, 0.0, 0.0, -0.07171630859375, 0.0, 0.0, 0.0, 0.0, 0.0, 0.0, 0.0, -10.479018211364746, 0.0, 0.0, 0.0, 0.0, 0.0, 0.0
1018691, 0.0, 0.0, 93.479736328125, 0.0, 0.0, 0.263214111328125, 0.0, 0.0, 0.0, 0.0, 0.0, 0.0, 0.0, -10.47905445098877, 0.0, 0.0, 0.0, 0.0, 0.0, 0.0
1018701, 0.0, 0.0, 93.48210906982422, 0.0, 0.0, 0.237274169921875, 0.0, 0.0, 0.0, 0.0, 0.0, 0.0, 0.0, -10.478002548217773, 0.0, 0.0, 0.0, 0.0, 0.0, 0.0
1018711, 0.0, 0.0, 93.48424530029297, 0.0, 0.0, 0.213623046875, 0.0, 0.0, 0.0, 0.0, 0.0, 0.0, 0.0, -10.47792911529541, 0.0, 0.0, 0.0, 0.0, 0.0, 0.0
1018721, 0.0, 0.0, 93.48616790771484, 0.0, 0.0, 0.1922607421875, 0.0, 0.0, 0.0, 0.0, 0.0, 0.0, 0.0, -10.478631973266602, 0.0, 0.0, 0.0, 0.0, 0.0, 0.0
1018731, 0.0, 0.0, 93.49555206298828, 0.0, 0.0, 0.93841552734375, 0.0, 0.0, 0.0, 0.0, 0.0, 0.0, 0.0, -10.477984428405762, 0.0, 0.0, 0.0, 0.0, 0.0, 0.0
1018741, 0.0, 0.0, 93.50399780273438, 0.0, 0.0, 0.844573974609375, 0.0, 0.0, 0.0, 0.0, 0.0, 0.0, 0.0, -10.477580070495605, 0.0, 0.0, 0.0, 0.0, 0.0, 0.0
1018751, 0.0, 0.0, 93.51378631591797, 0.0, 0.0, 0.978851318359375, 0.0, 0.0, 0.0, 0.0, 0.0, 0.0, 0.0, -10.476455688476562, 0.0, 0.0, 0.0, 0.0, 0.0, 0.0
1018761, 0.0, 0.0, 93.52259826660156, 0.0, 0.0, 0.881195068359375, 0.0, 0.0, 0.0, 0.0, 0.0, 0.0, 0.0, -10.475704193115234, 0.0, 0.0, 0.0, 0.0, 0.0, 0.0
1018771, 0.0, 0.0, 93.53326416015625, 0.0, 0.0, 1.06658935546875, 0.0, 0.0, 0.0, 0.0, 0.0, 0.0, 0.0, -10.475971221923828, 0.0, 0.0, 0.0, 0.0, 0.0, 0.0
1018781, 0.0, 0.0, 93.54286193847656, 0.0, 0.0, 0.95977783203125, 0.0, 0.0, 0.0, 0.0, 0.0, 0.0, 0.0, -10.47512435913086, 0.0, 0.0, 0.0, 0.0, 0.0, 0.0
1018791, 0.0, 0.0, 93.54985809326172, 0.0, 0.0, 0.699615478515625, 0.0, 0.0, 0.0, 0.0, 0.0, 0.0, 0.0, -10.475292205810547, 0.0, 0.0, 0.0, 0.0, 0.0, 0.0
1018801, 0.0, 0.0, 93.55615234375, 0.0, 0.0, 0.629425048828125, 0.0, 0.0, 0.0, 0.0, 0.0, 0.0, 0.0, -10.475658416748047, 0.0, 0.0, 0.0, 0.0, 0.0, 0.0
1018811, 0.0, 0.0, 93.5601806640625, 0.0, 0.0, 0.40283203125, 0.0, 0.0, 0.0, 0.0, 0.0, 0.0, 0.0, -10.474609375, 0.0, 0.0, 0.0, 0.0, 0.0, 0.0
1018821, 0.0, 0.0, 93.56380462646484, 0.0, 0.0, 0.362396240234375, 0.0, 0.0, 0.0, 0.0, 0.0, 0.0, 0.0, -10.473953247070312, 0.0, 0.0, 0.0, 0.0, 0.0, 0.0
1018831, 0.0, 0.0, 93.56925201416016, 0.0, 0.0, 0.54473876953125, 0.0, 0.0, 0.0, 0.0, 0.0, 0.0, 0.0, -10.473623275756836, 0.0, 0.0, 0.0, 0.0, 0.0, 0.0
1018841, 0.0, 0.0, 93.57415771484375, 0.0, 0.0, 0.490570068359375, 0.0, 0.0, 0.0, 0.0, 0.0, 0.0, 0.0, -10.473682403564453, 0.0, 0.0, 0.0, 0.0, 0.0, 0.0
1018851, 0.0, 0.0, 93.57310485839844, 0.0, 0.0, -0.10528564453125, 0.0, 0.0, 0.0, 0.0, 0.0, 0.0, 0.0, -10.473499298095703, 0.0, 0.0, 0.0, 0.0, 0.0, 0.0
1018861, 0.0, 0.0, 93.57215118408203, 0.0, 0.0, -0.095367431640625, 0.0, 0.0, 0.0, 0.0, 0.0, 0.0, 0.0, -10.474720001220703, 0.0, 0.0, 0.0, 0.0, 0.0, 0.0
1018871, 0.0, 0.0, 93.56473541259766, 0.0, 0.0, -0.7415771484375, 0.0, 0.0, 0.0, 0.0, 0.0, 0.0, 0.0, -10.473467826843262, 0.0, 0.0, 0.0, 0.0, 0.0, 0.0
1018881, 0.0, 0.0, 93.55805969238281, 0.0, 0.0, -0.667572021484375, 0.0, 0.0, 0.0, 0.0, 0.0, 0.0, 0.0, -10.473175048828125, 0.0, 0.0, 0.0, 0.0, 0.0, 0.0
1018891, 0.0, 0.0, 93.5449447631836, 0.0, 0.0, -1.311492919921875, 0.0, 0.0, 0.0, 0.0, 0.0, 0.0, 0.0, -10.47244930267334, 0.0, 0.0, 0.0, 0.0, 0.0, 0.0
1018901, 0.0, 0.0, 93.53314208984375, 0.0, 0.0, -1.180267333984375, 0.0, 0.0, 0.0, 0.0, 0.0, 0.0, 0.0, -10.473939895629883, 0.0, 0.0, 0.0, 0.0, 0.0, 0.0
1018911, 0.0, 0.0, 93.51431274414062, 0.0, 0.0, -1.8829345703125, 0.0, 0.0, 0.0, 0.0, 0.0, 0.0, 0.0, -10.474275588989258, 0.0, 0.0, 0.0, 0.0, 0.0, 0.0
1018921, 0.0, 0.0, 93.49736785888672, 0.0, 0.0, -1.694488525390625, 0.0, 0.0, 0.0, 0.0, 0.0, 0.0, 0.0, -10.474451065063477, 0.0, 0.0, 0.0, 0.0, 0.0, 0.0
1018931, 0.0, 0.0, 93.4881362915039, 0.0, 0.0, -0.92315673828125, 0.0, 0.0, 0.0, 0.0, 0.0, 0.0, 0.0, -10.474157333374023, 0.0, 0.0, 0.0, 0.0, 0.0, 0.0
1018941, 0.0, 0.0, 93.47982788085938, 0.0, 0.0, -0.830841064453125, 0.0, 0.0, 0.0, 0.0, 0.0, 0.0, 0.0, -10.473531723022461, 0.0, 0.0, 0.0, 0.0, 0.0, 0.0
1018951, 0.0, 0.0, 93.47016143798828, 0.0, 0.0, -0.966644287109375, 0.0, 0.0, 0.0, 0.0, 0.0, 0.0, 0.0, -10.473356246948242, 0.0, 0.0, 0.0, 0.0, 0.0, 0.0
1018961, 0.0, 0.0, 93.46146392822266, 0.0, 0.0, -0.8697509765625, 0.0, 0.0, 0.0, 0.0, 0.0, 0.0, 0.0, -10.473433494567871, 0.0, 0.0, 0.0, 0.0, 0.0, 0.0
1018971, 0.0, 0.0, 93.4634780883789, 0.0, 0.0, 0.201416015625, 0.0, 0.0, 0.0, 0.0, 0.0, 0.0, 0.0, -10.473002433776855, 0.0, 0.0, 0.0, 0.0, 0.0, 0.0
1018981, 0.0, 0.0, 93.46528625488281, 0.0, 0.0, 0.180816650390625, 0.0, 0.0, 0.0, 0.0, 0.0, 0.0, 0.0, -10.472769737243652, 0.0, 0.0, 0.0, 0.0, 0.0, 0.0
1018991, 0.0, 0.0, 93.46965026855469, 0.0, 0.0, 0.4364013671875, 0.0, 0.0, 0.0, 0.0, 0.0, 0.0, 0.0, -10.472349166870117, 0.0, 0.0, 0.0, 0.0, 0.0, 0.0
1019001, 0.0, 0.0, 93.47357940673828, 0.0, 0.0, 0.392913818359375, 0.0, 0.0, 0.0, 0.0, 0.0, 0.0, 0.0, -10.471349716186523, 0.0, 0.0, 0.0, 0.0, 0.0, 0.0
1019011, 0.0, 0.0, 93.47930145263672, 0.0, 0.0, 0.57220458984375, 0.0, 0.0, 0.0, 0.0, 0.0, 0.0, 0.0, -10.470258712768555, 0.0, 0.0, 0.0, 0.0, 0.0, 0.0
1019021, 0.0, 0.0, 93.48445129394531, 0.0, 0.0, 0.514984130859375, 0.0, 0.0, 0.0, 0.0, 0.0, 0.0, 0.0, -10.470574378967285, 0.0, 0.0, 0.0, 0.0, 0.0, 0.0
1019031, 0.0, 0.0, 93.49072265625, 0.0, 0.0, 0.62713623046875, 0.0, 0.0, 0.0, 0.0, 0.0, 0.0, 0.0, -10.471407890319824, 0.0, 0.0, 0.0, 0.0, 0.0, 0.0
1019041, 0.0, 0.0, 93.49636840820312, 0.0, 0.0, 0.5645751953125, 0.0, 0.0, 0.0, 0.0, 0.0, 0.0, 0.0, -10.471970558166504, 0.0, 0.0, 0.0, 0.0, 0.0, 0.0
1019051, 0.0, 0.0, 93.49215698242188, 0.0, 0.0, -0.421142578125, 0.0, 0.0, 0.0, 0.0, 0.0, 0.0, 0.0, -10.471284866333008, 0.0, 0.0, 0.0, 0.0, 0.0, 0.0
1019061, 0.0, 0.0, 93.48836517333984, 0.0, 0.0, -0.379180908203125, 0.0, 0.0, 0.0, 0.0, 0.0, 0.0, 0.0, -10.471558570861816, 0.0, 0.0, 0.0, 0.0, 0.0, 0.0
1019071, 0.0, 0.0, 93.47948455810547, 0.0, 0.0, -0.8880615234375, 0.0, 0.0, 0.0, 0.0, 0.0, 0.0, 0.0, -10.473095893859863, 0.0, 0.0, 0.0, 0.0, 0.0, 0.0
1019081, 0.0, 0.0, 93.47148895263672, 0.0, 0.0, -0.799560546875, 0.0, 0.0, 0.0, 0.0, 0.0, 0.0, 0.0, -10.4724760055542, 0.0, 0.0, 0.0, 0.0, 0.0, 0.0
1019091, 0.0, 0.0, 93.46648406982422, 0.0, 0.0, -0.50048828125, 0.0, 0.0, 0.0, 0.0, 0.0, 0.0, 0.0, -10.472099304199219, 0.0, 0.0, 0.0, 0.0, 0.0, 0.0
1019101, 0.0, 0.0, 93.46198272705078, 0.0, 0.0, -0.45013427734375, 0.0, 0.0, 0.0, 0.0, 0.0, 0.0, 0.0, -10.471388816833496, 0.0, 0.0, 0.0, 0.0, 0.0, 0.0
1019111, 0.0, 0.0, 93.45683288574219, 0.0, 0.0, -0.514984130859375, 0.0, 0.0, 0.0, 0.0, 0.0, 0.0, 0.0, -10.471299171447754, 0.0, 0.0, 0.0, 0.0, 0.0, 0.0
1019121, 0.0, 0.0, 93.45220184326172, 0.0, 0.0, -0.463104248046875, 0.0, 0.0, 0.0, 0.0, 0.0, 0.0, 0.0, -10.470175743103027, 0.0, 0.0, 0.0, 0.0, 0.0, 0.0
1019131, 0.0, 0.0, 93.44584655761719, 0.0, 0.0, -0.635528564453125, 0.0, 0.0, 0.0, 0.0, 0.0, 0.0, 0.0, -10.469403266906738, 0.0, 0.0, 0.0, 0.0, 0.0, 0.0
1019141, 0.0, 0.0, 93.44012451171875, 0.0, 0.0, -0.57220458984375, 0.0, 0.0, 0.0, 0.0, 0.0, 0.0, 0.0, -10.470002174377441, 0.0, 0.0, 0.0, 0.0, 0.0, 0.0
1019151, 0.0, 0.0, 93.442626953125, 0.0, 0.0, 0.250244140625, 0.0, 0.0, 0.0, 0.0, 0.0, 0.0, 0.0, -10.470771789550781, 0.0, 0.0, 0.0, 0.0, 0.0, 0.0
1019161, 0.0, 0.0, 93.44488525390625, 0.0, 0.0, 0.225830078125, 0.0, 0.0, 0.0, 0.0, 0.0, 0.0, 0.0, -10.470290184020996, 0.0, 0.0, 0.0, 0.0, 0.0, 0.0
1019171, 0.0, 0.0, 93.45238494873047, 0.0, 0.0, 0.749969482421875, 0.0, 0.0, 0.0, 0.0, 0.0, 0.0, 0.0, -10.468894958496094, 0.0, 0.0, 0.0, 0.0, 0.0, 0.0
1019181, 0.0, 0.0, 93.4591293334961, 0.0, 0.0, 0.6744384765625, 0.0, 0.0, 0.0, 0.0, 0.0, 0.0, 0.0, -10.469046592712402, 0.0, 0.0, 0.0, 0.0, 0.0, 0.0
1019191, 0.0, 0.0, 93.47176361083984, 0.0, 0.0, 1.263427734375, 0.0, 0.0, 0.0, 0.0, 0.0, 0.0, 0.0, -10.469876289367676, 0.0, 0.0, 0.0, 0.0, 0.0, 0.0
1019201, 0.0, 0.0, 93.4831314086914, 0.0, 0.0, 1.13677978515625, 0.0, 0.0, 0.0, 0.0, 0.0, 0.0, 0.0, -10.469378471374512, 0.0, 0.0, 0.0, 0.0, 0.0, 0.0
1019211, 0.0, 0.0, 93.4917221069336, 0.0, 0.0, 0.85906982421875, 0.0, 0.0, 0.0, 0.0, 0.0, 0.0, 0.0, -10.46971321105957, 0.0, 0.0, 0.0, 0.0, 0.0, 0.0
1019221, 0.0, 0.0, 93.49945831298828, 0.0, 0.0, 0.77362060546875, 0.0, 0.0, 0.0, 0.0, 0.0, 0.0, 0.0, -10.47014331817627, 0.0, 0.0, 0.0, 0.0, 0.0, 0.0
1019231, 0.0, 0.0, 93.49767303466797, 0.0, 0.0, -0.17852783203125, 0.0, 0.0, 0.0, 0.0, 0.0, 0.0, 0.0, -10.470091819763184, 0.0, 0.0, 0.0, 0.0, 0.0, 0.0
1019241, 0.0, 0.0, 93.49606323242188, 0.0, 0.0, -0.160980224609375, 0.0, 0.0, 0.0, 0.0, 0.0, 0.0, 0.0, -10.470992088317871, 0.0, 0.0, 0.0, 0.0, 0.0, 0.0
1019251, 0.0, 0.0, 93.49406433105469, 0.0, 0.0, -0.19989013671875, 0.0, 0.0, 0.0, 0.0, 0.0, 0.0, 0.0, -10.471322059631348, 0.0, 0.0, 0.0, 0.0, 0.0, 0.0
1019261, 0.0, 0.0, 93.49227142333984, 0.0, 0.0, -0.179290771484375, 0.0, 0.0, 0.0, 0.0, 0.0, 0.0, 0.0, -10.471691131591797, 0.0, 0.0, 0.0, 0.0, 0.0, 0.0
1019271, 0.0, 0.0, 93.4972152709961, 0.0, 0.0, 0.494384765625, 0.0, 0.0, 0.0, 0.0, 0.0, 0.0, 0.0, -10.470903396606445, 0.0, 0.0, 0.0, 0.0, 0.0, 0.0
1019281, 0.0, 0.0, 93.50167083740234, 0.0, 0.0, 0.445556640625, 0.0, 0.0, 0.0, 0.0, 0.0, 0.0, 0.0, -10.470494270324707, 0.0, 0.0, 0.0, 0.0, 0.0, 0.0
1019291, 0.0, 0.0, 93.50239562988281, 0.0, 0.0, 0.072479248046875, 0.0, 0.0, 0.0, 0.0, 0.0, 0.0, 0.0, -10.470807075500488, 0.0, 0.0, 0.0, 0.0, 0.0, 0.0
1019301, 0.0, 0.0, 93.50304412841797, 0.0, 0.0, 0.064849853515625, 0.0, 0.0, 0.0, 0.0, 0.0, 0.0, 0.0, -10.469823837280273, 0.0, 0.0, 0.0, 0.0, 0.0, 0.0
1019311, 0.0, 0.0, 93.50472259521484, 0.0, 0.0, 0.1678466796875, 0.0, 0.0, 0.0, 0.0, 0.0, 0.0, 0.0, -10.4702730178833, 0.0, 0.0, 0.0, 0.0, 0.0, 0.0
1019321, 0.0, 0.0, 93.50623321533203, 0.0, 0.0, 0.15106201171875, 0.0, 0.0, 0.0, 0.0, 0.0, 0.0, 0.0, -10.47095012664795, 0.0, 0.0, 0.0, 0.0, 0.0, 0.0
1019331, 0.0, 0.0, 93.50650024414062, 0.0, 0.0, 0.026702880859375, 0.0, 0.0, 0.0, 0.0, 0.0, 0.0, 0.0, -10.47147274017334, 0.0, 0.0, 0.0, 0.0, 0.0, 0.0
1019341, 0.0, 0.0, 93.50674438476562, 0.0, 0.0, 0.0244140625, 0.0, 0.0, 0.0, 0.0, 0.0, 0.0, 0.0, -10.471800804138184, 0.0, 0.0, 0.0, 0.0, 0.0, 0.0
1019351, 0.0, 0.0, 93.51133728027344, 0.0, 0.0, 0.45928955078125, 0.0, 0.0, 0.0, 0.0, 0.0, 0.0, 0.0, -10.473292350769043, 0.0, 0.0, 0.0, 0.0, 0.0, 0.0
1019361, 0.0, 0.0, 93.51547241210938, 0.0, 0.0, 0.41351318359375, 0.0, 0.0, 0.0, 0.0, 0.0, 0.0, 0.0, -10.472786903381348, 0.0, 0.0, 0.0, 0.0, 0.0, 0.0
1019371, 0.0, 0.0, 93.52356719970703, 0.0, 0.0, 0.809478759765625, 0.0, 0.0, 0.0, 0.0, 0.0, 0.0, 0.0, -10.472428321838379, 0.0, 0.0, 0.0, 0.0, 0.0, 0.0
1019381, 0.0, 0.0, 93.53085327148438, 0.0, 0.0, 0.728607177734375, 0.0, 0.0, 0.0, 0.0, 0.0, 0.0, 0.0, -10.472460746765137, 0.0, 0.0, 0.0, 0.0, 0.0, 0.0
1019391, 0.0, 0.0, 93.52373504638672, 0.0, 0.0, -0.711822509765625, 0.0, 0.0, 0.0, 0.0, 0.0, 0.0, 0.0, -10.472668647766113, 0.0, 0.0, 0.0, 0.0, 0.0, 0.0
1019401, 0.0, 0.0, 93.517333984375, 0.0, 0.0, -0.640106201171875, 0.0, 0.0, 0.0, 0.0, 0.0, 0.0, 0.0, -10.472281455993652, 0.0, 0.0, 0.0, 0.0, 0.0, 0.0
1019411, 0.0, 0.0, 93.51266479492188, 0.0, 0.0, -0.4669189453125, 0.0, 0.0, 0.0, 0.0, 0.0, 0.0, 0.0, -10.472373962402344, 0.0, 0.0, 0.0, 0.0, 0.0, 0.0
1019421, 0.0, 0.0, 93.50846099853516, 0.0, 0.0, -0.420379638671875, 0.0, 0.0, 0.0, 0.0, 0.0, 0.0, 0.0, -10.471979141235352, 0.0, 0.0, 0.0, 0.0, 0.0, 0.0
1019431, 0.0, 0.0, 93.50631713867188, 0.0, 0.0, -0.214385986328125, 0.0, 0.0, 0.0, 0.0, 0.0, 0.0, 0.0, -10.47276496887207, 0.0, 0.0, 0.0, 0.0, 0.0, 0.0
1019441, 0.0, 0.0, 93.50438690185547, 0.0, 0.0, -0.193023681640625, 0.0, 0.0, 0.0, 0.0, 0.0, 0.0, 0.0, -10.472933769226074, 0.0, 0.0, 0.0, 0.0, 0.0, 0.0
1019451, 0.0, 0.0, 93.50101470947266, 0.0, 0.0, -0.33721923828125, 0.0, 0.0, 0.0, 0.0, 0.0, 0.0, 0.0, -10.47216510772705, 0.0, 0.0, 0.0, 0.0, 0.0, 0.0
1019461, 0.0, 0.0, 93.49797821044922, 0.0, 0.0, -0.30364990234375, 0.0, 0.0, 0.0, 0.0, 0.0, 0.0, 0.0, -10.471677780151367, 0.0, 0.0, 0.0, 0.0, 0.0, 0.0
1019471, 0.0, 0.0, 93.49742889404297, 0.0, 0.0, -0.054931640625, 0.0, 0.0, 0.0, 0.0, 0.0, 0.0, 0.0, -10.470992088317871, 0.0, 0.0, 0.0, 0.0, 0.0, 0.0
1019481, 0.0, 0.0, 93.49694061279297, 0.0, 0.0, -0.048828125, 0.0, 0.0, 0.0, 0.0, 0.0, 0.0, 0.0, -10.470911979675293, 0.0, 0.0, 0.0, 0.0, 0.0, 0.0
1019491, 0.0, 0.0, 93.48556518554688, 0.0, 0.0, -1.137542724609375, 0.0, 0.0, 0.0, 0.0, 0.0, 0.0, 0.0, -10.471210479736328, 0.0, 0.0, 0.0, 0.0, 0.0, 0.0
1019501, 0.0, 0.0, 93.47532653808594, 0.0, 0.0, -1.02386474609375, 0.0, 0.0, 0.0, 0.0, 0.0, 0.0, 0.0, -10.471672058105469, 0.0, 0.0, 0.0, 0.0, 0.0, 0.0
1019511, 0.0, 0.0, 93.46446990966797, 0.0, 0.0, -1.085662841796875, 0.0, 0.0, 0.0, 0.0, 0.0, 0.0, 0.0, -10.47156810760498, 0.0, 0.0, 0.0, 0.0, 0.0, 0.0
1019521, 0.0, 0.0, 93.45469665527344, 0.0, 0.0, -0.977325439453125, 0.0, 0.0, 0.0, 0.0, 0.0, 0.0, 0.0, -10.47034740447998, 0.0, 0.0, 0.0, 0.0, 0.0, 0.0
1019531, 0.0, 0.0, 93.44371795654297, 0.0, 0.0, -1.097869873046875, 0.0, 0.0, 0.0, 0.0, 0.0, 0.0, 0.0, -10.470558166503906, 0.0, 0.0, 0.0, 0.0, 0.0, 0.0
1019541, 0.0, 0.0, 93.43383026123047, 0.0, 0.0, -0.98876953125, 0.0, 0.0, 0.0, 0.0, 0.0, 0.0, 0.0, -10.470521926879883, 0.0, 0.0, 0.0, 0.0, 0.0, 0.0
1019551, 0.0, 0.0, 93.43094635009766, 0.0, 0.0, -0.28839111328125, 0.0, 0.0, 0.0, 0.0, 0.0, 0.0, 0.0, -10.470430374145508, 0.0, 0.0, 0.0, 0.0, 0.0, 0.0
1019561, 0.0, 0.0, 93.42835235595703, 0.0, 0.0, -0.2593994140625, 0.0, 0.0, 0.0, 0.0, 0.0, 0.0, 0.0, -10.470197677612305, 0.0, 0.0, 0.0, 0.0, 0.0, 0.0
1019571, 0.0, 0.0, 93.43093872070312, 0.0, 0.0, 0.258636474609375, 0.0, 0.0, 0.0, 0.0, 0.0, 0.0, 0.0, -10.469974517822266, 0.0, 0.0, 0.0, 0.0, 0.0, 0.0
1019581, 0.0, 0.0, 93.43326568603516, 0.0, 0.0, 0.232696533203125, 0.0, 0.0, 0.0, 0.0, 0.0, 0.0, 0.0, -10.469923973083496, 0.0, 0.0, 0.0, 0.0, 0.0, 0.0
1019591, 0.0, 0.0, 93.42989349365234, 0.0, 0.0, -0.33721923828125, 0.0, 0.0, 0.0, 0.0, 0.0, 0.0, 0.0, -10.469605445861816, 0.0, 0.0, 0.0, 0.0, 0.0, 0.0
1019601, 0.0, 0.0, 93.4268569946289, 0.0, 0.0, -0.30364990234375, 0.0, 0.0, 0.0, 0.0, 0.0, 0.0, 0.0, -10.46919059753418, 0.0, 0.0, 0.0, 0.0, 0.0, 0.0
1019611, 0.0, 0.0, 93.43560791015625, 0.0, 0.0, 0.875091552734375, 0.0, 0.0, 0.0, 0.0, 0.0, 0.0, 0.0, -10.469228744506836, 0.0, 0.0, 0.0, 0.0, 0.0, 0.0
1019621, 0.0, 0.0, 93.44348907470703, 0.0, 0.0, 0.788116455078125, 0.0, 0.0, 0.0, 0.0, 0.0, 0.0, 0.0, -10.469419479370117, 0.0, 0.0, 0.0, 0.0, 0.0, 0.0
1019631, 0.0, 0.0, 93.45276641845703, 0.0, 0.0, 0.927734375, 0.0, 0.0, 0.0, 0.0, 0.0, 0.0, 0.0, -10.46871280670166, 0.0, 0.0, 0.0, 0.0, 0.0, 0.0
1019641, 0.0, 0.0, 93.46111297607422, 0.0, 0.0, 0.83465576171875, 0.0, 0.0, 0.0, 0.0, 0.0, 0.0, 0.0, -10.467326164245605, 0.0, 0.0, 0.0, 0.0, 0.0, 0.0
1019651, 0.0, 0.0, 93.47135925292969, 0.0, 0.0, 1.024627685546875, 0.0, 0.0, 0.0, 0.0, 0.0, 0.0, 0.0, -10.467442512512207, 0.0, 0.0, 0.0, 0.0, 0.0, 0.0
1019661, 0.0, 0.0, 93.48058319091797, 0.0, 0.0, 0.922393798828125, 0.0, 0.0, 0.0, 0.0, 0.0, 0.0, 0.0, -10.467992782592773, 0.0, 0.0, 0.0, 0.0, 0.0, 0.0
1019671, 0.0, 0.0, 93.4784927368164, 0.0, 0.0, -0.20904541015625, 0.0, 0.0, 0.0, 0.0, 0.0, 0.0, 0.0, -10.468579292297363, 0.0, 0.0, 0.0, 0.0, 0.0, 0.0
1019681, 0.0, 0.0, 93.47661590576172, 0.0, 0.0, -0.18768310546875, 0.0, 0.0, 0.0, 0.0, 0.0, 0.0, 0.0, -10.468683242797852, 0.0, 0.0, 0.0, 0.0, 0.0, 0.0
1019691, 0.0, 0.0, 93.47602081298828, 0.0, 0.0, -0.05950927734375, 0.0, 0.0, 0.0, 0.0, 0.0, 0.0, 0.0, -10.467999458312988, 0.0, 0.0, 0.0, 0.0, 0.0, 0.0
1019701, 0.0, 0.0, 93.4754867553711, 0.0, 0.0, -0.05340576171875, 0.0, 0.0, 0.0, 0.0, 0.0, 0.0, 0.0, -10.469921112060547, 0.0, 0.0, 0.0, 0.0, 0.0, 0.0
1019711, 0.0, 0.0, 93.49195098876953, 0.0, 0.0, 1.64642333984375, 0.0, 0.0, 0.0, 0.0, 0.0, 0.0, 0.0, -10.469852447509766, 0.0, 0.0, 0.0, 0.0, 0.0, 0.0
1019721, 0.0, 0.0, 93.50677490234375, 0.0, 0.0, 1.482391357421875, 0.0, 0.0, 0.0, 0.0, 0.0, 0.0, 0.0, -10.47034740447998, 0.0, 0.0, 0.0, 0.0, 0.0, 0.0
1019731, 0.0, 0.0, 93.5091781616211, 0.0, 0.0, 0.240325927734375, 0.0, 0.0, 0.0, 0.0, 0.0, 0.0, 0.0, -10.470375061035156, 0.0, 0.0, 0.0, 0.0, 0.0, 0.0
1019741, 0.0, 0.0, 93.51133728027344, 0.0, 0.0, 0.215911865234375, 0.0, 0.0, 0.0, 0.0, 0.0, 0.0, 0.0, -10.470832824707031, 0.0, 0.0, 0.0, 0.0, 0.0, 0.0
1019751, 0.0, 0.0, 93.5171127319336, 0.0, 0.0, 0.577545166015625, 0.0, 0.0, 0.0, 0.0, 0.0, 0.0, 0.0, -10.470100402832031, 0.0, 0.0, 0.0, 0.0, 0.0, 0.0
1019761, 0.0, 0.0, 93.52230834960938, 0.0, 0.0, 0.519561767578125, 0.0, 0.0, 0.0, 0.0, 0.0, 0.0, 0.0, -10.4686861038208, 0.0, 0.0, 0.0, 0.0, 0.0, 0.0
1019771, 0.0, 0.0, 93.52698516845703, 0.0, 0.0, 0.467681884765625, 0.0, 0.0, 0.0, 0.0, 0.0, 0.0, 0.0, -10.469230651855469, 0.0, 0.0, 0.0, 0.0, 0.0, 0.0
1019781, 0.0, 0.0, 93.53119659423828, 0.0, 0.0, 0.421142578125, 0.0, 0.0, 0.0, 0.0, 0.0, 0.0, 0.0, -10.468335151672363, 0.0, 0.0, 0.0, 0.0, 0.0, 0.0
1019791, 0.0, 0.0, 93.53115844726562, 0.0, 0.0, -0.003814697265625, 0.0, 0.0, 0.0, 0.0, 0.0, 0.0, 0.0, -10.467323303222656, 0.0, 0.0, 0.0, 0.0, 0.0, 0.0
1019801, 0.0, 0.0, 93.53112030029297, 0.0, 0.0, -0.003814697265625, 0.0, 0.0, 0.0, 0.0, 0.0, 0.0, 0.0, -10.467779159545898, 0.0, 0.0, 0.0, 0.0, 0.0, 0.0
1019811, 0.0, 0.0, 93.53163146972656, 0.0, 0.0, 0.051116943359375, 0.0, 0.0, 0.0, 0.0, 0.0, 0.0, 0.0, -10.468148231506348, 0.0, 0.0, 0.0, 0.0, 0.0, 0.0
1019821, 0.0, 0.0, 93.53209686279297, 0.0, 0.0, 0.046539306640625, 0.0, 0.0, 0.0, 0.0, 0.0, 0.0, 0.0, -10.467860221862793, 0.0, 0.0, 0.0, 0.0, 0.0, 0.0
1019831, 0.0, 0.0, 93.52540588378906, 0.0, 0.0, -0.669097900390625, 0.0, 0.0, 0.0, 0.0, 0.0, 0.0, 0.0, -10.466899871826172, 0.0, 0.0, 0.0, 0.0, 0.0, 0.0
1019841, 0.0, 0.0, 93.5193862915039, 0.0, 0.0, -0.601959228515625, 0.0, 0.0, 0.0, 0.0, 0.0, 0.0, 0.0, -10.46802806854248, 0.0, 0.0, 0.0, 0.0, 0.0, 0.0
1019851, 0.0, 0.0, 93.51177978515625, 0.0, 0.0, -0.760650634765625, 0.0, 0.0, 0.0, 0.0, 0.0, 0.0, 0.0, -10.467177391052246, 0.0, 0.0, 0.0, 0.0, 0.0, 0.0
1019861, 0.0, 0.0, 93.50492858886719, 0.0, 0.0, -0.68511962890625, 0.0, 0.0, 0.0, 0.0, 0.0, 0.0, 0.0, -10.467535018920898, 0.0, 0.0, 0.0, 0.0, 0.0, 0.0
1019871, 0.0, 0.0, 93.5047836303711, 0.0, 0.0, -0.014495849609375, 0.0, 0.0, 0.0, 0.0, 0.0, 0.0, 0.0, -10.468234062194824, 0.0, 0.0, 0.0, 0.0, 0.0, 0.0
1019881, 0.0, 0.0, 93.50465393066406, 0.0, 0.0, -0.012969970703125, 0.0, 0.0, 0.0, 0.0, 0.0, 0.0, 0.0, -10.46873950958252, 0.0, 0.0, 0.0, 0.0, 0.0, 0.0
1019891, 0.0, 0.0, 93.51164245605469, 0.0, 0.0, 0.6988525390625, 0.0, 0.0, 0.0, 0.0, 0.0, 0.0, 0.0, -10.468463897705078, 0.0, 0.0, 0.0, 0.0, 0.0, 0.0
1019901, 0.0, 0.0, 93.51792907714844, 0.0, 0.0, 0.628662109375, 0.0, 0.0, 0.0, 0.0, 0.0, 0.0, 0.0, -10.469260215759277, 0.0, 0.0, 0.0, 0.0, 0.0, 0.0
1019911, 0.0, 0.0, 93.52359008789062, 0.0, 0.0, 0.56610107421875, 0.0, 0.0, 0.0, 0.0, 0.0, 0.0, 0.0, -10.467670440673828, 0.0, 0.0, 0.0, 0.0, 0.0, 0.0
1019921, 0.0, 0.0, 93.5286865234375, 0.0, 0.0, 0.5096435546875, 0.0, 0.0, 0.0, 0.0, 0.0, 0.0, 0.0, -10.468024253845215, 0.0, 0.0, 0.0, 0.0, 0.0, 0.0
1019931, 0.0, 0.0, 93.52452087402344, 0.0, 0.0, -0.41656494140625, 0.0, 0.0, 0.0, 0.0, 0.0, 0.0, 0.0, -10.467726707458496, 0.0, 0.0, 0.0, 0.0, 0.0, 0.0
1019941, 0.0, 0.0, 93.5207748413086, 0.0, 0.0, -0.374603271484375, 0.0, 0.0, 0.0, 0.0, 0.0, 0.0, 0.0, -10.467576026916504, 0.0, 0.0, 0.0, 0.0, 0.0, 0.0
1019951, 0.0, 0.0, 93.51576232910156, 0.0, 0.0, -0.501251220703125, 0.0, 0.0, 0.0, 0.0, 0.0, 0.0, 0.0, -10.46889877319336, 0.0, 0.0, 0.0, 0.0, 0.0, 0.0
1019961, 0.0, 0.0, 93.5112533569336, 0.0, 0.0, -0.450897216796875, 0.0, 0.0, 0.0, 0.0, 0.0, 0.0, 0.0, -10.468095779418945, 0.0, 0.0, 0.0, 0.0, 0.0, 0.0
1019971, 0.0, 0.0, 93.50281524658203, 0.0, 0.0, -0.84381103515625, 0.0, 0.0, 0.0, 0.0, 0.0, 0.0, 0.0, -10.466492652893066, 0.0, 0.0, 0.0, 0.0, 0.0, 0.0
1019981, 0.0, 0.0, 93.49522399902344, 0.0, 0.0, -0.759124755859375, 0.0, 0.0, 0.0, 0.0, 0.0, 0.0, 0.0, -10.466876983642578, 0.0, 0.0, 0.0, 0.0, 0.0, 0.0
1019991, 0.0, 0.0, 93.48128509521484, 0.0, 0.0, -1.393890380859375, 0.0, 0.0, 0.0, 0.0, 0.0, 0.0, 0.0, -10.466059684753418, 0.0, 0.0, 0.0, 0.0, 0.0, 0.0
1020001, 0.0, 0.0, 93.46874237060547, 0.0, 0.0, -1.2542724609375, 0.0, 0.0, 0.0, 0.0, 0.0, 0.0, 0.0, -10.465790748596191, 0.0, 0.0, 0.0, 0.0, 0.0, 0.0
1020011, 0.0, 0.0, 93.4601821899414, 0.0, 0.0, -0.85601806640625, 0.0, 0.0, 0.0, 0.0, 0.0, 0.0, 0.0, -10.46529483795166, 0.0, 0.0, 0.0, 0.0, 0.0, 0.0
1020021, 0.0, 0.0, 93.45247650146484, 0.0, 0.0, -0.77056884765625, 0.0, 0.0, 0.0, 0.0, 0.0, 0.0, 0.0, -10.46584701538086, 0.0, 0.0, 0.0, 0.0, 0.0, 0.0
1020031, 0.0, 0.0, 93.45265197753906, 0.0, 0.0, 0.017547607421875, 0.0, 0.0, 0.0, 0.0, 0.0, 0.0, 0.0, -10.465433120727539, 0.0, 0.0, 0.0, 0.0, 0.0, 0.0
1020041, 0.0, 0.0, 93.45281219482422, 0.0, 0.0, 0.016021728515625, 0.0, 0.0, 0.0, 0.0, 0.0, 0.0, 0.0, -10.466208457946777, 0.0, 0.0, 0.0, 0.0, 0.0, 0.0
1020051, 0.0, 0.0, 93.45076751708984, 0.0, 0.0, -0.2044677734375, 0.0, 0.0, 0.0, 0.0, 0.0, 0.0, 0.0, -10.466455459594727, 0.0, 0.0, 0.0, 0.0, 0.0, 0.0
1020061, 0.0, 0.0, 93.44892883300781, 0.0, 0.0, -0.183868408203125, 0.0, 0.0, 0.0, 0.0, 0.0, 0.0, 0.0, -10.466594696044922, 0.0, 0.0, 0.0, 0.0, 0.0, 0.0
1020071, 0.0, 0.0, 93.4439926147461, 0.0, 0.0, -0.493621826171875, 0.0, 0.0, 0.0, 0.0, 0.0, 0.0, 0.0, -10.466158866882324, 0.0, 0.0, 0.0, 0.0, 0.0, 0.0
1020081, 0.0, 0.0, 93.4395523071289, 0.0, 0.0, -0.44403076171875, 0.0, 0.0, 0.0, 0.0, 0.0, 0.0, 0.0, -10.46561336517334, 0.0, 0.0, 0.0, 0.0, 0.0, 0.0
1020091, 0.0, 0.0, 93.4546890258789, 0.0, 0.0, 1.513671875, 0.0, 0.0, 0.0, 0.0, 0.0, 0.0, 0.0, -10.466361999511719, 0.0, 0.0, 0.0, 0.0, 0.0, 0.0
1020101, 0.0, 0.0, 93.46831512451172, 0.0, 0.0, 1.36260986328125, 0.0, 0.0, 0.0, 0.0, 0.0, 0.0, 0.0, -10.467419624328613, 0.0, 0.0, 0.0, 0.0, 0.0, 0.0
1020111, 0.0, 0.0, 93.4729232788086, 0.0, 0.0, 0.4608154296875, 0.0, 0.0, 0.0, 0.0, 0.0, 0.0, 0.0, -10.467316627502441, 0.0, 0.0, 0.0, 0.0, 0.0, 0.0
1020121, 0.0, 0.0, 93.4770736694336, 0.0, 0.0, 0.4150390625, 0.0, 0.0, 0.0, 0.0, 0.0, 0.0, 0.0, -10.466893196105957, 0.0, 0.0, 0.0, 0.0, 0.0, 0.0
1020131, 0.0, 0.0, 93.4786148071289, 0.0, 0.0, 0.15411376953125, 0.0, 0.0, 0.0, 0.0, 0.0, 0.0, 0.0, -10.467451095581055, 0.0, 0.0, 0.0, 0.0, 0.0, 0.0
1020141, 0.0, 0.0, 93.4800033569336, 0.0, 0.0, 0.13885498046875, 0.0, 0.0, 0.0, 0.0, 0.0, 0.0, 0.0, -10.467719078063965, 0.0, 0.0, 0.0, 0.0, 0.0, 0.0
1020151, 0.0, 0.0, 93.47086334228516, 0.0, 0.0, -0.91400146484375, 0.0, 0.0, 0.0, 0.0, 0.0, 0.0, 0.0, -10.467657089233398, 0.0, 0.0, 0.0, 0.0, 0.0, 0.0
1020161, 0.0, 0.0, 93.46263885498047, 0.0, 0.0, -0.82244873046875, 0.0, 0.0, 0.0, 0.0, 0.0, 0.0, 0.0, -10.468018531799316, 0.0, 0.0, 0.0, 0.0, 0.0, 0.0
1020171, 0.0, 0.0, 93.45249938964844, 0.0, 0.0, -1.013946533203125, 0.0, 0.0, 0.0, 0.0, 0.0, 0.0, 0.0, -10.467856407165527, 0.0, 0.0, 0.0, 0.0, 0.0, 0.0
1020181, 0.0, 0.0, 93.44337463378906, 0.0, 0.0, -0.9124755859375, 0.0, 0.0, 0.0, 0.0, 0.0, 0.0, 0.0, -10.46700668334961, 0.0, 0.0, 0.0, 0.0, 0.0, 0.0
1020191, 0.0, 0.0, 93.44500732421875, 0.0, 0.0, 0.16326904296875, 0.0, 0.0, 0.0, 0.0, 0.0, 0.0, 0.0, -10.467247009277344, 0.0, 0.0, 0.0, 0.0, 0.0, 0.0
1020201, 0.0, 0.0, 93.44647979736328, 0.0, 0.0, 0.147247314453125, 0.0, 0.0, 0.0, 0.0, 0.0, 0.0, 0.0, -10.466221809387207, 0.0, 0.0, 0.0, 0.0, 0.0, 0.0
1020211, 0.0, 0.0, 93.445068359375, 0.0, 0.0, -0.141143798828125, 0.0, 0.0, 0.0, 0.0, 0.0, 0.0, 0.0, -10.4679536819458, 0.0, 0.0, 0.0, 0.0, 0.0, 0.0
1020221, 0.0, 0.0, 93.44380187988281, 0.0, 0.0, -0.12664794921875, 0.0, 0.0, 0.0, 0.0, 0.0, 0.0, 0.0, -10.468015670776367, 0.0, 0.0, 0.0, 0.0, 0.0, 0.0
1020231, 0.0, 0.0, 93.44538879394531, 0.0, 0.0, 0.15869140625, 0.0, 0.0, 0.0, 0.0, 0.0, 0.0, 0.0, -10.468968391418457, 0.0, 0.0, 0.0, 0.0, 0.0, 0.0
1020241, 0.0, 0.0, 93.44682312011719, 0.0, 0.0, 0.1434326171875, 0.0, 0.0, 0.0, 0.0, 0.0, 0.0, 0.0, -10.4696683883667, 0.0, 0.0, 0.0, 0.0, 0.0, 0.0
1020251, 0.0, 0.0, 93.44264221191406, 0.0, 0.0, -0.4180908203125, 0.0, 0.0, 0.0, 0.0, 0.0, 0.0, 0.0, -10.469389915466309, 0.0, 0.0, 0.0, 0.0, 0.0, 0.0
1020261, 0.0, 0.0, 93.43888092041016, 0.0, 0.0, -0.376129150390625, 0.0, 0.0, 0.0, 0.0, 0.0, 0.0, 0.0, -10.468596458435059, 0.0, 0.0, 0.0, 0.0, 0.0, 0.0
1020271, 0.0, 0.0, 93.43221282958984, 0.0, 0.0, -0.66680908203125, 0.0, 0.0, 0.0, 0.0, 0.0, 0.0, 0.0, -10.467994689941406, 0.0, 0.0, 0.0, 0.0, 0.0, 0.0
1020281, 0.0, 0.0, 93.42621612548828, 0.0, 0.0, -0.59967041015625, 0.0, 0.0, 0.0, 0.0, 0.0, 0.0, 0.0, -10.468510627746582, 0.0, 0.0, 0.0, 0.0, 0.0, 0.0
1020291, 0.0, 0.0, 93.41808319091797, 0.0, 0.0, -0.81329345703125, 0.0, 0.0, 0.0, 0.0, 0.0, 0.0, 0.0, -10.467573165893555, 0.0, 0.0, 0.0, 0.0, 0.0, 0.0
1020301, 0.0, 0.0, 93.41075897216797, 0.0, 0.0, -0.732421875, 0.0, 0.0, 0.0, 0.0, 0.0, 0.0, 0.0, -10.467005729675293, 0.0, 0.0, 0.0, 0.0, 0.0, 0.0
1020311, 0.0, 0.0, 93.40416717529297, 0.0, 0.0, -0.6591796875, 0.0, 0.0, 0.0, 0.0, 0.0, 0.0, 0.0, -10.466824531555176, 0.0, 0.0, 0.0, 0.0, 0.0, 0.0
1020321, 0.0, 0.0, 93.39823913574219, 0.0, 0.0, -0.592803955078125, 0.0, 0.0, 0.0, 0.0, 0.0, 0.0, 0.0, -10.467086791992188, 0.0, 0.0, 0.0, 0.0, 0.0, 0.0
1020331, 0.0, 0.0, 93.38470458984375, 0.0, 0.0, -1.35345458984375, 0.0, 0.0, 0.0, 0.0, 0.0, 0.0, 0.0, -10.467083930969238, 0.0, 0.0, 0.0, 0.0, 0.0, 0.0
1020341, 0.0, 0.0, 93.37252044677734, 0.0, 0.0, -1.218414306640625, 0.0, 0.0, 0.0, 0.0, 0.0, 0.0, 0.0, -10.466660499572754, 0.0, 0.0, 0.0, 0.0, 0.0, 0.0
1020351, 0.0, 0.0, 93.36920928955078, 0.0, 0.0, -0.33111572265625, 0.0, 0.0, 0.0, 0.0, 0.0, 0.0, 0.0, -10.466775894165039, 0.0, 0.0, 0.0, 0.0, 0.0, 0.0
1020361, 0.0, 0.0, 93.3662338256836, 0.0, 0.0, -0.29754638671875, 0.0, 0.0, 0.0, 0.0, 0.0, 0.0, 0.0, -10.467291831970215, 0.0, 0.0, 0.0, 0.0, 0.0, 0.0
1020371, 0.0, 0.0, 93.37229919433594, 0.0, 0.0, 0.606536865234375, 0.0, 0.0, 0.0, 0.0, 0.0, 0.0, 0.0, -10.46755313873291, 0.0, 0.0, 0.0, 0.0, 0.0, 0.0
1020381, 0.0, 0.0, 93.37776184082031, 0.0, 0.0, 0.5462646484375, 0.0, 0.0, 0.0, 0.0, 0.0, 0.0, 0.0, -10.467658996582031, 0.0, 0.0, 0.0, 0.0, 0.0, 0.0
1020391, 0.0, 0.0, 93.38158416748047, 0.0, 0.0, 0.382232666015625, 0.0, 0.0, 0.0, 0.0, 0.0, 0.0, 0.0, -10.466442108154297, 0.0, 0.0, 0.0, 0.0, 0.0, 0.0
1020401, 0.0, 0.0, 93.38502502441406, 0.0, 0.0, 0.344085693359375, 0.0, 0.0, 0.0, 0.0, 0.0, 0.0, 0.0, -10.466821670532227, 0.0, 0.0, 0.0, 0.0, 0.0, 0.0
1020411, 0.0, 0.0, 93.38866424560547, 0.0, 0.0, 0.363922119140625, 0.0, 0.0, 0.0, 0.0, 0.0, 0.0, 0.0, -10.466212272644043, 0.0, 0.0, 0.0, 0.0, 0.0, 0.0
1020421, 0.0, 0.0, 93.3919448852539, 0.0, 0.0, 0.32806396484375, 0.0, 0.0, 0.0, 0.0, 0.0, 0.0, 0.0, -10.467135429382324, 0.0, 0.0, 0.0, 0.0, 0.0, 0.0
1020431, 0.0, 0.0, 93.39981842041016, 0.0, 0.0, 0.787353515625, 0.0, 0.0, 0.0, 0.0, 0.0, 0.0, 0.0, -10.467765808105469, 0.0, 0.0, 0.0, 0.0, 0.0, 0.0
1020441, 0.0, 0.0, 93.40689849853516, 0.0, 0.0, 0.7080078125, 0.0, 0.0, 0.0, 0.0, 0.0, 0.0, 0.0, -10.466203689575195, 0.0, 0.0, 0.0, 0.0, 0.0, 0.0
1020451, 0.0, 0.0, 93.41873931884766, 0.0, 0.0, 1.18408203125, 0.0, 0.0, 0.0, 0.0, 0.0, 0.0, 0.0, -10.465895652770996, 0.0, 0.0, 0.0, 0.0, 0.0, 0.0
1020461, 0.0, 0.0, 93.42939758300781, 0.0, 0.0, 1.065826416015625, 0.0, 0.0, 0.0, 0.0, 0.0, 0.0, 0.0, -10.465866088867188, 0.0, 0.0, 0.0, 0.0, 0.0, 0.0
1020471, 0.0, 0.0, 93.43789672851562, 0.0, 0.0, 0.84991455078125, 0.0, 0.0, 0.0, 0.0, 0.0, 0.0, 0.0, -10.46650505065918, 0.0, 0.0, 0.0, 0.0, 0.0, 0.0
1020481, 0.0, 0.0, 93.44554901123047, 0.0, 0.0, 0.765228271484375, 0.0, 0.0, 0.0, 0.0, 0.0, 0.0, 0.0, -10.466042518615723, 0.0, 0.0, 0.0, 0.0, 0.0, 0.0
1020491, 0.0, 0.0, 93.44915008544922, 0.0, 0.0, 0.360107421875, 0.0, 0.0, 0.0, 0.0, 0.0, 0.0, 0.0, -10.46646499633789, 0.0, 0.0, 0.0, 0.0, 0.0, 0.0
1020501, 0.0, 0.0, 93.452392578125, 0.0, 0.0, 0.324249267578125, 0.0, 0.0, 0.0, 0.0, 0.0, 0.0, 0.0, -10.466553688049316, 0.0, 0.0, 0.0, 0.0, 0.0, 0.0
1020511, 0.0, 0.0, 93.46077728271484, 0.0, 0.0, 0.838470458984375, 0.0, 0.0, 0.0, 0.0, 0.0, 0.0, 0.0, -10.466447830200195, 0.0, 0.0, 0.0, 0.0, 0.0, 0.0
1020521, 0.0, 0.0, 93.46832275390625, 0.0, 0.0, 0.754547119140625, 0.0, 0.0, 0.0, 0.0, 0.0, 0.0, 0.0, -10.466243743896484, 0.0, 0.0, 0.0, 0.0, 0.0, 0.0
1020531, 0.0, 0.0, 93.4712905883789, 0.0, 0.0, 0.296783447265625, 0.0, 0.0, 0.0, 0.0, 0.0, 0.0, 0.0, -10.467331886291504, 0.0, 0.0, 0.0, 0.0, 0.0, 0.0
1020541, 0.0, 0.0, 93.47396087646484, 0.0, 0.0, 0.26702880859375, 0.0, 0.0, 0.0, 0.0, 0.0, 0.0, 0.0, -10.467741966247559, 0.0, 0.0, 0.0, 0.0, 0.0, 0.0
1020551, 0.0, 0.0, 93.47964477539062, 0.0, 0.0, 0.568389892578125, 0.0, 0.0, 0.0, 0.0, 0.0, 0.0, 0.0, -10.467255592346191, 0.0, 0.0, 0.0, 0.0, 0.0, 0.0
1020561, 0.0, 0.0, 93.48475646972656, 0.0, 0.0, 0.51116943359375, 0.0, 0.0, 0.0, 0.0, 0.0, 0.0, 0.0, -10.468783378601074, 0.0, 0.0, 0.0, 0.0, 0.0, 0.0
1020571, 0.0, 0.0, 93.48553466796875, 0.0, 0.0, 0.07781982421875, 0.0, 0.0, 0.0, 0.0, 0.0, 0.0, 0.0, -10.468194007873535, 0.0, 0.0, 0.0, 0.0, 0.0, 0.0
1020581, 0.0, 0.0, 93.4862289428711, 0.0, 0.0, 0.069427490234375, 0.0, 0.0, 0.0, 0.0, 0.0, 0.0, 0.0, -10.468772888183594, 0.0, 0.0, 0.0, 0.0, 0.0, 0.0
1020591, 0.0, 0.0, 93.4901351928711, 0.0, 0.0, 0.390625, 0.0, 0.0, 0.0, 0.0, 0.0, 0.0, 0.0, -10.46709156036377, 0.0, 0.0, 0.0, 0.0, 0.0, 0.0
1020601, 0.0, 0.0, 93.49365234375, 0.0, 0.0, 0.351715087890625, 0.0, 0.0, 0.0, 0.0, 0.0, 0.0, 0.0, -10.46612548828125, 0.0, 0.0, 0.0, 0.0, 0.0, 0.0
1020611, 0.0, 0.0, 93.49298858642578, 0.0, 0.0, -0.066375732421875, 0.0, 0.0, 0.0, 0.0, 0.0, 0.0, 0.0, -10.466422080993652, 0.0, 0.0, 0.0, 0.0, 0.0, 0.0
1020621, 0.0, 0.0, 93.49239349365234, 0.0, 0.0, -0.05950927734375, 0.0, 0.0, 0.0, 0.0, 0.0, 0.0, 0.0, -10.466081619262695, 0.0, 0.0, 0.0, 0.0, 0.0, 0.0
1020631, 0.0, 0.0, 93.48584747314453, 0.0, 0.0, -0.65460205078125, 0.0, 0.0, 0.0, 0.0, 0.0, 0.0, 0.0, -10.466086387634277, 0.0, 0.0, 0.0, 0.0, 0.0, 0.0
1020641, 0.0, 0.0, 93.47994995117188, 0.0, 0.0, -0.589752197265625, 0.0, 0.0, 0.0, 0.0, 0.0, 0.0, 0.0, -10.466896057128906, 0.0, 0.0, 0.0, 0.0, 0.0, 0.0
1020651, 0.0, 0.0, 93.47464752197266, 0.0, 0.0, -0.530242919921875, 0.0, 0.0, 0.0, 0.0, 0.0, 0.0, 0.0, -10.46703052520752, 0.0, 0.0, 0.0, 0.0, 0.0, 0.0
1020661, 0.0, 0.0, 93.4698715209961, 0.0, 0.0, -0.47760009765625, 0.0, 0.0, 0.0, 0.0, 0.0, 0.0, 0.0, -10.467278480529785, 0.0, 0.0, 0.0, 0.0, 0.0, 0.0
1020671, 0.0, 0.0, 93.46119689941406, 0.0, 0.0, -0.867462158203125, 0.0, 0.0, 0.0, 0.0, 0.0, 0.0, 0.0, -10.46689224243164, 0.0, 0.0, 0.0, 0.0, 0.0, 0.0
1020681, 0.0, 0.0, 93.4533920288086, 0.0, 0.0, -0.780487060546875, 0.0, 0.0, 0.0, 0.0, 0.0, 0.0, 0.0, -10.467843055725098, 0.0, 0.0, 0.0, 0.0, 0.0, 0.0
1020691, 0.0, 0.0, 93.45457458496094, 0.0, 0.0, 0.118255615234375, 0.0, 0.0, 0.0, 0.0, 0.0, 0.0, 0.0, -10.46712875366211, 0.0, 0.0, 0.0, 0.0, 0.0, 0.0
1020701, 0.0, 0.0, 93.45563507080078, 0.0, 0.0, 0.106048583984375, 0.0, 0.0, 0.0, 0.0, 0.0, 0.0, 0.0, -10.46712875366211, 0.0, 0.0, 0.0, 0.0, 0.0, 0.0
1020711, 0.0, 0.0, 93.46369934082031, 0.0, 0.0, 0.806427001953125, 0.0, 0.0, 0.0, 0.0, 0.0, 0.0, 0.0, -10.467700004577637, 0.0, 0.0, 0.0, 0.0, 0.0, 0.0
1020721, 0.0, 0.0, 93.47095489501953, 0.0, 0.0, 0.725555419921875, 0.0, 0.0, 0.0, 0.0, 0.0, 0.0, 0.0, -10.467737197875977, 0.0, 0.0, 0.0, 0.0, 0.0, 0.0
1020731, 0.0, 0.0, 93.48076629638672, 0.0, 0.0, 0.98114013671875, 0.0, 0.0, 0.0, 0.0, 0.0, 0.0, 0.0, -10.466805458068848, 0.0, 0.0, 0.0, 0.0, 0.0, 0.0
1020741, 0.0, 0.0, 93.48959350585938, 0.0, 0.0, 0.882720947265625, 0.0, 0.0, 0.0, 0.0, 0.0, 0.0, 0.0, -10.468146324157715, 0.0, 0.0, 0.0, 0.0, 0.0, 0.0
1020751, 0.0, 0.0, 93.49371337890625, 0.0, 0.0, 0.4119873046875, 0.0, 0.0, 0.0, 0.0, 0.0, 0.0, 0.0, -10.467388153076172, 0.0, 0.0, 0.0, 0.0, 0.0, 0.0
1020761, 0.0, 0.0, 93.49742126464844, 0.0, 0.0, 0.37078857421875, 0.0, 0.0, 0.0, 0.0, 0.0, 0.0, 0.0, -10.468708038330078, 0.0, 0.0, 0.0, 0.0, 0.0, 0.0
1020771, 0.0, 0.0, 93.5007553100586, 0.0, 0.0, 0.333404541015625, 0.0, 0.0, 0.0, 0.0, 0.0, 0.0, 0.0, -10.467864036560059, 0.0, 0.0, 0.0, 0.0, 0.0, 0.0
1020781, 0.0, 0.0, 93.5037612915039, 0.0, 0.0, 0.30059814453125, 0.0, 0.0, 0.0, 0.0, 0.0, 0.0, 0.0, -10.469521522521973, 0.0, 0.0, 0.0, 0.0, 0.0, 0.0
1020791, 0.0, 0.0, 93.50537109375, 0.0, 0.0, 0.160980224609375, 0.0, 0.0, 0.0, 0.0, 0.0, 0.0, 0.0, -10.469449996948242, 0.0, 0.0, 0.0, 0.0, 0.0, 0.0
1020801, 0.0, 0.0, 93.50682067871094, 0.0, 0.0, 0.14495849609375, 0.0, 0.0, 0.0, 0.0, 0.0, 0.0, 0.0, -10.469901084899902, 0.0, 0.0, 0.0, 0.0, 0.0, 0.0
1020811, 0.0, 0.0, 93.51031494140625, 0.0, 0.0, 0.34942626953125, 0.0, 0.0, 0.0, 0.0, 0.0, 0.0, 0.0, -10.46972370147705, 0.0, 0.0, 0.0, 0.0, 0.0, 0.0
1020821, 0.0, 0.0, 93.51345825195312, 0.0, 0.0, 0.3143310546875, 0.0, 0.0, 0.0, 0.0, 0.0, 0.0, 0.0, -10.46864128112793, 0.0, 0.0, 0.0, 0.0, 0.0, 0.0
1020831, 0.0, 0.0, 93.51573944091797, 0.0, 0.0, 0.228118896484375, 0.0, 0.0, 0.0, 0.0, 0.0, 0.0, 0.0, -10.468873977661133, 0.0, 0.0, 0.0, 0.0, 0.0, 0.0
1020841, 0.0, 0.0, 93.51779174804688, 0.0, 0.0, 0.205230712890625, 0.0, 0.0, 0.0, 0.0, 0.0, 0.0, 0.0, -10.467753410339355, 0.0, 0.0, 0.0, 0.0, 0.0, 0.0
1020851, 0.0, 0.0, 93.51034545898438, 0.0, 0.0, -0.74462890625, 0.0, 0.0, 0.0, 0.0, 0.0, 0.0, 0.0, -10.467263221740723, 0.0, 0.0, 0.0, 0.0, 0.0, 0.0
1020861, 0.0, 0.0, 93.5036392211914, 0.0, 0.0, -0.670623779296875, 0.0, 0.0, 0.0, 0.0, 0.0, 0.0, 0.0, -10.465919494628906, 0.0, 0.0, 0.0, 0.0, 0.0, 0.0
1020871, 0.0, 0.0, 93.4992446899414, 0.0, 0.0, -0.439453125, 0.0, 0.0, 0.0, 0.0, 0.0, 0.0, 0.0, -10.466117858886719, 0.0, 0.0, 0.0, 0.0, 0.0, 0.0
1020881, 0.0, 0.0, 93.49529266357422, 0.0, 0.0, -0.39520263671875, 0.0, 0.0, 0.0, 0.0, 0.0, 0.0, 0.0, -10.465575218200684, 0.0, 0.0, 0.0, 0.0, 0.0, 0.0
1020891, 0.0, 0.0, 93.49774932861328, 0.0, 0.0, 0.24566650390625, 0.0, 0.0, 0.0, 0.0, 0.0, 0.0, 0.0, -10.46463394165039, 0.0, 0.0, 0.0, 0.0, 0.0, 0.0
1020901, 0.0, 0.0, 93.49996185302734, 0.0, 0.0, 0.22125244140625, 0.0, 0.0, 0.0, 0.0, 0.0, 0.0, 0.0, -10.464469909667969, 0.0, 0.0, 0.0, 0.0, 0.0, 0.0
1020911, 0.0, 0.0, 93.50796508789062, 0.0, 0.0, 0.800323486328125, 0.0, 0.0, 0.0, 0.0, 0.0, 0.0, 0.0, -10.463619232177734, 0.0, 0.0, 0.0, 0.0, 0.0, 0.0
1020921, 0.0, 0.0, 93.51516723632812, 0.0, 0.0, 0.72021484375, 0.0, 0.0, 0.0, 0.0, 0.0, 0.0, 0.0, -10.462003707885742, 0.0, 0.0, 0.0, 0.0, 0.0, 0.0
1020931, 0.0, 0.0, 93.52110290527344, 0.0, 0.0, 0.59356689453125, 0.0, 0.0, 0.0, 0.0, 0.0, 0.0, 0.0, -10.461904525756836, 0.0, 0.0, 0.0, 0.0, 0.0, 0.0
1020941, 0.0, 0.0, 93.52644348144531, 0.0, 0.0, 0.5340576171875, 0.0, 0.0, 0.0, 0.0, 0.0, 0.0, 0.0, -10.46146011352539, 0.0, 0.0, 0.0, 0.0, 0.0, 0.0
1020951, 0.0, 0.0, 93.52906799316406, 0.0, 0.0, 0.262451171875, 0.0, 0.0, 0.0, 0.0, 0.0, 0.0, 0.0, -10.461276054382324, 0.0, 0.0, 0.0, 0.0, 0.0, 0.0
1020961, 0.0, 0.0, 93.53142547607422, 0.0, 0.0, 0.235748291015625, 0.0, 0.0, 0.0, 0.0, 0.0, 0.0, 0.0, -10.460923194885254, 0.0, 0.0, 0.0, 0.0, 0.0, 0.0
1020971, 0.0, 0.0, 93.53081512451172, 0.0, 0.0, -0.06103515625, 0.0, 0.0, 0.0, 0.0, 0.0, 0.0, 0.0, -10.461180686950684, 0.0, 0.0, 0.0, 0.0, 0.0, 0.0
1020981, 0.0, 0.0, 93.53026580810547, 0.0, 0.0, -0.054931640625, 0.0, 0.0, 0.0, 0.0, 0.0, 0.0, 0.0, -10.461852073669434, 0.0, 0.0, 0.0, 0.0, 0.0, 0.0
1020991, 0.0, 0.0, 93.52976989746094, 0.0, 0.0, -0.049591064453125, 0.0, 0.0, 0.0, 0.0, 0.0, 0.0, 0.0, -10.462337493896484, 0.0, 0.0, 0.0, 0.0, 0.0, 0.0
1021001, 0.0, 0.0, 93.52932739257812, 0.0, 0.0, -0.04425048828125, 0.0, 0.0, 0.0, 0.0, 0.0, 0.0, 0.0, -10.462484359741211, 0.0, 0.0, 0.0, 0.0, 0.0, 0.0
1021011, 0.0, 0.0, 93.52674102783203, 0.0, 0.0, -0.258636474609375, 0.0, 0.0, 0.0, 0.0, 0.0, 0.0, 0.0, -10.462571144104004, 0.0, 0.0, 0.0, 0.0, 0.0, 0.0
1021021, 0.0, 0.0, 93.5244140625, 0.0, 0.0, -0.232696533203125, 0.0, 0.0, 0.0, 0.0, 0.0, 0.0, 0.0, -10.462339401245117, 0.0, 0.0, 0.0, 0.0, 0.0, 0.0
1021031, 0.0, 0.0, 93.5244140625, 0.0, 0.0, -0.232696533203125, 0.0, 0.0, 0.0, 0.0, 0.0, 0.0, 0.0, -10.462671279907227, 0.0, 0.0, 0.0, 0.0, 0.0, 0.0
1021041, 0.0, 0.0, 93.51958465576172, 0.0, 0.0, -0.482940673828125, 0.0, 0.0, 0.0, 0.0, 0.0, 0.0, 0.0, -10.463653564453125, 0.0, 0.0, 0.0, 0.0, 0.0, 0.0
1021051, 0.0, 0.0, 93.5152359008789, 0.0, 0.0, -0.43487548828125, 0.0, 0.0, 0.0, 0.0, 0.0, 0.0, 0.0, -10.462088584899902, 0.0, 0.0, 0.0, 0.0, 0.0, 0.0
1021061, 0.0, 0.0, 93.5102310180664, 0.0, 0.0, -0.50048828125, 0.0, 0.0, 0.0, 0.0, 0.0, 0.0, 0.0, -10.461602210998535, 0.0, 0.0, 0.0, 0.0, 0.0, 0.0
1021071, 0.0, 0.0, 93.50572967529297, 0.0, 0.0, -0.45013427734375, 0.0, 0.0, 0.0, 0.0, 0.0, 0.0, 0.0, -10.461255073547363, 0.0, 0.0, 0.0, 0.0, 0.0, 0.0
1021081, 0.0, 0.0, 93.4994888305664, 0.0, 0.0, -0.62408447265625, 0.0, 0.0, 0.0, 0.0, 0.0, 0.0, 0.0, -10.460359573364258, 0.0, 0.0, 0.0, 0.0, 0.0, 0.0
1021091, 0.0, 0.0, 93.49386596679688, 0.0, 0.0, -0.562286376953125, 0.0, 0.0, 0.0, 0.0, 0.0, 0.0, 0.0, -10.46092414855957, 0.0, 0.0, 0.0, 0.0, 0.0, 0.0
1021101, 0.0, 0.0, 93.49044799804688, 0.0, 0.0, -0.341796875, 0.0, 0.0, 0.0, 0.0, 0.0, 0.0, 0.0, -10.461176872253418, 0.0, 0.0, 0.0, 0.0, 0.0, 0.0
1021111, 0.0, 0.0, 93.48737335205078, 0.0, 0.0, -0.307464599609375, 0.0, 0.0, 0.0, 0.0, 0.0, 0.0, 0.0, -10.462410926818848, 0.0, 0.0, 0.0, 0.0, 0.0, 0.0
1021121, 0.0, 0.0, 93.47968292236328, 0.0, 0.0, -0.76904296875, 0.0, 0.0, 0.0, 0.0, 0.0, 0.0, 0.0, -10.462215423583984, 0.0, 0.0, 0.0, 0.0, 0.0, 0.0
1021131, 0.0, 0.0, 93.47276306152344, 0.0, 0.0, -0.691986083984375, 0.0, 0.0, 0.0, 0.0, 0.0, 0.0, 0.0, -10.462528228759766, 0.0, 0.0, 0.0, 0.0, 0.0, 0.0
1021141, 0.0, 0.0, 93.47254943847656, 0.0, 0.0, -0.0213623046875, 0.0, 0.0, 0.0, 0.0, 0.0, 0.0, 0.0, -10.40931224822998, 0.0, 0.0, 0.0, 0.0, 0.0, 0.0
1021151, 0.0, 0.0, 93.47235870361328, 0.0, 0.0, -0.019073486328125, 0.0, 0.0, 0.0, 0.0, 0.0, 0.0, 0.0, -10.289006233215332, 0.0, 0.0, 0.0, 0.0, 0.0, 0.0
1021161, 0.0, 0.0, 93.4820327758789, 0.0, 0.0, 0.9674072265625, 0.0, 0.0, 0.0, 0.0, 0.0, 0.0, 0.0, -10.12105655670166, 0.0, 0.0, 0.0, 0.0, 0.0, 0.0
1021171, 0.0, 0.0, 93.49073791503906, 0.0, 0.0, 0.870513916015625, 0.0, 0.0, 0.0, 0.0, 0.0, 0.0, 0.0, -10.189871788024902, 0.0, 0.0, 0.0, 0.0, 0.0, 0.0
1021181, 0.0, 0.0, 93.49747467041016, 0.0, 0.0, 0.673675537109375, 0.0, 0.0, 0.0, 0.0, 0.0, 0.0, 0.0, -10.209476470947266, 0.0, 0.0, 0.0, 0.0, 0.0, 0.0
1021191, 0.0, 0.0, 93.5035400390625, 0.0, 0.0, 0.606536865234375, 0.0, 0.0, 0.0, 0.0, 0.0, 0.0, 0.0, -10.212045669555664, 0.0, 0.0, 0.0, 0.0, 0.0, 0.0
1021201, 0.0, 0.0, 93.5013427734375, 0.0, 0.0, -0.2197265625, 0.0, 0.0, 0.0, 0.0, 0.0, 0.0, 0.0, -10.206136703491211, 0.0, 0.0, 0.0, 0.0, 0.0, 0.0
1021211, 0.0, 0.0, 93.4993667602539, 0.0, 0.0, -0.197601318359375, 0.0, 0.0, 0.0, 0.0, 0.0, 0.0, 0.0, -10.214801788330078, 0.0, 0.0, 0.0, 0.0, 0.0, 0.0
1021221, 0.0, 0.0, 93.49102783203125, 0.0, 0.0, -0.833892822265625, 0.0, 0.0, 0.0, 0.0, 0.0, 0.0, 0.0, -10.295767784118652, 0.0, 0.0, 0.0, 0.0, 0.0, 0.0
1021231, 0.0, 0.0, 93.4835205078125, 0.0, 0.0, -0.750732421875, 0.0, 0.0, 0.0, 0.0, 0.0, 0.0, 0.0, -10.390059471130371, 0.0, 0.0, 0.0, 0.0, 0.0, 0.0
1021241, 0.0, 0.0, 93.47949981689453, 0.0, 0.0, -0.402069091796875, 0.0, 0.0, 0.0, 0.0, 0.0, 0.0, 0.0, -10.569808959960938, 0.0, 0.0, 0.0, 0.0, 0.0, 0.0
1021251, 0.0, 0.0, 93.47587585449219, 0.0, 0.0, -0.362396240234375, 0.0, 0.0, 0.0, 0.0, 0.0, 0.0, 0.0, -10.695233345031738, 0.0, 0.0, 0.0, 0.0, 0.0, 0.0
1021261, 0.0, 0.0, 93.47589874267578, 0.0, 0.0, 0.002288818359375, 0.0, 0.0, 0.0, 0.0, 0.0, 0.0, 0.0, -10.89001178741455, 0.0, 0.0, 0.0, 0.0, 0.0, 0.0
1021271, 0.0, 0.0, 93.47592163085938, 0.0, 0.0, 0.002288818359375, 0.0, 0.0, 0.0, 0.0, 0.0, 0.0, 0.0, -11.018693923950195, 0.0, 0.0, 0.0, 0.0, 0.0, 0.0
1021281, 0.0, 0.0, 93.47867584228516, 0.0, 0.0, 0.275421142578125, 0.0, 0.0, 0.0, 0.0, 0.0, 0.0, 0.0, -11.25455379486084, 0.0, 0.0, 0.0, 0.0, 0.0, 0.0
1021291, 0.0, 0.0, 93.48115539550781, 0.0, 0.0, 0.247955322265625, 0.0, 0.0, 0.0, 0.0, 0.0, 0.0, 0.0, -11.420291900634766, 0.0, 0.0, 0.0, 0.0, 0.0, 0.0
1021301, 0.0, 0.0, 93.47901153564453, 0.0, 0.0, -0.214385986328125, 0.0, 0.0, 0.0, 0.0, 0.0, 0.0, 0.0, -11.655476570129395, 0.0, 0.0, 0.0, 0.0, 0.0, 0.0
1021311, 0.0, 0.0, 93.47708129882812, 0.0, 0.0, -0.193023681640625, 0.0, 0.0, 0.0, 0.0, 0.0, 0.0, 0.0, -11.80653190612793, 0.0, 0.0, 0.0, 0.0, 0.0, 0.0
1021321, 0.0, 0.0, 93.47753143310547, 0.0, 0.0, 0.045013427734375, 0.0, 0.0, 0.0, 0.0, 0.0, 0.0, 0.0, -12.041681289672852, 0.0, 0.0, 0.0, 0.0, 0.0, 0.0
1021331, 0.0, 0.0, 93.47793579101562, 0.0, 0.0, 0.040435791015625, 0.0, 0.0, 0.0, 0.0, 0.0, 0.0, 0.0, -12.195643424987793, 0.0, 0.0, 0.0, 0.0, 0.0, 0.0
1021341, 0.0, 0.0, 93.46791076660156, 0.0, 0.0, -1.00250244140625, 0.0, 0.0, 0.0, 0.0, 0.0, 0.0, 0.0, -12.422355651855469, 0.0, 0.0, 0.0, 0.0, 0.0, 0.0
1021351, 0.0, 0.0, 93.4588851928711, 0.0, 0.0, -0.902557373046875, 0.0, 0.0, 0.0, 0.0, 0.0, 0.0, 0.0, -12.574277877807617, 0.0, 0.0, 0.0, 0.0, 0.0, 0.0
1021361, 0.0, 0.0, 93.45294952392578, 0.0, 0.0, -0.59356689453125, 0.0, 0.0, 0.0, 0.0, 0.0, 0.0, 0.0, -12.795599937438965, 0.0, 0.0, 0.0, 0.0, 0.0, 0.0
1021371, 0.0, 0.0, 93.4476089477539, 0.0, 0.0, -0.5340576171875, 0.0, 0.0, 0.0, 0.0, 0.0, 0.0, 0.0, -12.920159339904785, 0.0, 0.0, 0.0, 0.0, 0.0, 0.0
1021381, 0.0, 0.0, 93.44171142578125, 0.0, 0.0, -0.589752197265625, 0.0, 0.0, 0.0, 0.0, 0.0, 0.0, 0.0, -13.070756912231445, 0.0, 0.0, 0.0, 0.0, 0.0, 0.0
1021391, 0.0, 0.0, 93.4364013671875, 0.0, 0.0, -0.531005859375, 0.0, 0.0, 0.0, 0.0, 0.0, 0.0, 0.0, -13.156633377075195, 0.0, 0.0, 0.0, 0.0, 0.0, 0.0
1021401, 0.0, 0.0, 93.43435668945312, 0.0, 0.0, -0.2044677734375, 0.0, 0.0, 0.0, 0.0, 0.0, 0.0, 0.0, -13.27417278289795, 0.0, 0.0, 0.0, 0.0, 0.0, 0.0
1021411, 0.0, 0.0, 93.4325180053711, 0.0, 0.0, -0.183868408203125, 0.0, 0.0, 0.0, 0.0, 0.0, 0.0, 0.0, -13.346478462219238, 0.0, 0.0, 0.0, 0.0, 0.0, 0.0
1021421, 0.0, 0.0, 93.43031311035156, 0.0, 0.0, -0.220489501953125, 0.0, 0.0, 0.0, 0.0, 0.0, 0.0, 0.0, -13.456862449645996, 0.0, 0.0, 0.0, 0.0, 0.0, 0.0
1021431, 0.0, 0.0, 93.42832946777344, 0.0, 0.0, -0.1983642578125, 0.0, 0.0, 0.0, 0.0, 0.0, 0.0, 0.0, -13.50949478149414, 0.0, 0.0, 0.0, 0.0, 0.0, 0.0
1021441, 0.0, 0.0, 93.42928314208984, 0.0, 0.0, 0.095367431640625, 0.0, 0.0, 0.0, 0.0, 0.0, 0.0, 0.0, -13.57555103302002, 0.0, 0.0, 0.0, 0.0, 0.0, 0.0
1021451, 0.0, 0.0, 93.43013763427734, 0.0, 0.0, 0.08544921875, 0.0, 0.0, 0.0, 0.0, 0.0, 0.0, 0.0, -13.60493278503418, 0.0, 0.0, 0.0, 0.0, 0.0, 0.0
1021461, 0.0, 0.0, 93.4265365600586, 0.0, 0.0, -0.360107421875, 0.0, 0.0, 0.0, 0.0, 0.0, 0.0, 0.0, -13.649706840515137, 0.0, 0.0, 0.0, 0.0, 0.0, 0.0
1021471, 0.0, 0.0, 93.42329406738281, 0.0, 0.0, -0.324249267578125, 0.0, 0.0, 0.0, 0.0, 0.0, 0.0, 0.0, -13.672444343566895, 0.0, 0.0, 0.0, 0.0, 0.0, 0.0
1021481, 0.0, 0.0, 93.42584228515625, 0.0, 0.0, 0.25482177734375, 0.0, 0.0, 0.0, 0.0, 0.0, 0.0, 0.0, -13.70032787322998, 0.0, 0.0, 0.0, 0.0, 0.0, 0.0
1021491, 0.0, 0.0, 93.42813873291016, 0.0, 0.0, 0.229644775390625, 0.0, 0.0, 0.0, 0.0, 0.0, 0.0, 0.0, -13.705578804016113, 0.0, 0.0, 0.0, 0.0, 0.0, 0.0
1021501, 0.0, 0.0, 93.43348693847656, 0.0, 0.0, 0.534820556640625, 0.0, 0.0, 0.0, 0.0, 0.0, 0.0, 0.0, -13.705326080322266, 0.0, 0.0, 0.0, 0.0, 0.0, 0.0
1021511, 0.0, 0.0, 93.43829345703125, 0.0, 0.0, 0.48065185546875, 0.0, 0.0, 0.0, 0.0, 0.0, 0.0, 0.0, -13.705845832824707, 0.0, 0.0, 0.0, 0.0, 0.0, 0.0
1021521, 0.0, 0.0, 93.45027923583984, 0.0, 0.0, 1.198577880859375, 0.0, 0.0, 0.0, 0.0, 0.0, 0.0, 0.0, -13.705885887145996, 0.0, 0.0, 0.0, 0.0, 0.0, 0.0
1021531, 0.0, 0.0, 93.46106719970703, 0.0, 0.0, 1.07879638671875, 0.0, 0.0, 0.0, 0.0, 0.0, 0.0, 0.0, -13.705498695373535, 0.0, 0.0, 0.0, 0.0, 0.0, 0.0
1021541, 0.0, 0.0, 93.46913146972656, 0.0, 0.0, 0.806427001953125, 0.0, 0.0, 0.0, 0.0, 0.0, 0.0, 0.0, -13.70293140411377, 0.0, 0.0, 0.0, 0.0, 0.0, 0.0
1021551, 0.0, 0.0, 93.47639465332031, 0.0, 0.0, 0.726318359375, 0.0, 0.0, 0.0, 0.0, 0.0, 0.0, 0.0, -13.699841499328613, 0.0, 0.0, 0.0, 0.0, 0.0, 0.0
1021561, 0.0, 0.0, 93.48128509521484, 0.0, 0.0, 0.489044189453125, 0.0, 0.0, 0.0, 0.0, 0.0, 0.0, 0.0, -13.6961088180542, 0.0, 0.0, 0.0, 0.0, 0.0, 0.0
1021571, 0.0, 0.0, 93.48568725585938, 0.0, 0.0, 0.440216064453125, 0.0, 0.0, 0.0, 0.0, 0.0, 0.0, 0.0, -13.697173118591309, 0.0, 0.0, 0.0, 0.0, 0.0, 0.0
1021581, 0.0, 0.0, 93.48910522460938, 0.0, 0.0, 0.341796875, 0.0, 0.0, 0.0, 0.0, 0.0, 0.0, 0.0, -13.7047758102417, 0.0, 0.0, 0.0, 0.0, 0.0, 0.0
1021591, 0.0, 0.0, 93.49217987060547, 0.0, 0.0, 0.307464599609375, 0.0, 0.0, 0.0, 0.0, 0.0, 0.0, 0.0, -13.706841468811035, 0.0, 0.0, 0.0, 0.0, 0.0, 0.0
1021601, 0.0, 0.0, 93.49057006835938, 0.0, 0.0, -0.160980224609375, 0.0, 0.0, 0.0, 0.0, 0.0, 0.0, 0.0, -13.705838203430176, 0.0, 0.0, 0.0, 0.0, 0.0, 0.0
1021611, 0.0, 0.0, 93.48912048339844, 0.0, 0.0, -0.14495849609375, 0.0, 0.0, 0.0, 0.0, 0.0, 0.0, 0.0, -13.707845687866211, 0.0, 0.0, 0.0, 0.0, 0.0, 0.0
1021621, 0.0, 0.0, 93.48235321044922, 0.0, 0.0, -0.676727294921875, 0.0, 0.0, 0.0, 0.0, 0.0, 0.0, 0.0, -13.708268165588379, 0.0, 0.0, 0.0, 0.0, 0.0, 0.0
1021631, 0.0, 0.0, 93.47626495361328, 0.0, 0.0, -0.60882568359375, 0.0, 0.0, 0.0, 0.0, 0.0, 0.0, 0.0, -13.7076997756958, 0.0, 0.0, 0.0, 0.0, 0.0, 0.0
1021641, 0.0, 0.0, 93.47843933105469, 0.0, 0.0, 0.217437744140625, 0.0, 0.0, 0.0, 0.0, 0.0, 0.0, 0.0, -13.709697723388672, 0.0, 0.0, 0.0, 0.0, 0.0, 0.0
1021651, 0.0, 0.0, 93.48039245605469, 0.0, 0.0, 0.1953125, 0.0, 0.0, 0.0, 0.0, 0.0, 0.0, 0.0, -13.709609031677246, 0.0, 0.0, 0.0, 0.0, 0.0, 0.0
1021661, 0.0, 0.0, 93.48160552978516, 0.0, 0.0, 0.121307373046875, 0.0, 0.0, 0.0, 0.0, 0.0, 0.0, 0.0, -13.7086181640625, 0.0, 0.0, 0.0, 0.0, 0.0, 0.0
1021671, 0.0, 0.0, 93.48269653320312, 0.0, 0.0, 0.109100341796875, 0.0, 0.0, 0.0, 0.0, 0.0, 0.0, 0.0, -13.70885181427002, 0.0, 0.0, 0.0, 0.0, 0.0, 0.0
1021681, 0.0, 0.0, 93.4869613647461, 0.0, 0.0, 0.426483154296875, 0.0, 0.0, 0.0, 0.0, 0.0, 0.0, 0.0, -13.707624435424805, 0.0, 0.0, 0.0, 0.0, 0.0, 0.0
1021691, 0.0, 0.0, 93.49079895019531, 0.0, 0.0, 0.383758544921875, 0.0, 0.0, 0.0, 0.0, 0.0, 0.0, 0.0, -13.708938598632812, 0.0, 0.0, 0.0, 0.0, 0.0, 0.0
1021701, 0.0, 0.0, 93.50244903564453, 0.0, 0.0, 1.165008544921875, 0.0, 0.0, 0.0, 0.0, 0.0, 0.0, 0.0, -13.708944320678711, 0.0, 0.0, 0.0, 0.0, 0.0, 0.0
1021711, 0.0, 0.0, 93.512939453125, 0.0, 0.0, 1.049041748046875, 0.0, 0.0, 0.0, 0.0, 0.0, 0.0, 0.0, -13.707859992980957, 0.0, 0.0, 0.0, 0.0, 0.0, 0.0
1021721, 0.0, 0.0, 93.5185546875, 0.0, 0.0, 0.5615234375, 0.0, 0.0, 0.0, 0.0, 0.0, 0.0, 0.0, -13.707500457763672, 0.0, 0.0, 0.0, 0.0, 0.0, 0.0
1021731, 0.0, 0.0, 93.52360534667969, 0.0, 0.0, 0.50506591796875, 0.0, 0.0, 0.0, 0.0, 0.0, 0.0, 0.0, -13.70758056640625, 0.0, 0.0, 0.0, 0.0, 0.0, 0.0
1021741, 0.0, 0.0, 93.52049255371094, 0.0, 0.0, -0.311279296875, 0.0, 0.0, 0.0, 0.0, 0.0, 0.0, 0.0, -13.70718765258789, 0.0, 0.0, 0.0, 0.0, 0.0, 0.0
1021751, 0.0, 0.0, 93.51769256591797, 0.0, 0.0, -0.279998779296875, 0.0, 0.0, 0.0, 0.0, 0.0, 0.0, 0.0, -13.707562446594238, 0.0, 0.0, 0.0, 0.0, 0.0, 0.0
1021761, 0.0, 0.0, 93.52064514160156, 0.0, 0.0, 0.295257568359375, 0.0, 0.0, 0.0, 0.0, 0.0, 0.0, 0.0, -13.706588745117188, 0.0, 0.0, 0.0, 0.0, 0.0, 0.0
1021771, 0.0, 0.0, 93.52330017089844, 0.0, 0.0, 0.2655029296875, 0.0, 0.0, 0.0, 0.0, 0.0, 0.0, 0.0, -13.707537651062012, 0.0, 0.0, 0.0, 0.0, 0.0, 0.0
1021781, 0.0, 0.0, 93.52787780761719, 0.0, 0.0, 0.457763671875, 0.0, 0.0, 0.0, 0.0, 0.0, 0.0, 0.0, -13.707228660583496, 0.0, 0.0, 0.0, 0.0, 0.0, 0.0
1021791, 0.0, 0.0, 93.53199768066406, 0.0, 0.0, 0.4119873046875, 0.0, 0.0, 0.0, 0.0, 0.0, 0.0, 0.0, -13.707213401794434, 0.0, 0.0, 0.0, 0.0, 0.0, 0.0
1021801, 0.0, 0.0, 93.53734588623047, 0.0, 0.0, 0.534820556640625, 0.0, 0.0, 0.0, 0.0, 0.0, 0.0, 0.0, -13.708098411560059, 0.0, 0.0, 0.0, 0.0, 0.0, 0.0
1021811, 0.0, 0.0, 93.54216003417969, 0.0, 0.0, 0.481414794921875, 0.0, 0.0, 0.0, 0.0, 0.0, 0.0, 0.0, -13.708280563354492, 0.0, 0.0, 0.0, 0.0, 0.0, 0.0
1021821, 0.0, 0.0, 93.54867553710938, 0.0, 0.0, 0.65155029296875, 0.0, 0.0, 0.0, 0.0, 0.0, 0.0, 0.0, -13.708832740783691, 0.0, 0.0, 0.0, 0.0, 0.0, 0.0
1021831, 0.0, 0.0, 93.5545425415039, 0.0, 0.0, 0.586700439453125, 0.0, 0.0, 0.0, 0.0, 0.0, 0.0, 0.0, -13.707677841186523, 0.0, 0.0, 0.0, 0.0, 0.0, 0.0
1021841, 0.0, 0.0, 93.56693267822266, 0.0, 0.0, 1.239013671875, 0.0, 0.0, 0.0, 0.0, 0.0, 0.0, 0.0, -13.707282066345215, 0.0, 0.0, 0.0, 0.0, 0.0, 0.0
1021851, 0.0, 0.0, 93.57807922363281, 0.0, 0.0, 1.114654541015625, 0.0, 0.0, 0.0, 0.0, 0.0, 0.0, 0.0, -13.708702087402344, 0.0, 0.0, 0.0, 0.0, 0.0, 0.0
1021861, 0.0, 0.0, 93.5881118774414, 0.0, 0.0, 1.003265380859375, 0.0, 0.0, 0.0, 0.0, 0.0, 0.0, 0.0, -13.708696365356445, 0.0, 0.0, 0.0, 0.0, 0.0, 0.0
1021871, 0.0, 0.0, 93.5971450805664, 0.0, 0.0, 0.9033203125, 0.0, 0.0, 0.0, 0.0, 0.0, 0.0, 0.0, -13.708780288696289, 0.0, 0.0, 0.0, 0.0, 0.0, 0.0
1021881, 0.0, 0.0, 93.60964965820312, 0.0, 0.0, 1.250457763671875, 0.0, 0.0, 0.0, 0.0, 0.0, 0.0, 0.0, -13.709624290466309, 0.0, 0.0, 0.0, 0.0, 0.0, 0.0
1021891, 0.0, 0.0, 93.62090301513672, 0.0, 0.0, 1.125335693359375, 0.0, 0.0, 0.0, 0.0, 0.0, 0.0, 0.0, -13.708357810974121, 0.0, 0.0, 0.0, 0.0, 0.0, 0.0
1021901, 0.0, 0.0, 93.62993621826172, 0.0, 0.0, 0.9033203125, 0.0, 0.0, 0.0, 0.0, 0.0, 0.0, 0.0, -13.709335327148438, 0.0, 0.0, 0.0, 0.0, 0.0, 0.0
1021911, 0.0, 0.0, 93.63806915283203, 0.0, 0.0, 0.81329345703125, 0.0, 0.0, 0.0, 0.0, 0.0, 0.0, 0.0, -13.709022521972656, 0.0, 0.0, 0.0, 0.0, 0.0, 0.0
1021921, 0.0, 0.0, 93.63554382324219, 0.0, 0.0, -0.252532958984375, 0.0, 0.0, 0.0, 0.0, 0.0, 0.0, 0.0, -13.708076477050781, 0.0, 0.0, 0.0, 0.0, 0.0, 0.0
1021931, 0.0, 0.0, 93.63327026367188, 0.0, 0.0, -0.22735595703125, 0.0, 0.0, 0.0, 0.0, 0.0, 0.0, 0.0, -13.710212707519531, 0.0, 0.0, 0.0, 0.0, 0.0, 0.0
1021941, 0.0, 0.0, 93.63505554199219, 0.0, 0.0, 0.17852783203125, 0.0, 0.0, 0.0, 0.0, 0.0, 0.0, 0.0, -13.710287094116211, 0.0, 0.0, 0.0, 0.0, 0.0, 0.0
1021951, 0.0, 0.0, 93.63665771484375, 0.0, 0.0, 0.16021728515625, 0.0, 0.0, 0.0, 0.0, 0.0, 0.0, 0.0, -13.710741996765137, 0.0, 0.0, 0.0, 0.0, 0.0, 0.0
1021961, 0.0, 0.0, 93.63044738769531, 0.0, 0.0, -0.62103271484375, 0.0, 0.0, 0.0, 0.0, 0.0, 0.0, 0.0, -13.71021556854248, 0.0, 0.0, 0.0, 0.0, 0.0, 0.0
1021971, 0.0, 0.0, 93.6248550415039, 0.0, 0.0, -0.559234619140625, 0.0, 0.0, 0.0, 0.0, 0.0, 0.0, 0.0, -13.70966911315918, 0.0, 0.0, 0.0, 0.0, 0.0, 0.0
1021981, 0.0, 0.0, 93.62474822998047, 0.0, 0.0, -0.01068115234375, 0.0, 0.0, 0.0, 0.0, 0.0, 0.0, 0.0, -13.709454536437988, 0.0, 0.0, 0.0, 0.0, 0.0, 0.0
1021991, 0.0, 0.0, 93.62464904785156, 0.0, 0.0, -0.009918212890625, 0.0, 0.0, 0.0, 0.0, 0.0, 0.0, 0.0, -13.708306312561035, 0.0, 0.0, 0.0, 0.0, 0.0, 0.0
1022001, 0.0, 0.0, 93.62838745117188, 0.0, 0.0, 0.37384033203125, 0.0, 0.0, 0.0, 0.0, 0.0, 0.0, 0.0, -13.70824909210205, 0.0, 0.0, 0.0, 0.0, 0.0, 0.0
1022011, 0.0, 0.0, 93.63175201416016, 0.0, 0.0, 0.336456298828125, 0.0, 0.0, 0.0, 0.0, 0.0, 0.0, 0.0, -13.708832740783691, 0.0, 0.0, 0.0, 0.0, 0.0, 0.0
1022021, 0.0, 0.0, 93.62767028808594, 0.0, 0.0, -0.408172607421875, 0.0, 0.0, 0.0, 0.0, 0.0, 0.0, 0.0, -13.708860397338867, 0.0, 0.0, 0.0, 0.0, 0.0, 0.0
1022031, 0.0, 0.0, 93.6240005493164, 0.0, 0.0, -0.366973876953125, 0.0, 0.0, 0.0, 0.0, 0.0, 0.0, 0.0, -13.709303855895996, 0.0, 0.0, 0.0, 0.0, 0.0, 0.0
1022041, 0.0, 0.0, 93.62069702148438, 0.0, 0.0, -0.330352783203125, 0.0, 0.0, 0.0, 0.0, 0.0, 0.0, 0.0, -13.709175109863281, 0.0, 0.0, 0.0, 0.0, 0.0, 0.0
1022051, 0.0, 0.0, 93.61772155761719, 0.0, 0.0, -0.29754638671875, 0.0, 0.0, 0.0, 0.0, 0.0, 0.0, 0.0, -13.708352088928223, 0.0, 0.0, 0.0, 0.0, 0.0, 0.0
1022061, 0.0, 0.0, 93.61832427978516, 0.0, 0.0, 0.060272216796875, 0.0, 0.0, 0.0, 0.0, 0.0, 0.0, 0.0, -13.709064483642578, 0.0, 0.0, 0.0, 0.0, 0.0, 0.0
1022071, 0.0, 0.0, 93.61886596679688, 0.0, 0.0, 0.054168701171875, 0.0, 0.0, 0.0, 0.0, 0.0, 0.0, 0.0, -13.709298133850098, 0.0, 0.0, 0.0, 0.0, 0.0, 0.0
1022081, 0.0, 0.0, 93.61060333251953, 0.0, 0.0, -0.826263427734375, 0.0, 0.0, 0.0, 0.0, 0.0, 0.0, 0.0, -13.709596633911133, 0.0, 0.0, 0.0, 0.0, 0.0, 0.0
1022091, 0.0, 0.0, 93.6031723022461, 0.0, 0.0, -0.74310302734375, 0.0, 0.0, 0.0, 0.0, 0.0, 0.0, 0.0, -13.710434913635254, 0.0, 0.0, 0.0, 0.0, 0.0, 0.0
1022101, 0.0, 0.0, 93.59429168701172, 0.0, 0.0, -0.8880615234375, 0.0, 0.0, 0.0, 0.0, 0.0, 0.0, 0.0, -13.710405349731445, 0.0, 0.0, 0.0, 0.0, 0.0, 0.0
1022111, 0.0, 0.0, 93.5863037109375, 0.0, 0.0, -0.798797607421875, 0.0, 0.0, 0.0, 0.0, 0.0, 0.0, 0.0, -13.710970878601074, 0.0, 0.0, 0.0, 0.0, 0.0, 0.0
1022121, 0.0, 0.0, 93.57965850830078, 0.0, 0.0, -0.664520263671875, 0.0, 0.0, 0.0, 0.0, 0.0, 0.0, 0.0, -13.711431503295898, 0.0, 0.0, 0.0, 0.0, 0.0, 0.0
1022131, 0.0, 0.0, 93.57367706298828, 0.0, 0.0, -0.59814453125, 0.0, 0.0, 0.0, 0.0, 0.0, 0.0, 0.0, -13.710097312927246, 0.0, 0.0, 0.0, 0.0, 0.0, 0.0
1022141, 0.0, 0.0, 93.57540130615234, 0.0, 0.0, 0.17242431640625, 0.0, 0.0, 0.0, 0.0, 0.0, 0.0, 0.0, -13.7119779586792, 0.0, 0.0, 0.0, 0.0, 0.0, 0.0
1022151, 0.0, 0.0, 93.57695770263672, 0.0, 0.0, 0.1556396484375, 0.0, 0.0, 0.0, 0.0, 0.0, 0.0, 0.0, -13.71126651763916, 0.0, 0.0, 0.0, 0.0, 0.0, 0.0
1022161, 0.0, 0.0, 93.58382415771484, 0.0, 0.0, 0.6866455078125, 0.0, 0.0, 0.0, 0.0, 0.0, 0.0, 0.0, -13.710575103759766, 0.0, 0.0, 0.0, 0.0, 0.0, 0.0
1022171, 0.0, 0.0, 93.59000396728516, 0.0, 0.0, 0.61798095703125, 0.0, 0.0, 0.0, 0.0, 0.0, 0.0, 0.0, -13.711387634277344, 0.0, 0.0, 0.0, 0.0, 0.0, 0.0
1022181, 0.0, 0.0, 93.5879135131836, 0.0, 0.0, -0.20904541015625, 0.0, 0.0, 0.0, 0.0, 0.0, 0.0, 0.0, -13.711475372314453, 0.0, 0.0, 0.0, 0.0, 0.0, 0.0
1022191, 0.0, 0.0, 93.58602905273438, 0.0, 0.0, -0.188446044921875, 0.0, 0.0, 0.0, 0.0, 0.0, 0.0, 0.0, -13.712631225585938, 0.0, 0.0, 0.0, 0.0, 0.0, 0.0
1022201, 0.0, 0.0, 93.5892562866211, 0.0, 0.0, 0.322723388671875, 0.0, 0.0, 0.0, 0.0, 0.0, 0.0, 0.0, -13.712508201599121, 0.0, 0.0, 0.0, 0.0, 0.0, 0.0
1022211, 0.0, 0.0, 93.59215545654297, 0.0, 0.0, 0.2899169921875, 0.0, 0.0, 0.0, 0.0, 0.0, 0.0, 0.0, -13.710548400878906, 0.0, 0.0, 0.0, 0.0, 0.0, 0.0
1022221, 0.0, 0.0, 93.58602142333984, 0.0, 0.0, -0.6134033203125, 0.0, 0.0, 0.0, 0.0, 0.0, 0.0, 0.0, -13.712170600891113, 0.0, 0.0, 0.0, 0.0, 0.0, 0.0
1022231, 0.0, 0.0, 93.58049774169922, 0.0, 0.0, -0.5523681640625, 0.0, 0.0, 0.0, 0.0, 0.0, 0.0, 0.0, -13.711984634399414, 0.0, 0.0, 0.0, 0.0, 0.0, 0.0
1022241, 0.0, 0.0, 93.58263397216797, 0.0, 0.0, 0.213623046875, 0.0, 0.0, 0.0, 0.0, 0.0, 0.0, 0.0, -13.711907386779785, 0.0, 0.0, 0.0, 0.0, 0.0, 0.0
1022251, 0.0, 0.0, 93.58455657958984, 0.0, 0.0, 0.1922607421875, 0.0, 0.0, 0.0, 0.0, 0.0, 0.0, 0.0, -13.713444709777832, 0.0, 0.0, 0.0, 0.0, 0.0, 0.0
1022261, 0.0, 0.0, 93.58136749267578, 0.0, 0.0, -0.31890869140625, 0.0, 0.0, 0.0, 0.0, 0.0, 0.0, 0.0, -13.713157653808594, 0.0, 0.0, 0.0, 0.0, 0.0, 0.0
1022271, 0.0, 0.0, 93.57849884033203, 0.0, 0.0, -0.286865234375, 0.0, 0.0, 0.0, 0.0, 0.0, 0.0, 0.0, -13.713226318359375, 0.0, 0.0, 0.0, 0.0, 0.0, 0.0
1022281, 0.0, 0.0, 93.5808334350586, 0.0, 0.0, 0.23345947265625, 0.0, 0.0, 0.0, 0.0, 0.0, 0.0, 0.0, -13.71324634552002, 0.0, 0.0, 0.0, 0.0, 0.0, 0.0
1022291, 0.0, 0.0, 93.58293914794922, 0.0, 0.0, 0.2105712890625, 0.0, 0.0, 0.0, 0.0, 0.0, 0.0, 0.0, -13.713834762573242, 0.0, 0.0, 0.0, 0.0, 0.0, 0.0
1022301, 0.0, 0.0, 93.583740234375, 0.0, 0.0, 0.080108642578125, 0.0, 0.0, 0.0, 0.0, 0.0, 0.0, 0.0, -13.714910507202148, 0.0, 0.0, 0.0, 0.0, 0.0, 0.0
1022311, 0.0, 0.0, 93.58445739746094, 0.0, 0.0, 0.07171630859375, 0.0, 0.0, 0.0, 0.0, 0.0, 0.0, 0.0, -13.714643478393555, 0.0, 0.0, 0.0, 0.0, 0.0, 0.0
1022321, 0.0, 0.0, 93.5851058959961, 0.0, 0.0, 0.064849853515625, 0.0, 0.0, 0.0, 0.0, 0.0, 0.0, 0.0, -13.713565826416016, 0.0, 0.0, 0.0, 0.0, 0.0, 0.0
1022331, 0.0, 0.0, 93.585693359375, 0.0, 0.0, 0.058746337890625, 0.0, 0.0, 0.0, 0.0, 0.0, 0.0, 0.0, -13.714006423950195, 0.0, 0.0, 0.0, 0.0, 0.0, 0.0
1022341, 0.0, 0.0, 93.5758285522461, 0.0, 0.0, -0.986480712890625, 0.0, 0.0, 0.0, 0.0, 0.0, 0.0, 0.0, -13.714046478271484, 0.0, 0.0, 0.0, 0.0, 0.0, 0.0
1022351, 0.0, 0.0, 93.56694793701172, 0.0, 0.0, -0.8880615234375, 0.0, 0.0, 0.0, 0.0, 0.0, 0.0, 0.0, -13.713784217834473, 0.0, 0.0, 0.0, 0.0, 0.0, 0.0
1022361, 0.0, 0.0, 93.55239868164062, 0.0, 0.0, -1.454925537109375, 0.0, 0.0, 0.0, 0.0, 0.0, 0.0, 0.0, -13.713141441345215, 0.0, 0.0, 0.0, 0.0, 0.0, 0.0
1022371, 0.0, 0.0, 93.53929901123047, 0.0, 0.0, -1.309967041015625, 0.0, 0.0, 0.0, 0.0, 0.0, 0.0, 0.0, -13.712926864624023, 0.0, 0.0, 0.0, 0.0, 0.0, 0.0
1022381, 0.0, 0.0, 93.53079223632812, 0.0, 0.0, -0.850677490234375, 0.0, 0.0, 0.0, 0.0, 0.0, 0.0, 0.0, -13.71409797668457, 0.0, 0.0, 0.0, 0.0, 0.0, 0.0
1022391, 0.0, 0.0, 93.52313995361328, 0.0, 0.0, -0.765228271484375, 0.0, 0.0, 0.0, 0.0, 0.0, 0.0, 0.0, -13.714048385620117, 0.0, 0.0, 0.0, 0.0, 0.0, 0.0
1022401, 0.0, 0.0, 93.51734161376953, 0.0, 0.0, -0.579833984375, 0.0, 0.0, 0.0, 0.0, 0.0, 0.0, 0.0, -13.71544361114502, 0.0, 0.0, 0.0, 0.0, 0.0, 0.0
1022411, 0.0, 0.0, 93.51212310791016, 0.0, 0.0, -0.5218505859375, 0.0, 0.0, 0.0, 0.0, 0.0, 0.0, 0.0, -13.71479320526123, 0.0, 0.0, 0.0, 0.0, 0.0, 0.0
1022421, 0.0, 0.0, 93.50579071044922, 0.0, 0.0, -0.63323974609375, 0.0, 0.0, 0.0, 0.0, 0.0, 0.0, 0.0, -13.714174270629883, 0.0, 0.0, 0.0, 0.0, 0.0, 0.0
1022431, 0.0, 0.0, 93.50009155273438, 0.0, 0.0, -0.569915771484375, 0.0, 0.0, 0.0, 0.0, 0.0, 0.0, 0.0, -13.71514892578125, 0.0, 0.0, 0.0, 0.0, 0.0, 0.0
1022441, 0.0, 0.0, 93.49058532714844, 0.0, 0.0, -0.95062255859375, 0.0, 0.0, 0.0, 0.0, 0.0, 0.0, 0.0, -13.714516639709473, 0.0, 0.0, 0.0, 0.0, 0.0, 0.0
1022451, 0.0, 0.0, 93.4820327758789, 0.0, 0.0, -0.855255126953125, 0.0, 0.0, 0.0, 0.0, 0.0, 0.0, 0.0, -13.713879585266113, 0.0, 0.0, 0.0, 0.0, 0.0, 0.0
1022461, 0.0, 0.0, 93.48800659179688, 0.0, 0.0, 0.597381591796875, 0.0, 0.0, 0.0, 0.0, 0.0, 0.0, 0.0, -13.714213371276855, 0.0, 0.0, 0.0, 0.0, 0.0, 0.0
1022471, 0.0, 0.0, 93.49337768554688, 0.0, 0.0, 0.537109375, 0.0, 0.0, 0.0, 0.0, 0.0, 0.0, 0.0, -13.71327018737793, 0.0, 0.0, 0.0, 0.0, 0.0, 0.0
1022481, 0.0, 0.0, 93.49055480957031, 0.0, 0.0, -0.28228759765625, 0.0, 0.0, 0.0, 0.0, 0.0, 0.0, 0.0, -13.713644027709961, 0.0, 0.0, 0.0, 0.0, 0.0, 0.0
1022491, 0.0, 0.0, 93.4880142211914, 0.0, 0.0, -0.254058837890625, 0.0, 0.0, 0.0, 0.0, 0.0, 0.0, 0.0, -13.712294578552246, 0.0, 0.0, 0.0, 0.0, 0.0, 0.0
1022501, 0.0, 0.0, 93.48409271240234, 0.0, 0.0, -0.39215087890625, 0.0, 0.0, 0.0, 0.0, 0.0, 0.0, 0.0, -13.7107572555542, 0.0, 0.0, 0.0, 0.0, 0.0, 0.0
1022511, 0.0, 0.0, 93.48056030273438, 0.0, 0.0, -0.353240966796875, 0.0, 0.0, 0.0, 0.0, 0.0, 0.0, 0.0, -13.710685729980469, 0.0, 0.0, 0.0, 0.0, 0.0, 0.0
1022521, 0.0, 0.0, 93.48394012451172, 0.0, 0.0, 0.337982177734375, 0.0, 0.0, 0.0, 0.0, 0.0, 0.0, 0.0, -13.709526062011719, 0.0, 0.0, 0.0, 0.0, 0.0, 0.0
1022531, 0.0, 0.0, 93.48698425292969, 0.0, 0.0, 0.304412841796875, 0.0, 0.0, 0.0, 0.0, 0.0, 0.0, 0.0, -13.708596229553223, 0.0, 0.0, 0.0, 0.0, 0.0, 0.0
1022541, 0.0, 0.0, 93.48753356933594, 0.0, 0.0, 0.054931640625, 0.0, 0.0, 0.0, 0.0, 0.0, 0.0, 0.0, -13.709364891052246, 0.0, 0.0, 0.0, 0.0, 0.0, 0.0
1022551, 0.0, 0.0, 93.48802947998047, 0.0, 0.0, 0.049591064453125, 0.0, 0.0, 0.0, 0.0, 0.0, 0.0, 0.0, -13.708683013916016, 0.0, 0.0, 0.0, 0.0, 0.0, 0.0
1022561, 0.0, 0.0, 93.48628997802734, 0.0, 0.0, -0.1739501953125, 0.0, 0.0, 0.0, 0.0, 0.0, 0.0, 0.0, -13.709117889404297, 0.0, 0.0, 0.0, 0.0, 0.0, 0.0
1022571, 0.0, 0.0, 93.48472595214844, 0.0, 0.0, -0.156402587890625, 0.0, 0.0, 0.0, 0.0, 0.0, 0.0, 0.0, -13.71004867553711, 0.0