timestamp,Distance1,Distance2
1714481025.3245366,0,0
1714481025.334728,0,0
1714481025.344848,0,0
1714481025.3549645,0,0
1714481025.3650842,0,0
1714481025.3753242,0,0
1714481025.3855634,0,0
1714481025.3958082,0,0
1714481025.4060476,0,0
1714481025.416273,0,0
1714481025.4265063,0,0
1714481025.4367394,0,0
1714481025.4470031,0,0
1714481025.4572315,0,0
1714481025.4674666,0,0
1714481025.477823,0,0
1714481025.488065,0,0
1714481025.4984791,0,0
1714481025.5087264,0,0
1714481025.5189848,0,0
1714481025.5292044,0,0
1714481025.5394392,0,0
1714481025.549679,0,0
1714481025.5599132,0,0
1714481025.5701358,0,0
1714481025.580404,0,0
1714481025.5909097,0,0
1714481025.6011386,0,0
1714481025.611357,0,0
1714481025.6217191,0,0
1714481025.631953,0,0
1714481025.6421897,0,0
1714481025.6524298,0,0
1714481025.6626742,0,0
1714481025.6729448,0,0
1714481025.6831765,0,0
1714481025.6933942,0,0
1714481025.7036169,0,0
1714481025.7138271,0,0
1714481025.7242963,0,0
1714481025.7345247,0,0
1714481025.7447548,0,0
1714481025.755184,0,0
1714481025.7654133,0,0
1714481025.775635,0,0
1714481025.785863,0,0
1714481025.7960775,0,0
1714481025.8062994,0,0
1714481025.8164535,0,0
1714481025.8268898,0,0
1714481025.8371294,0,0
1714481025.847372,0,0
1714481025.857607,0,0
1714481025.8678498,0,0
1714481025.8781126,0,0
1714481025.888345,0,0
1714481025.8985736,0,0
1714481025.9088023,0,0
1714481025.9190328,0,0
1714481025.9292567,0,0
1714481025.939477,0,0
1714481025.9497106,0,0
1714481025.9599488,0,0
1714481025.9702187,0,0
1714481025.980453,0,0
1714481025.9908206,0,0
1714481026.0010417,0,0
1714481026.0112643,0,0
1714481026.0214868,0,0
1714481026.0318651,0,0
1714481026.0422497,0,0
1714481026.0524852,0,0
1714481026.062707,0,0
1714481026.0728865,0,0
1714481026.0831444,0,0
1714481026.0933583,0,0
1714481026.1035824,0,0
1714481026.113824,0,0
1714481026.124049,0,0
1714481026.134271,0,0
1714481026.1445036,0,0
1714481026.1551127,0,0
1714481026.165332,0,0
1714481026.1755502,0,0
1714481026.1857984,0,0
1714481026.1960363,0,0
1714481026.206264,0,0
1714481026.2164857,0,0
1714481026.2267132,0,0
1714481026.2370262,0,0
1714481026.2475164,0,0
1714481026.2577412,0,0
1714481026.267988,0,0
1714481026.2783444,0,0
1714481026.2885754,0,0
1714481026.2988021,0,0
1714481026.3090231,0,0
1714481026.3192737,0,0
1714481026.3295004,0,0
1714481026.339729,0,0
1714481026.3502533,0,0
1714481026.360482,0,0
1714481026.3707228,0,0
1714481026.3809521,0,0
1714481026.391185,0,0
1714481026.4013977,0,0
1714481026.4115996,0,0
1714481026.4218302,0,0
1714481026.4320521,0,0
1714481026.442275,0,0
1714481026.452512,0,0
1714481026.462751,0,0
1714481026.4732728,0,0
1714481026.4834955,0,0
1714481026.4937387,0,0
1714481026.503969,0,0
1714481026.514205,0,0
1714481026.5244322,0,0
1714481026.5345728,0,0
1714481026.5448055,0,0
1714481026.5550559,0,0
1714481026.5652926,0,0
1714481026.5755093,0,0
1714481026.5857384,0,0
1714481026.5959702,0,0
1714481026.6061976,0,0
1714481026.6164122,0,0
1714481026.6266513,0,0
1714481026.6370556,0,0
1714481026.6472843,0,0
1714481026.6576314,0,0
1714481026.6678586,0,0
1714481026.678089,0,0
1714481026.6883075,0,0
1714481026.6985269,0,0
1714481026.708781,0,0
1714481026.7190218,0,0
1714481026.7295082,0,0
1714481026.7397282,0,0
1714481026.7499387,0,0
1714481026.760156,0,0
1714481026.7703772,0,0
1714481026.7806063,0,0
1714481026.790829,0,0
1714481026.8009622,0,0
1714481026.811189,0,0
1714481026.8214629,0,0
1714481026.8316941,0,0
1714481026.8419502,0,0
1714481026.852314,0,0
1714481026.8625324,0,0
1714481026.8729057,0,0
1714481026.8831673,0,0
1714481026.8933952,0,0
1714481026.9036257,0,0
1714481026.9138625,0,0
1714481026.9240878,0,0
1714481026.9343295,0,0
1714481026.944556,0,0
1714481026.9547808,0,0
1714481026.9650352,0,0
1714481026.9753957,0,0
1714481026.985624,0,0
1714481026.9959862,0,0
1714481027.0062199,0,0
1714481027.016454,0,0
1714481027.0266776,0,0
1714481027.037029,0,0
1714481027.0472596,0,0
1714481027.0574892,0,0
1714481027.06776,0,0
1714481027.0781245,0,0
1714481027.088362,0,0
1714481027.0985937,0,0
1714481027.1088517,0,0
1714481027.1190927,0,0
1714481027.1293228,0,0
1714481027.139949,0,0
1714481027.1501737,0,0
1714481027.1604044,0,0
1714481027.170657,0,0
1714481027.1808844,0,0
1714481027.191109,0,0
1714481027.201337,0,0
1714481027.2115695,0,0
1714481027.2218103,0,0
1714481027.2320273,0,0
1714481027.2422519,0,0
1714481027.2525105,0,0
1714481027.2627275,0,0
1714481027.273085,0,0
1714481027.2836845,0,0
1714481027.29391,0,0
1714481027.3041434,0,0
1714481027.3143718,0,0
1714481027.324518,0,0
1714481027.3347523,0,0
1714481027.3448822,0,0
1714481027.3551066,0,0
1714481027.3654895,0,0
1714481027.3757315,0,0
1714481027.3862343,0,0
1714481027.3965337,0,0
1714481027.4067569,0,0
1714481027.4169815,0,0
1714481027.4272563,0,0
1714481027.437472,0,0
1714481027.4476924,0,0
1714481027.4579449,0,0
1714481027.4681752,0,0
1714481027.4784164,0,0
1714481027.4886482,0,0
1714481027.4988887,0,0
1714481027.5091314,0,0
1714481027.5193763,0,0
1714481027.52961,0,0
1714481027.53984,0,0
1714481027.550074,0,0
1714481027.5602977,0,0
1714481027.5707257,0,0
1714481027.5813067,0,0
1714481027.5915494,0,0
1714481027.6017873,0,0
1714481027.6120107,0,0
1714481027.6222417,0,0
1714481027.6324742,0,0
1714481027.6428537,0,0
1714481027.6532168,0,0
1714481027.6634536,0,0
1714481027.6736968,0,0
1714481027.683934,0,0
1714481027.6941729,0,0
1714481027.7044222,0,0
1714481027.714645,0,0
1714481027.7248719,0,0
1714481027.7351003,0,0
1714481027.7453449,0,0
1714481027.7555687,0,0
1714481027.7658293,0,0
1714481027.7760665,0,0
1714481027.7862864,0,0
1714481027.7965088,0,0
1714481027.806748,0,0
1714481027.8170369,0,0
1714481027.8272676,0,0
1714481027.8375075,0,0
1714481027.847746,0,0
1714481027.8579738,0,0
1714481027.8681936,0,0
1714481027.878421,0,0
1714481027.8886566,0,[23.0171021]
1714481027.8997245,0,[23.0171021]
1714481027.9100857,0,[23.03185139]
1714481027.9204454,0,[23.03185139]
1714481027.9308088,0,[23.03715194]
1714481027.9415863,0,0
1714481027.9519835,0,0
1714481027.9622154,0,0
1714481027.972462,0,0
1714481027.9826815,0,0
1714481027.992952,0,0
1714481028.0033476,0,0
1714481028.0135748,0,0
1714481028.0238142,0,0
1714481028.034237,0,0
1714481028.0444567,0,0
1714481028.0546875,0,0
1714481028.0649526,0,0
1714481028.0751817,0,0
1714481028.0854073,0,0
1714481028.0956526,0,0
1714481028.105888,0,0
1714481028.1163607,0,0
1714481028.1265945,0,[23.10616414]
1714481028.137189,0,[23.10616414]
1714481028.147905,0,[23.13669491]
1714481028.1582766,0,[23.13669491]
1714481028.1687238,0,0
1714481028.178959,0,0
1714481028.18908,0,0
1714481028.1993022,0,0
1714481028.2095268,0,[23.41712749]
1714481028.219915,0,[23.41712749]
1714481028.2302737,0,[23.47559051]
1714481028.2406392,0,[23.42678536]
1714481028.2508845,0,[23.42678536]
1714481028.2612333,0,0
1714481028.271457,0,0
1714481028.2816978,0,0
1714481028.292053,0,0
1714481028.3022964,0,0
1714481028.3125186,0,0
1714481028.3227587,0,0
1714481028.3329868,0,0
1714481028.3431966,0,0
1714481028.3538804,0,0
1714481028.3641155,0,0
1714481028.3745582,0,0
1714481028.3851364,0,0
1714481028.3955534,0,0
1714481028.4058015,0,0
1714481028.416059,0,0
1714481028.4264958,0,[23.35498361]
1714481028.4369442,0,[23.35498361]
1714481028.4473143,0,[23.39349623]
1714481028.4582906,0,[23.39349623]
1714481028.4686675,0,[23.27668571]
1714481028.4792154,0,[23.27668571]
1714481028.48961,0,[23.12230295]
1714481028.4999964,0,[23.12230295]
1714481028.51037,0,0
1714481028.520756,0,0
1714481028.5311284,0,0
1714481028.5415275,0,0
1714481028.5517635,0,0
1714481028.5619967,0,0
1714481028.572361,0,0
1714481028.5827653,0,0
1714481028.5930326,0,0
1714481028.6032717,0,0
1714481028.6134236,0,0
1714481028.6236613,0,0
1714481028.634069,0,0
1714481028.6446126,0,0
1714481028.6548495,0,0
1714481028.6650898,0,[23.28212128]
1714481028.675618,0,[23.28212128]
1714481028.6859684,0,[23.30834822]
1714481028.6963234,0,[23.30834822]
1714481028.7066891,0,[23.29052565]
1714481028.7170515,0,[23.29052565]
1714481028.7275832,0,[23.22844358]
1714481028.7382157,0,[23.22844358]
1714481028.7486608,0,0
1714481028.758903,0,0
1714481028.769136,0,0
1714481028.7793694,0,0
1714481028.7896204,0,[23.15415547]
1714481028.7999883,0,[23.15415547]
1714481028.810484,0,[23.26859864]
1714481028.821135,0,[23.24030704]
1714481028.831496,0,[23.24030704]
1714481028.8418632,0,[23.09010078]
1714481028.8522398,0,[23.09010078]
1714481028.862887,0,[23.02883858]
1714481028.8732383,0,[23.02883858]
1714481028.8836029,0,[23.00748806]
1714481028.8939757,0,[23.00748806]
1714481028.904335,0,[23.00562227]
1714481028.9146993,0,[23.00562227]
1714481028.9250531,0,[23.03070754]
1714481028.935406,0,[23.03070754]
1714481028.9458008,0,[23.07857033]
1714481028.9562206,0,[23.07857033]
1714481028.9667056,0,[23.11600882]
1714481028.97735,0,[23.11600882]
1714481028.9879162,0,[23.14111947]
1714481028.9982932,0,[23.14111947]
1714481029.008661,0,[23.16833199]
1714481029.019237,0,[23.16833199]
1714481029.0298548,0,[23.12591875]
1714481029.0402534,0,[23.12591875]
1714481029.0505967,0,[23.10936473]
1714481029.061352,0,[23.14565052]
1714481029.071724,0,[23.14565052]
1714481029.0820892,0,[23.08411636]
1714481029.09245,0,[23.08411636]
1714481029.102817,0,0
1714481029.1130633,0,0
1714481029.1232815,0,0
1714481029.133514,0,0
1714481029.1437545,0,[23.0228917]
1714481029.1541185,0,[23.0228917]
1714481029.1645234,0,[23.05120561]
1714481029.1750476,0,[23.05120561]
1714481029.1857302,0,[23.02031601]
1714481029.1961703,0,[23.02031601]
1714481029.2066348,0,[23.04295854]
1714481029.2174625,0,[23.04295854]
1714481029.2278237,0,0
1714481029.238054,0,0
1714481029.2483056,0,0
1714481029.2585387,0,0
1714481029.268995,0,[22.92855607]
1714481029.2794263,0,[22.92855607]
1714481029.289901,0,[22.9013892]
1714481029.3002522,0,[22.85689269]
1714481029.3106263,0,[22.85689269]
1714481029.3210044,0,[22.81960375]
1714481029.3313625,0,[22.81960375]
1714481029.3417695,0,[22.82336048]
1714481029.3521829,0,[22.82336048]
1714481029.362692,0,[22.79649099]
1714481029.3730936,0,[22.79649099]
1714481029.3834114,0,[22.71472035]
1714481029.3937774,0,[22.71472035]
1714481029.4043467,0,[22.67408136]
1714481029.4147332,0,[22.67408136]
1714481029.425101,0,[22.66280526]
1714481029.4354906,0,[22.66280526]
1714481029.4462368,0,[22.64030206]
1714481029.4566846,0,[22.64030206]
1714481029.4670956,0,0
1714481029.4773214,0,0
1714481029.4875934,0,0
1714481029.4978104,0,0
1714481029.5080411,0,0
1714481029.518263,0,0
1714481029.52848,0,0
1714481029.5390277,0,0
1714481029.5492594,0,0
1714481029.5595026,0,0
1714481029.56974,0,0
1714481029.5799804,0,0
1714481029.59051,0,0
1714481029.600749,0,0
1714481029.610992,0,0
1714481029.6212285,0,0
1714481029.6314468,0,0
1714481029.6416903,0,0
1714481029.6519105,0,0
1714481029.6621296,0,0
1714481029.6723666,0,0
1714481029.6825926,0,0
1714481029.6928282,0,0
1714481029.7030497,0,0
1714481029.7132907,0,0
1714481029.7235253,0,0
1714481029.7337887,0,0
1714481029.7440207,0,[22.51856011]
1714481029.7547657,0,[22.51856011]
1714481029.7651367,0,[22.56013874]
1714481029.7755227,0,[22.56013874]
1714481029.7859004,0,[22.50494839]
1714481029.7962394,0,[22.50494839]
1714481029.807141,0,[22.42042079]
1714481029.8177526,0,[22.42042079]
1714481029.8282828,0,[22.4379839]
1714481029.8386514,0,[22.4379839]
1714481029.8490214,0,[22.43207998]
1714481029.8595262,0,[22.43207998]
1714481029.8702126,0,0
1714481029.880463,0,0
1714481029.8906941,0,0
1714481029.9009352,0,0
1714481029.9111705,0,0
1714481029.9214091,0,0
1714481029.9316344,0,0
1714481029.9418707,0,0
1714481029.9521117,0,0
1714481029.9623394,0,0
1714481029.972701,0,0
1714481029.9829204,0,0
1714481029.9931722,0,0
1714481030.0034053,0,0
1714481030.013633,0,0
1714481030.0238857,0,0
1714481030.0341659,0,0
1714481030.0444357,0,0
1714481030.0546746,0,0
1714481030.064902,0,0
1714481030.0751317,0,0
1714481030.0853672,0,0
1714481030.095613,0,0
1714481030.1058466,0,0
1714481030.1160898,0,0
1714481030.126319,0,[22.32085258]
1714481030.136707,0,[22.32085258]
1714481030.1470857,0,[22.40627963]
1714481030.1575308,0,[22.40627963]
1714481030.1680214,0,[22.5967223]
1714481030.1785684,0,[22.5967223]
1714481030.1889462,0,[22.8251191]
1714481030.1993043,0,[22.8251191]
1714481030.2097206,0,[23.05279082]
1714481030.2200987,[10.06784948],[23.32971608]
1714481030.2305253,[10.06784948],[23.32971608]
1714481030.2409058,[11.5850931],[23.57236634]
1714481030.251683,[11.5850931],[23.57236634]
1714481030.2621179,[13.80202871],[23.81957376]
1714481030.272541,[13.80202871],[23.81957376]
1714481030.2830086,[17.07020925],[24.15114007]
1714481030.2935581,[17.07020925],[24.15114007]
1714481030.3039804,[19.9445723],[24.310816]
1714481030.3147888,[19.9445723],[24.310816]
1714481030.325216,[25.22610815],[24.38413173]
1714481030.3356376,[25.22610815],[24.38413173]
1714481030.3461742,[28.80028639],[24.32467821]
1714481030.3568425,[28.80028639],[24.32467821]
1714481030.3674233,[34.31799276],[24.25107151]
1714481030.3780205,[34.31799276],[24.25107151]
1714481030.3887818,[41.49544343],[24.37587117]
1714481030.3991792,[41.49544343],[24.37587117]
1714481030.4095988,[42.29218217],[24.65359077]
1714481030.420046,[42.29218217],[24.97360397]
1714481030.4308035,[43.51251467],[24.97360397]
1714481030.441364,[44.74856874],[25.35637212]
1714481030.4518106,[44.74856874],[25.35637212]
1714481030.4624257,[45.3790412],[25.73924602]
1714481030.4728503,[45.3790412],[25.73924602]
1714481030.4832692,[45.56347565],[26.14539817]
1714481030.4936755,[45.56347565],[26.14539817]
1714481030.5044394,[46.44855899],[26.57307574]
1714481030.5148876,[46.44855899],[26.57307574]
1714481030.5255916,[47.11741999],[27.04986716]
1714481030.5360138,[47.11741999],[27.04986716]
1714481030.547149,[47.39323345],[27.56051766]
1714481030.5577128,[47.39323345],[27.56051766]
1714481030.5682647,[48.32677874],[27.98968569]
1714481030.5788982,[50.0830721],[28.31353415]
1714481030.5892606,[50.0830721],[28.31353415]
1714481030.600342,[51.98894694],[28.68625346]
1714481030.6107876,[51.98894694],[28.68625346]
1714481030.621379,[51.31738901],[29.11457961]
1714481030.6317818,[51.31738901],[29.11457961]
1714481030.6425939,[49.86865974],[29.56361778]
1714481030.6530554,[49.86865974],[29.56361778]
1714481030.6640608,[49.19859048],[30.09065987]
1714481030.6744916,[49.19859048],[30.09065987]
1714481030.6849334,[47.02640558],[30.46287251]
1714481030.6953423,[47.02640558],[30.46287251]
1714481030.7059307,[44.24522673],[30.84788611]
1714481030.7164235,[44.24522673],[30.84788611]
1714481030.7270715,[43.82244179],[31.3091162]
1714481030.7376442,[43.82244179],[31.3091162]
1714481030.748069,[44.5560445],[31.79157667]
1714481030.7584617,[44.5560445],[31.79157667]
1714481030.7689955,[45.13793378],[32.31371541]
1714481030.7796054,[45.13793378],[32.31371541]
1714481030.7900727,[44.64434186],[32.74614636]
1714481030.8005514,[42.43140915],[32.9131742]
1714481030.8110018,[42.43140915],[32.9131742]
1714481030.82142,[40.99480587],[33.04612653]
1714481030.8318586,[40.99480587],[33.04612653]
1714481030.8422894,[41.6508109],[33.2113255]
1714481030.8527074,[41.6508109],[33.2113255]
1714481030.8631392,[41.61022552],[33.1976999]
1714481030.8737257,[41.61022552],[33.1976999]
1714481030.8842657,[40.89971342],[33.20103785]
1714481030.8946831,[40.89971342],[33.20103785]
1714481030.9051182,[41.03548944],[33.16692823]
1714481030.9155533,[41.03548944],[33.16692823]
1714481030.925998,[43.47215353],[33.15163247]
1714481030.9364207,[43.47215353],[33.15163247]
1714481030.9468486,[41.86595145],[33.19784798]
1714481030.9575481,[41.86595145],[33.19784798]
1714481030.968137,[41.62125608],[33.18904374]
1714481030.978543,[41.62125608],[33.18904374]
1714481030.988997,[41.38676791],[33.16104958]
1714481030.999627,[43.40024442],[33.10550029]
1714481031.0100427,[43.40024442],[33.10550029]
1714481031.0204551,[47.05453088],[32.97045545]
1714481031.0309277,[47.05453088],[32.97045545]
1714481031.0415013,[48.71663002],[32.8038123]
1714481031.0519407,[48.71663002],[32.8038123]
1714481031.0623503,[49.56538318],[32.7117426]
1714481031.0729003,[49.56538318],[32.7117426]
1714481031.0836866,[50.20915839],[32.63708859]
1714481031.094138,[50.20915839],[32.63708859]
1714481031.1045868,[49.67175464],[32.54252552]
1714481031.1153407,[49.67175464],[32.54252552]
1714481031.125759,[47.68422746],[32.45002808]
1714481031.1363196,[47.68422746],[32.45002808]
1714481031.14688,[46.60527787],[32.23744158]
1714481031.1572866,[46.60527787],[32.23744158]
1714481031.167706,[48.07558393],[31.89948419]
1714481031.1781163,[48.07558393],[31.89948419]
1714481031.1885214,[50.39284803],[31.68952259]
1714481031.199493,[51.62523415],[31.55571608]
1714481031.2099376,[51.62523415],[31.55571608]
1714481031.2203784,[49.88394134],[31.32049891]
1714481031.230793,[49.88394134],[31.32049891]
1714481031.241588,[47.33824481],[31.01449905]
1714481031.2522242,[47.33824481],[31.01449905]
1714481031.2626152,[46.53317881],[30.69914516]
1714481031.2730653,[46.53317881],[30.69914516]
1714481031.2838469,[47.01409724],[30.45804089]
1714481031.2944715,[47.01409724],[30.45804089]
1714481031.3050678,[47.63088913],[30.3479825]
1714481031.3156352,[47.63088913],[30.3479825]
1714481031.3262713,[45.64667657],[30.20124541]
1714481031.3366857,[45.64667657],[30.20124541]
1714481031.3471987,[43.26530124],[30.05442603]
1714481031.3576124,[43.26530124],[30.05442603]
1714481031.368045,[43.00000051],[29.99051223]
1714481031.3784575,[43.00000051],[29.99051223]
1714481031.3893375,[43.57679047],[30.03179644]
1714481031.3997962,[42.95993701],[30.09858853]
1714481031.410201,[42.95993701],[30.09858853]
1714481031.42109,[42.07398992],[30.09477821]
1714481031.4315157,[42.07398992],[30.09477821]
1714481031.4419415,[40.08331774],[30.17610875]
1714481031.4523904,[40.08331774],[30.17610875]
1714481031.4629414,[40.01152259],[30.33818122]
1714481031.4734817,[40.01152259],[30.33818122]
1714481031.4838977,[40.22984228],[30.42441273]
1714481031.494419,[40.22984228],[30.42441273]
1714481031.5052445,[39.70919138],[30.42099772]
1714481031.5156462,[39.70919138],[30.42099772]
1714481031.5260718,[39.12925648],[30.36244632]
1714481031.5365198,[39.12925648],[30.36244632]
1714481031.5469291,[38.8429118],[30.42035839]
1714481031.5573213,[38.8429118],[30.42035839]
1714481031.5678544,[38.53871502],[30.5095302]
1714481031.578308,[38.53871502],[30.5095302]
1714481031.588726,[38.42560266],[30.55760167]
1714481031.5991576,[38.42560266],[30.78210514]
1714481031.6106606,[39.17940251],[30.78210514]
1714481031.621398,[40.60225782],[30.94740116]
1714481031.6318135,[40.60225782],[30.94740116]
1714481031.642669,[40.90297678],[31.02056554]
1714481031.653273,[40.90297678],[31.02056554]
1714481031.6637013,[40.95432211],[31.17743608]
1714481031.6743195,[40.95432211],[31.17743608]
1714481031.6849325,[41.67947836],[31.33412224]
1714481031.6953552,[41.67947836],[31.33412224]
1714481031.705774,[41.60932112],[31.51681924]
1714481031.7161655,[41.60932112],[31.51681924]
1714481031.7266636,[40.97766085],[31.79451933]
1714481031.7371666,[40.97766085],[31.79451933]
1714481031.7477717,[39.86626047],[31.98986626]
1714481031.7582607,[39.86626047],[31.98986626]
1714481031.7686794,[37.83554338],[32.19822226]
1714481031.77912,[37.83554338],[32.19822226]
1714481031.7896452,[37.73461289],[32.46665884]
1714481031.8002505,[37.1752794],[32.56087783]
1714481031.8107278,[37.1752794],[32.56087783]
1714481031.8213186,[36.93342718],[32.53798576]
1714481031.8318763,[36.93342718],[32.53798576]
1714481031.8424666,[37.66994654],[32.61221065]
1714481031.8528774,[37.66994654],[32.61221065]
1714481031.8632967,[37.84310159],[32.79899122]
1714481031.873718,[37.84310159],[32.79899122]
1714481031.88416,[38.0863951],[32.9336584]
1714481031.8945837,[38.0863951],[32.9336584]
1714481031.905069,[38.46254224],[32.99292461]
1714481031.9154832,[38.46254224],[32.99292461]
1714481031.9258611,[37.67794048],[33.06841574]
1714481031.9363148,[37.67794048],[33.06841574]
1714481031.9470398,[37.03073531],[33.09418014]
1714481031.9577239,[37.03073531],[33.09418014]
1714481031.968299,[37.22971042],[33.06721334]
1714481031.9787393,[37.22971042],[33.06721334]
1714481031.9893203,[37.25748996],[33.12037904]
1714481031.999739,[37.11824312],[33.37366944]
1714481032.010182,[37.11824312],[33.37366944]
1714481032.0207996,[36.54185916],[33.56160389]
1714481032.031317,[36.54185916],[33.56160389]
1714481032.0417619,[35.73965174],[33.49809099]
1714481032.0521872,[35.73965174],[33.49809099]
1714481032.062893,[34.71773873],[33.5330366]
1714481032.0732403,[34.71773873],[33.5330366]
1714481032.083661,[33.46884015],[33.74083124]
1714481032.0944228,[33.46884015],[33.74083124]
1714481032.1048656,[32.96586589],[33.84846502]
1714481032.1152825,[32.96586589],[33.84846502]
1714481032.126047,[32.78614965],[34.03068533]
1714481032.136524,[32.78614965],[34.03068533]
1714481032.1469567,[32.09768603],[34.27299092]
1714481032.1576474,[32.09768603],[34.27299092]
1714481032.1680684,[31.7089973],[34.23518147]
1714481032.1791716,[31.74947979],[34.18934217]
1714481032.1896708,[31.74947979],[34.18934217]
1714481032.2001393,[31.51665821],[34.19192096]
1714481032.2107687,[31.51665821],[34.19192096]
1714481032.2213345,[31.6689163],[34.11975492]
1714481032.232105,[31.6689163],[34.11975492]
1714481032.242717,[31.57542684],[34.16310177]
1714481032.2532887,[31.57542684],[34.16310177]
1714481032.2638764,[31.04245253],[34.25819486]
1714481032.2743924,[31.04245253],[34.25819486]
1714481032.2849944,[30.79135092],[34.42577858]
1714481032.295456,[30.79135092],[34.42577858]
1714481032.305951,[30.95615249],[34.54768905]
1714481032.316515,[30.95615249],[34.54768905]
1714481032.326969,[30.92898612],[34.5247871]
1714481032.3373919,[30.92898612],[34.5247871]
1714481032.347734,[31.0229058],[34.48107476]
1714481032.3581696,[31.0229058],[34.48107476]
1714481032.3685794,[31.35111646],[34.46911872]
1714481032.3790898,[31.35111646],[34.46911872]
1714481032.3895092,[30.86618673],[34.67531118]
1714481032.400071,[31.10967954],[35.00908848]
1714481032.4105475,[31.10967954],[35.00908848]
1714481032.4209855,[30.3795253],[35.33124814]
1714481032.4314628,[30.3795253],[35.33124814]
1714481032.4418707,[31.12479732],[35.6991198]
1714481032.452446,[31.12479732],[35.6991198]
1714481032.4629376,[31.29664602],[35.95160684]
1714481032.4735928,[31.29664602],[35.95160684]
1714481032.484018,[30.77092063],[36.26233766]
1714481032.494424,[30.77092063],[36.26233766]
1714481032.5048556,[30.59002491],[36.7239378]
1714481032.5153112,[30.59002491],[36.7239378]
1714481032.5260763,[30.72437368],[37.21793422]
1714481032.536478,[30.72437368],[37.21793422]
1714481032.5469038,[31.50083472],[37.79795113]
1714481032.5572057,[31.50083472],[37.79795113]
1714481032.567532,[32.01935508],[38.30976792]
1714481032.5780807,[32.01935508],[38.30976792]
1714481032.5886915,[32.76064471],[38.39256313]
1714481032.5992882,[33.37338842],[38.36635656]
1714481032.6097043,[33.37338842],[38.36635656]
1714481032.6205163,[34.04453431],[38.40335525]
1714481032.6309593,[34.04453431],[38.40335525]
1714481032.6416986,[34.99654625],[38.52961446]
1714481032.6522257,[34.99654625],[38.52961446]
1714481032.6627138,[36.04858894],[39.05654103]
1714481032.6734824,[36.04858894],[39.05654103]
1714481032.6839008,[36.89359997],[40.06664095]
1714481032.6948872,[36.89359997],[40.06664095]
1714481032.7053056,[37.84440742],[41.26466414]
1714481032.715703,[37.84440742],[41.26466414]
1714481032.72617,[39.16090569],[42.61289758]
1714481032.7365744,[39.16090569],[42.61289758]
1714481032.7469862,[40.82028095],[44.24500958]
1714481032.7573843,[40.82028095],[44.24500958]
1714481032.7678328,[42.62781335],[46.01611962]
1714481032.7787514,[42.62781335],[47.729358]
1714481032.7898183,[44.249172],[47.729358]
1714481032.8002477,[45.44861444],[49.57489108]
1714481032.8106568,[45.44861444],[49.57489108]
1714481032.8211746,[46.25337071],[51.0417288]
1714481032.8316681,[46.25337071],[51.0417288]
1714481032.842177,[46.86125547],[51.93340571]
1714481032.8525877,[46.86125547],[51.93340571]
1714481032.8631485,[47.39669027],[52.22258994]
1714481032.8737826,[47.39669027],[52.22258994]
1714481032.884226,[48.75340876],[52.08512444]
1714481032.894753,[48.75340876],[52.08512444]
1714481032.905057,[48.66127226],[51.74619375]
1714481032.9154506,[48.66127226],[51.74619375]
1714481032.9259818,[48.24892525],[50.96974276]
1714481032.936501,[48.24892525],[50.96974276]
1714481032.9469674,[48.58071055],[50.00051428]
1714481032.9573624,[48.58071055],[50.00051428]
1714481032.9677587,[50.33098682],[49.00741277]
1714481032.9781492,[50.33098682],[49.00741277]
1714481032.9885724,[59.52790852],[48.09577392]
1714481032.9990063,[74.25949447],[47.55605661]
1714481033.0093405,[74.25949447],[47.55605661]
1714481033.0197504,[76.53540809],[46.89001444]
1714481033.0301633,[76.53540809],[46.89001444]
1714481033.0406375,[74.79055199],[46.01134961]
1714481033.0510657,[74.79055199],[46.01134961]
1714481033.0614872,[73.68150265],[45.18659367]
1714481033.0719433,[73.68150265],[45.18659367]
1714481033.0823708,[72.84799012],[44.22780194]
1714481033.0927906,[72.84799012],[44.22780194]
1714481033.1037302,[72.80666538],[43.49238267]
1714481033.1141403,[72.80666538],[43.49238267]
1714481033.124568,[69.68704206],[42.74110073]
1714481033.1351023,[69.68704206],[42.74110073]
1714481033.145667,[66.93399926],[41.92867413]
1714481033.1563082,[66.93399926],[41.92867413]
1714481033.1667304,[64.83985858],[41.1655276]
1714481033.177157,[64.83985858],[41.1655276]
1714481033.1875749,[62.7441387],[40.35720225]
1714481033.19811,[62.7441387],[40.35720225]
1714481033.2085369,[61.16550954],[39.75862763]
1714481033.2189748,[58.9351228],[39.2542266]
1714481033.229444,[58.9351228],[39.2542266]
1714481033.2398787,[56.74111515],[38.81117987]
1714481033.2503033,[56.74111515],[38.81117987]
1714481033.2607706,[55.85822583],[38.35400304]
1714481033.2713716,[55.85822583],[38.35400304]
1714481033.2819943,[55.50182912],[37.86709232]
1714481033.2923985,[55.50182912],[37.86709232]
1714481033.302825,[54.53708783],[37.55829205]
1714481033.313129,[54.53708783],[37.55829205]
1714481033.3235219,[53.57702028],[37.29580717]
1714481033.3340514,[53.57702028],[37.29580717]
1714481033.3445072,[52.99882901],[37.07032027]
1714481033.3549256,[52.99882901],[37.07032027]
1714481033.3653235,[52.68677786],[36.84274708]
1714481033.3757215,[52.68677786],[36.84274708]
1714481033.3861248,[52.20363576],[36.61256179]
1714481033.3965726,[52.20363576],[36.61256179]
1714481033.4069977,[50.07766458],[36.39968679]
1714481033.4173758,[50.07766458],[36.39968679]
1714481033.427897,[46.70558486],[36.29350632]
1714481033.4384243,[46.70558486],[36.31003628]
1714481033.4494832,[43.39677788],[36.31003628]
1714481033.460424,[40.37256875],[36.28329338]
1714481033.471119,[40.37256875],[36.28329338]
1714481033.4815733,[38.3511731],[36.23768213]
1714481033.4924464,[38.3511731],[36.23768213]
1714481033.5028841,[37.04648522],[36.13916461]
1714481033.5132916,[37.04648522],[36.13916461]
1714481033.5236933,[35.80139401],[36.00201158]
1714481033.5341024,[35.80139401],[36.00201158]
1714481033.5444853,[34.97774632],[35.93921648]
1714481033.5550804,[34.97774632],[35.93921648]
1714481033.5658503,[34.30810023],[35.99816631]
1714481033.5763915,[34.30810023],[35.99816631]
1714481033.5869348,[32.90204808],[36.05513886]
1714481033.5973675,[32.90204808],[36.05513886]
1714481033.6079257,[32.19447092],[36.08164742]
1714481033.61854,[32.29268355],[36.21603452]
1714481033.6289842,[32.29268355],[36.21603452]
1714481033.6397548,[32.07518561],[36.35784376]
1714481033.650248,[32.07518561],[36.35784376]
1714481033.6606858,[30.5500166],[36.35529358]
1714481033.6711264,[30.5500166],[36.35529358]
1714481033.6815655,[29.6069597],[36.31493071]
1714481033.6925035,[29.6069597],[36.31493071]
1714481033.7029707,[29.17443759],[36.42393484]
1714481033.7133825,[29.17443759],[36.42393484]
1714481033.7239416,[28.51706186],[36.45927478]
1714481033.7347891,[28.51706186],[36.45927478]
1714481033.745243,[28.2883366],[36.51760695]
1714481033.7558606,[28.2883366],[36.51760695]
1714481033.7663856,[28.47506646],[36.67298937]
1714481033.7768888,[28.47506646],[36.67298937]
1714481033.787298,[28.53370331],[36.7817229]
1714481033.7977512,[28.53370331],[36.7817229]
1714481033.808177,[28.2175325],[37.00176219]
1714481033.8186917,[27.97335002],[37.09119759]
1714481033.8290122,[27.97335002],[37.09119759]
1714481033.8396873,[28.18907569],[37.04187055]
1714481033.8501155,[28.18907569],[37.04187055]
1714481033.8606963,[28.44531607],[37.08635137]
1714481033.8713331,[28.44531607],[37.08635137]
1714481033.8820426,[28.54116472],[37.17319948]
1714481033.892507,[28.54116472],[37.17319948]
1714481033.9029698,[28.40940034],[37.2219797]
1714481033.9133866,[28.40940034],[37.2219797]
1714481033.9237998,[28.09511622],[37.29072304]
1714481033.934214,[28.09511622],[37.29072304]
1714481033.9446628,[28.03607915],[37.48242653]
1714481033.955098,[28.03607915],[37.48242653]
1714481033.9655473,0,[37.79294082]
1714481033.9760783,0,[37.79294082]
1714481033.986618,0,[37.8964066]
1714481033.9970143,0,[37.8964066]
1714481034.0073097,0,[38.06073968]
1714481034.0177555,0,[38.06073968]
1714481034.0281038,0,[38.49072795]
1714481034.0384648,0,[38.82081782]
1714481034.0488303,0,[38.82081782]
1714481034.0591898,[27.48120527],[39.08921744]
1714481034.0699277,[27.48120527],[39.08921744]
1714481034.0803137,[27.34275454],[39.38248084]
1714481034.090745,[27.34275454],[39.38248084]
1714481034.1010628,[27.50291406],[39.80948858]
1714481034.1114974,[27.50291406],[39.80948858]
1714481034.1219504,[27.90106377],[40.24659273]
1714481034.1323638,[27.90106377],[40.24659273]
1714481034.1427748,[28.07156346],[40.49141641]
1714481034.1532028,[28.07156346],[40.49141641]
1714481034.1641033,[28.38506201],[40.46531187]
1714481034.1745632,[28.38506201],[40.46531187]
1714481034.185007,[28.62433522],[40.33152084]
1714481034.1957288,[28.62433522],[40.33152084]
1714481034.2064228,[28.43019702],[40.26415854]
1714481034.2174487,[28.43019702],[40.26415854]
1714481034.2280154,[28.29767784],[40.21176986]
1714481034.2386818,[28.08411537],[40.08222105]
1714481034.249305,[28.08411537],[40.08222105]
1714481034.2598486,[27.98974222],[39.84527983]
1714481034.2705576,[27.98974222],[39.84527983]
1714481034.2809937,[28.09870914],[39.6486378]
1714481034.291422,[28.09870914],[39.6486378]
1714481034.301851,[28.2571977],[39.51402461]
1714481034.3125572,[28.2571977],[39.51402461]
1714481034.3230052,[29.03020807],[39.45202843]
1714481034.3334582,[29.03020807],[39.45202843]
1714481034.343895,[29.39973126],[39.20941391]
1714481034.3543768,[29.39973126],[39.20941391]
1714481034.3648045,[29.39402389],[38.98763201]
1714481034.3752089,[29.39402389],[38.98763201]
1714481034.385686,[29.88505729],[39.00963522]
1714481034.3961031,[29.88505729],[39.00963522]
1714481034.4063964,[32.04309121],[38.77762015]
1714481034.416813,[32.04309121],[38.43848777]
1714481034.428117,[34.66082823],[38.43848777]
1714481034.43882,[36.5806086],[38.3288064]
1714481034.4492278,[36.5806086],[38.3288064]
1714481034.459633,[37.64836101],[38.29015621]
1714481034.4700546,[37.64836101],[38.29015621]
1714481034.480498,[38.52460569],[38.15365068]
1714481034.4910905,[38.52460569],[38.15365068]
1714481034.5014834,[39.65441943],[37.93292006]
1714481034.5118861,[39.65441943],[37.93292006]
1714481034.5223546,[39.66307996],[37.80002802]
1714481034.5329294,[39.66307996],[37.80002802]
1714481034.5434737,[38.12958446],[37.65479357]
1714481034.5541942,[38.12958446],[37.65479357]
1714481034.5646102,[38.60725975],[37.4871579]
1714481034.5750637,[38.60725975],[37.4871579]
1714481034.585508,[40.14362827],[37.19731744]
1714481034.5959222,[40.14362827],[37.19731744]
1714481034.606361,[41.38943166],[36.99809317]
1714481034.6167815,[41.38943166],[36.99809317]
1714481034.627328,[40.86352149],[37.0234456]
1714481034.6376889,[40.86352149],[37.0234456]
1714481034.6481042,[39.53217614],[37.03463493]
1714481034.6586502,[39.9325568],[37.06905092]
1714481034.6694243,[39.9325568],[37.06905092]
1714481034.6798403,[39.2483311],[36.99780926]
1714481034.6902523,[39.2483311],[36.99780926]
1714481034.7006524,[37.84529559],[36.846572]
1714481034.7110798,[37.84529559],[36.846572]
1714481034.7214704,[37.48949579],[36.70689572]
1714481034.7319133,[37.48949579],[36.70689572]
1714481034.7423224,[37.48949579],[36.70689572]
1714481034.7527227,[37.48949579],[36.70689572]
1714481034.7631648,[37.36352151],[36.62656848]
1714481034.7735815,[37.60544098],[36.60420198]
1714481034.784046,[37.57442851],[36.6028227]
1714481034.7944615,[37.57442851],[36.6028227]
1714481034.8048966,[37.46928237],[36.59806279]
1714481034.8154364,[37.46928237],[36.59806279]
1714481034.825827,[37.44666254],[36.53431328]
1714481034.8362873,[37.44666254],[36.53431328]
1714481034.8466837,[38.34763632],[36.54278658]
1714481034.8571112,[38.34763632],[36.54278658]
1714481034.8675323,[38.46827288],[36.5542709]
1714481034.8779612,[37.41557122],[36.53107265]
1714481034.888395,[37.41557122],[36.53107265]
1714481034.898803,[37.05653503],[36.55880617]
1714481034.9092243,[37.05653503],[36.55880617]
1714481034.9198673,[37.3928839],[36.4850681]
1714481034.930316,[37.3928839],[36.4850681]
1714481034.9407485,[36.10500358],[36.37933557]
1714481034.9512486,[36.10500358],[36.37933557]
1714481034.962032,[35.00352617],[36.33867813]
1714481034.972693,[35.00352617],[36.33867813]
1714481034.9832497,[33.79006424],[36.3283908]
1714481034.9940398,[33.79006424],[36.3283908]
1714481035.0047283,[32.46467745],[36.24485969]
1714481035.0152342,[32.46467745],[36.24485969]
1714481035.0256786,[30.86477798],[36.13705198]
1714481035.036089,[30.86477798],[36.13705198]
1714481035.046496,[29.26592712],[36.09378292]
1714481035.0569363,[29.26592712],[36.09378292]
1714481035.0674284,[28.81465748],[35.96621441]
1714481035.0781336,[28.43988666],[35.79211686]
1714481035.0885534,[28.43988666],[35.79211686]
1714481035.0989873,[27.91458432],[35.64854304]
1714481035.1093936,[27.91458432],[35.64854304]
1714481035.1199684,[27.34637959],[35.53108496]
1714481035.1304338,[27.34637959],[35.53108496]
1714481035.1408627,0,[35.40129756]
1714481035.151318,0,[35.40129756]
1714481035.1620948,0,[35.25779468]
1714481035.1727378,0,[35.25779468]
1714481035.1830974,0,[35.17959696]
1714481035.1934628,0,[35.17959696]
1714481035.2044582,0,[35.09130093]
1714481035.214816,0,[35.09130093]
1714481035.2252078,0,[34.97625794]
1714481035.236095,0,[34.97625794]
1714481035.246507,0,[34.88678248]
1714481035.2568645,0,[34.88678248]
1714481035.2672338,0,[34.78160454]
1714481035.2775755,0,[34.63715705]
1714481035.2880979,0,[34.63715705]
1714481035.2984514,0,[34.48498896]
1714481035.3089592,0,[34.48498896]
1714481035.319312,0,[34.38866148]
1714481035.3296628,0,[34.38866148]
1714481035.340021,0,[34.3413447]
1714481035.350523,0,[34.3413447]
1714481035.3612607,0,[34.25651877]
1714481035.3716457,0,[34.25651877]
1714481035.3820436,0,[34.22975712]
1714481035.3926172,0,[34.22975712]
1714481035.403023,0,[34.23186658]
1714481035.4135,0,[34.23186658]
1714481035.4242055,0,[34.18467352]
1714481035.434568,0,[34.18467352]
1714481035.4449382,0,[34.18538901]
1714481035.4553266,0,[34.18538901]
1714481035.4656985,0,[34.26096579]
1714481035.4760487,0,[34.26096579]
1714481035.4864063,0,[34.30328721]
1714481035.4968193,0,[34.30328721]
1714481035.507169,0,[34.3016171]
1714481035.5176635,0,[34.34652746]
1714481035.5280457,0,[34.34652746]
1714481035.5384467,0,[34.38621721]
1714481035.5492268,0,[34.38621721]
1714481035.5595772,0,[34.40148936]
1714481035.5701642,0,[34.40148936]
1714481035.5805693,0,[34.44609968]
1714481035.590945,0,[34.44609968]
1714481035.601321,0,[34.49921042]
1714481035.6116903,0,[34.49921042]
1714481035.6220536,0,[34.51947935]
1714481035.6324055,0,[34.51947935]
1714481035.6428099,0,[34.52469506]
1714481035.6531734,0,[34.52469506]
1714481035.6639228,0,[34.59676819]
1714481035.6747959,0,[34.59676819]
1714481035.685168,[25.64369416],[34.75978312]
1714481035.695975,[25.64369416],[34.75978312]
1714481035.7064025,[30.46789584],[34.96304934]
1714481035.7168286,[30.46789584],[34.96304934]
1714481035.7275045,[34.8268831],[35.22013051]
1714481035.7379627,[39.73721151],[35.48236293]
1714481035.7483761,[39.73721151],[35.48236293]
1714481035.7587886,[46.73035759],[35.90750191]
1714481035.7692144,[46.73035759],[35.90750191]
1714481035.779617,[54.49774681],[36.53091222]
1714481035.790065,[54.49774681],[36.53091222]
1714481035.8007967,[61.23900968],[37.2763268]
1714481035.8112059,[61.23900968],[37.2763268]
1714481035.8216112,[75.9794928],[38.96466365]
1714481035.8320248,[75.9794928],[38.96466365]
1714481035.8424785,[88.43826031],[42.36820606]
1714481035.8529463,[88.43826031],[42.36820606]
1714481035.8633883,[69.19543096],[45.17482309]
1714481035.8737996,[69.19543096],[45.17482309]
1714481035.8842306,[70.02631824],[46.43424213]
1714481035.8950727,[70.02631824],[46.43424213]
1714481035.905498,[67.7371234],[46.2307598]
1714481035.9159243,[67.7371234],[46.2307598]
1714481035.9263325,[64.93672941],[45.14101493]
1714481035.9367545,[64.93672941],[45.14101493]
1714481035.947171,[60.55634916],[43.3157273]
1714481035.9576006,[55.83700527],[41.11824629]
1714481035.9680028,[55.83700527],[41.11824629]
1714481035.9785173,[51.825636],[39.14481688]
1714481035.9889855,[51.825636],[39.14481688]
1714481035.999396,[47.1034937],[37.73414001]
1714481036.009821,[47.1034937],[37.73414001]
1714481036.020242,[42.56759022],[36.99936645]
1714481036.0309103,[42.56759022],[36.99936645]
1714481036.0413172,[40.90741074],[36.44114769]
1714481036.0518167,[40.90741074],[36.44114769]
1714481036.0622318,[42.68715997],[35.78868655]
1714481036.0727384,[42.68715997],[35.78868655]
1714481036.0835333,[42.69868024],[35.26972559]
1714481036.0940652,[42.69868024],[35.26972559]
1714481036.1044712,[43.43530363],[34.87091493]
1714481036.1150181,[43.43530363],[34.87091493]
1714481036.1255763,[44.00836058],[34.49183814]
1714481036.1360064,[44.00836058],[34.49183814]
1714481036.1464155,[41.95373167],[34.13535322]
1714481036.156848,[41.95373167],[34.13535322]
1714481036.1672843,[37.67112857],[33.70738807]
1714481036.177764,[35.93111421],[33.28237023]
1714481036.1884174,[35.93111421],[33.28237023]
1714481036.1988654,[37.18141723],[32.92340904]
1714481036.2094524,[37.18141723],[32.92340904]
1714481036.2199912,[36.49638209],[31.54297295]
1714481036.230451,[36.49638209],[31.54297295]
1714481036.2409725,[33.2579621],[29.82685216]
1714481036.2516694,[33.2579621],[29.82685216]
1714481036.26224,[30.04263123],[28.42071882]
1714481036.2729337,[30.04263123],[28.42071882]
1714481036.2834551,[26.78872892],[27.20982266]
1714481036.2938707,[26.78872892],[27.20982266]
1714481036.3044086,[23.45020091],[26.3856939]
1714481036.3149812,[23.45020091],[26.3856939]
1714481036.3253937,[21.14643944],[25.70645878]
1714481036.336064,[21.14643944],[25.11794711]
1714481036.3473265,0,[25.11794711]
1714481036.357687,0,[24.72451592]
1714481036.3680434,0,[24.72451592]
1714481036.3783967,0,[24.41067387]
1714481036.3887966,0,[24.41067387]
1714481036.3994758,0,[24.09821686]
1714481036.4098825,0,[24.09821686]
1714481036.4202228,0,[23.8512189]
1714481036.430584,0,[23.8512189]
1714481036.441121,0,[23.72268694]
1714481036.4515564,0,[23.72268694]
1714481036.4619691,0,[23.6650486]
1714481036.4724553,0,[23.6650486]
1714481036.4829297,0,[23.58674808]
1714481036.493472,0,[23.58674808]
1714481036.5043697,0,[23.56359148]
1714481036.5147545,0,[23.56359148]
1714481036.5252795,0,[23.52943075]
1714481036.5359595,0,[23.52943075]
1714481036.5463169,0,[23.4588534]
1714481036.5566874,0,[23.4588534]
1714481036.5670757,0,[23.43901763]
1714481036.5774355,0,[23.45312184]
1714481036.5878093,0,[23.45312184]
1714481036.5986469,0,[23.51423593]
1714481036.6090252,0,[23.51423593]
1714481036.6193864,0,[23.60121666]
1714481036.6297638,0,[23.60121666]
1714481036.6400685,0,[23.64771161]
1714481036.6503553,0,[23.64771161]
1714481036.6606796,0,[23.67138962]
1714481036.67107,0,[23.67138962]
1714481036.6813695,0,[23.7215413]
1714481036.6917377,0,[23.7215413]
1714481036.702114,0,[23.72711876]
1714481036.7125564,0,[23.72711876]
1714481036.7229629,0,[23.68668006]
1714481036.7333336,0,[23.68668006]
1714481036.743703,0,[23.75201454]
1714481036.7547762,0,[23.75201454]
1714481036.7650673,0,[23.90700333]
1714481036.7755349,0,[23.90700333]
1714481036.7859085,0,[24.08808581]
1714481036.7962804,0,[24.08808581]
1714481036.8068879,0,[24.34747723]
1714481036.8177874,[22.70942886],[24.60838097]
1714481036.828238,[22.70942886],[24.60838097]
1714481036.838932,[25.78825804],[24.91662474]
1714481036.8499415,[25.78825804],[24.91662474]
1714481036.860468,[29.40983632],[25.31104864]
1714481036.870999,[29.40983632],[25.31104864]
1714481036.8814867,[33.07063948],[25.76240695]
1714481036.891921,[33.07063948],[25.76240695]
1714481036.9023685,[36.16864256],[26.76558746]
1714481036.912884,[36.16864256],[26.76558746]
1714481036.9233088,[36.11573253],[28.40028384]
1714481036.9337187,[36.11573253],[28.40028384]
1714481036.9442043,[38.47394397],[30.44082023]
1714481036.9546862,[38.47394397],[30.44082023]
1714481036.9651237,[44.73410104],[32.94366036]
1714481036.9760842,[44.73410104],[33.81792541]
1714481036.9868212,[53.86042085],[33.81792541]
1714481036.9971123,[57.64618829],[34.16006038]
1714481037.0075784,[57.64618829],[34.16006038]
1714481037.0188196,[57.328324],[34.31136231]
1714481037.0292163,[57.328324],[34.31136231]
1714481037.040042,[54.66522009],[34.33935779]
1714481037.0506194,[54.66522009],[34.33935779]
1714481037.0610166,[51.47872717],[34.35191725]
1714481037.0714347,[51.47872717],[34.35191725]
1714481037.0818624,[48.06811625],[34.34476403]
1714481037.0922685,[48.06811625],[34.34476403]
1714481037.1026962,[44.942468],[34.25366653]
1714481037.1135895,[44.942468],[34.25366653]
1714481037.1240158,[41.95384962],[34.14329188]
1714481037.134432,[41.95384962],[34.14329188]
1714481037.1448543,[39.43133895],[34.05207985]
1714481037.1552572,[39.43133895],[34.05207985]
1714481037.1656744,[38.17045036],[33.92608999]
1714481037.1765945,[37.44821936],[33.79161424]
1714481037.186967,[37.44821936],[33.79161424]
1714481037.1972687,[37.13057645],[33.64559139]
1714481037.207686,[37.13057645],[33.64559139]
1714481037.2181234,[36.83822357],[32.94858743]
1714481037.2285821,[36.83822357],[32.94858743]
1714481037.2390304,[36.63632291],[32.29006382]
1714481037.249996,[36.63632291],[32.29006382]
1714481037.2604072,[36.46977898],[31.53165611]
1714481037.2708404,[36.46977898],[31.53165611]
1714481037.2812593,[36.26763781],[30.75317445]
1714481037.2916684,[36.26763781],[30.75317445]
1714481037.3020787,[36.20590912],[30.15210851]
1714481037.3125303,[36.20590912],[30.15210851]
1714481037.3230088,[36.25050914],[29.60710146]
1714481037.333445,[36.25050914],[29.60710146]
1714481037.343876,[36.41779042],[29.04909726]
1714481037.3543684,[36.41779042],[29.04909726]
1714481037.364822,[36.82746046],[28.49255452]
1714481037.3753343,[36.82746046],[28.49255452]
1714481037.3858106,[37.16371922],[28.0337777]
1714481037.3962321,[37.16371922],[28.0337777]
1714481037.4069233,[35.20856699],[27.64458852]
1714481037.4175537,[33.27598297],[27.35440902]
1714481037.428787,[33.27598297],[27.35440902]
1714481037.4392161,[30.73659122],[27.05742276]
1714481037.4496512,[30.73659122],[27.05742276]
1714481037.4600837,[28.51263255],[26.79289278]
1714481037.47051,[28.51263255],[26.79289278]
1714481037.4814892,[26.51943406],[26.59397832]
1714481037.4919672,[26.51943406],[26.59397832]
1714481037.5026214,[25.17099904],[26.51852492]
1714481037.5130517,[25.17099904],[26.51852492]
1714481037.523498,0,[26.49299071]
1714481037.5344093,0,[26.49299071]
1714481037.5452077,0,[26.34629475]
1714481037.555622,0,[26.34629475]
1714481037.5659957,0,[26.33249421]
1714481037.5769696,0,[26.33389627]
1714481037.5873487,0,[26.33389627]
1714481037.597711,0,[26.32366472]
1714481037.6082156,0,[26.32366472]
1714481037.6186807,0,[26.35517911]
1714481037.6291022,0,[26.35517911]
1714481037.6394634,0,[26.50328708]
1714481037.6498477,0,[26.50328708]
1714481037.6602225,0,[26.6601043]
1714481037.6705797,0,[26.6601043]
1714481037.6809483,0,[26.713891]
1714481037.6913173,0,[26.713891]
1714481037.7022657,0,[26.86336948]
1714481037.7126248,0,[26.86336948]
1714481037.7230299,0,[27.19539548]
1714481037.7334328,0,[27.19539548]
1714481037.743798,0,[27.49104869]
1714481037.7542102,0,[27.49104869]
1714481037.7646012,0,[27.50387339]
1714481037.775065,0,[27.50387339]
1714481037.7854207,[28.61187418],[27.72644333]
1714481037.7961876,[28.61187418],[27.72644333]
1714481037.8066466,[30.95968411],[28.27223299]
1714481037.817094,[36.36055226],[28.92302045]
1714481037.8275442,[36.36055226],[28.92302045]
1714481037.838882,[39.13515441],[30.24656289]
1714481037.8493907,[39.13515441],[30.24656289]
1714481037.860186,[38.91223993],[32.39407677]
1714481037.8705933,[38.91223993],[32.39407677]
1714481037.881009,[39.78456811],[34.24950926]
1714481037.8914154,[39.78456811],[34.24950926]
1714481037.9019604,[41.30154462],[35.72111233]
1714481037.9127357,[41.30154462],[35.72111233]
1714481037.923432,[44.72758264],[43.01366151]
1714481037.933857,[44.72758264],[43.01366151]
1714481037.9442961,[53.38381771],[58.00101017]
1714481037.9547722,[53.38381771],[58.00101017]
1714481037.9651916,[64.66768565],[75.08609319]
1714481037.9756296,[64.66768565],[75.08609319]
1714481037.9860706,[76.7053637],[90.51119146]
1714481037.9964845,[89.2892121],[100.06094208]
1714481038.0069,[89.2892121],[100.06094208]
1714481038.0173175,[100.14610963],[106.78215513]
1714481038.027801,[100.14610963],[106.78215513]
1714481038.0383012,[108.8751382],[110.81430876]
1714481038.048775,[108.8751382],[110.81430876]
1714481038.0591915,[112.45426846],[111.86672077]
1714481038.0696964,[112.45426846],[111.86672077]
1714481038.080142,[109.97297342],[111.13021389]
1714481038.0905523,[109.97297342],[111.13021389]
1714481038.1009595,[103.33166716],[109.39511806]
1714481038.1113884,[103.33166716],[109.39511806]
1714481038.121828,[95.74886148],[106.44384938]
1714481038.1322598,[95.74886148],[106.44384938]
1714481038.1427429,[86.08654536],[103.02308458]
1714481038.1531804,[86.08654536],[103.02308458]
1714481038.1636004,[75.46945851],[99.28366756]
1714481038.1740735,[75.46945851],[99.28366756]
1714481038.184496,[66.83964725],[95.45903484]
1714481038.1949978,[66.83964725],[95.45903484]
1714481038.2056737,[60.28095909],[91.06740876]
1714481038.21615,[54.58232969],[86.21412147]
1714481038.2265632,[54.58232969],[86.21412147]
1714481038.237011,[48.90340835],[80.14891267]
1714481038.2477865,[48.90340835],[80.14891267]
1714481038.2581804,[43.93633885],[74.05425528]
1714481038.2686121,[43.93633885],[74.05425528]
1714481038.2790637,[39.75203435],[67.93166653]
1714481038.2895803,[39.75203435],[67.93166653]
1714481038.3003652,[37.17488082],[61.69473437]
1714481038.310836,[37.17488082],[61.69473437]
1714481038.3212643,[35.5920719],[55.92959845]
1714481038.33169,[35.5920719],[55.92959845]
1714481038.342109,[34.22355295],[50.43776178]
1714481038.352542,[34.22355295],[50.43776178]
1714481038.3630395,[33.25915647],[44.85067824]
1714481038.3735454,[33.25915647],[44.85067824]
1714481038.38397,[33.58956167],[40.02400987]
1714481038.394403,[33.58956167],[40.02400987]
1714481038.404823,[35.1904767],[36.94804362]
1714481038.4153907,[35.1904767],[36.94804362]
1714481038.4257684,[36.2214883],[35.4786015]
1714481038.4361656,[35.33016906],[34.70084455]
1714481038.4465609,[35.33016906],[34.70084455]
1714481038.4571447,[29.71543385],[34.00332951]
1714481038.4675875,[29.71543385],[34.00332951]
1714481038.4780264,[25.54249678],[33.44359018]
1714481038.4884806,[25.54249678],[33.44359018]
1714481038.49895,[22.23428729],[31.77824003]
1714481038.509302,[22.23428729],[31.77824003]
1714481038.519974,0,[30.03736022]
1714481038.530341,0,[30.03736022]
1714481038.5412273,0,[28.47122489]
1714481038.551627,0,[28.47122489]
1714481038.562131,0,[27.11384348]
1714481038.5725276,0,[27.11384348]
1714481038.5828934,0,[26.43089588]
1714481038.593242,0,[26.43089588]
1714481038.6036077,0,[25.82955744]
1714481038.6146634,0,[25.82955744]
1714481038.6253772,0,[25.29742902]
1714481038.635756,0,[25.29742902]
1714481038.6468692,0,[24.89059518]
1714481038.6572747,0,[24.68366392]
1714481038.6676362,0,[24.68366392]
1714481038.6780093,0,[24.56802287]
1714481038.688398,0,[24.56802287]
1714481038.6988246,0,[24.52636355]
1714481038.7091966,0,[24.52636355]
1714481038.719476,0,[24.57573618]
1714481038.7298515,0,[24.57573618]
1714481038.7402153,0,[24.59686156]
1714481038.7506084,0,[24.59686156]
1714481038.7610967,0,[24.7300202]
1714481038.7714498,0,[24.7300202]
1714481038.7818265,0,[24.90851011]
1714481038.7922,0,[24.90851011]
1714481038.8028114,0,[24.97523725]
1714481038.813285,0,[24.97523725]
1714481038.8236687,0,[25.20908765]
1714481038.8340406,0,[25.20908765]
1714481038.8444018,0,[25.57376873]
1714481038.8548374,0,[25.57376873]
1714481038.8652258,0,[26.03169603]
1714481038.8755968,0,[26.03169603]
1714481038.886001,0,[26.91775273]
1714481038.8969421,0,[28.73123975]
1714481038.9076843,0,[28.73123975]
1714481038.9182873,[37.27150121],[32.42929253]
1714481038.929027,[37.27150121],[32.42929253]
1714481038.9396324,[45.25057975],[34.68829658]
1714481038.9503572,[45.25057975],[34.68829658]
1714481038.9607306,[42.19646277],[40.99907551]
1714481038.9711518,[42.19646277],[40.99907551]
