timeTick, stateX, stateY, stateZ, stateVX, stateVY, stateVZ, whisker1_1, whisker1_2, whisker1_3, whisker2_1, whisker2_2, whisker2_3, motor1, motor2, motor3, motor4, yaw, pitch, laserFront
38499, 0.034723035991191864, 0.021261634305119514, -1.4979809522628784, 0.17878934741020203, 0.10866722464561462, -7.682367324829102, 0, 0, 0, 0, 0, 0, 0, 0, 0, 0, 0, 0, 0
38519, 0.03839009627699852, 0.023492220789194107, -1.655564785003662, 0.1878570169210434, 0.11444247514009476, -8.076010704040527, 80881.4140625, 108729.015625, 77119.046875, 46627.86328125, 127813.328125, 127741.8828125, 0.0, 0.0, 0.0, 0.0, 5.24954084539786e-05, 0.003261989215388894, 26.0
38539, 0.04223794862627983, 0.025838375091552734, -1.8210229873657227, 0.1969735324382782, 0.12023293226957321, -8.469816207885742, 80881.4140625, 108729.015625, 77119.046875, 46629.234375, 127810.125, 127744.765625, 0.0, 0.0, 0.0, 0.0, -0.00015925774641800672, 0.0040862769819796085, 26.0
38559, 0.04627098888158798, 0.02830430492758751, -1.9943568706512451, 0.20629802346229553, 0.12639039754867554, -8.863582611083984, 80881.4140625, 108729.015625, 77119.046875, 46625.421875, 127807.2421875, 127741.8828125, 0.0, 0.0, 0.0, 0.0, -0.0003395145176909864, 0.0057986462488770485, 26.0
38579, 0.05048682540655136, 0.030891627073287964, -2.175564765930176, 0.2153223156929016, 0.13230794668197632, -9.257224082946777, 80881.4140625, 108729.015625, 77119.046875, 46626.28515625, 127801.15625, 127754.703125, 0.0, 0.0, 0.0, 0.0, -0.0005384000251069665, 0.007221536245197058, 26.0
38599, 0.054884038865566254, 0.03359780088067055, -2.364647388458252, 0.22434373199939728, 0.13826586306095123, -9.651062965393066, 80881.4140625, 108729.015625, 77119.046875, 46627.5078125, 127801.15625, 127750.859375, 0.0, 0.0, 0.0, 0.0, -0.002097777556627989, 0.008760456927120686, 26.0
38619, 0.0, 0.0, 0.0, 0.0, 0.0, 0.0, 80881.4140625, 108729.015625, 77119.046875, 46626.64453125, 127802.7578125, 127750.21875, 0.0, 0.0, 0.0, 0.0, -0.0016664568101987243, 0.009578481316566467, 25.0
38639, 8.266603981610388e-05, 5.122670336277224e-05, -0.003558060387149453, 0.00866746250540018, 0.005487470887601376, -0.37440788745880127, 80881.4140625, 108729.015625, 77119.046875, 46625.78125, 127796.0234375, 127739.640625, 0.0, 0.0, 0.0, 0.0, -0.0011735447915270925, -0.00019746659381780773, 25.0
38659, 0.00034658185904845595, 0.00021756792557425797, -0.014984451234340668, 0.017770428210496902, 0.011081934906542301, -0.7682288885116577, 80881.4140625, 108729.015625, 77119.046875, 46627.86328125, 127792.8203125, 127745.0859375, 0.0, 0.0, 0.0, 0.0, -0.001109873061068356, -0.0007420644396916032, 25.0
38679, 0.0007947860285639763, 0.0004930575960315764, -0.03428930416703224, 0.027012899518013, 0.016525309532880783, -1.162307620048523, 80881.4140625, 108729.015625, 77119.046875, 46627.5078125, 127794.421875, 127744.765625, 0.0, 0.0, 0.0, 0.0, -0.0018312707543373108, -0.0012139556929469109, 26.0
38699, 0.001427861163392663, 0.0008787347469478846, -0.06147298216819763, 0.036247652024030685, 0.022083228453993797, -1.5559879541397095, 80881.4140625, 108729.015625, 77119.046875, 46627.0, 127793.140625, 127747.0078125, 0.0, 0.0, 0.0, 0.0, -0.001032623928040266, -0.001469928422011435, 26.0
38719, 0.0022465260699391365, 0.0013757288688793778, -0.0965331643819809, 0.04558992758393288, 0.02751844748854637, -1.9501011371612549, 80881.4140625, 108729.015625, 77119.046875, 46622.83203125, 127791.5390625, 127740.28125, 0.0, 0.0, 0.0, 0.0, -0.0013821171596646309, -0.0006575377192348242, 27.0
38739, 0.003249008907005191, 0.0019798409193754196, -0.13947877287864685, 0.05461250990629196, 0.0329526886343956, -2.3443939685821533, 80881.4140625, 108729.015625, 77119.046875, 46627.15234375, 127788.9765625, 127745.7265625, 0.0, 0.0, 0.0, 0.0, -0.002568568103015423, -0.0005280319019220769, 27.0
38759, 0.004433772526681423, 0.002694083144888282, -0.1903049349784851, 0.0638614371418953, 0.03847908973693848, -2.7381904125213623, 80881.4140625, 108729.015625, 77119.046875, 46622.83203125, 127789.296875, 127741.8828125, 0.0, 0.0, 0.0, 0.0, -0.002479017712175846, -0.00013968664279673249, 27.0
38779, 0.005801049992442131, 0.0035191334318369627, -0.2490067332983017, 0.07283338904380798, 0.044040560722351074, -3.1320691108703613, 80881.4140625, 108729.015625, 77119.046875, 46626.64453125, 127784.8125, 127750.859375, 0.0, 0.0, 0.0, 0.0, -0.0022042617201805115, -0.0009585159714333713, 26.0
38799, 0.0073476517572999, 0.0044540176168084145, -0.3155878484249115, 0.08184157311916351, 0.04940691217780113, -3.5260612964630127, 80881.4140625, 108729.015625, 77119.046875, 46624.05078125, 127780.96875, 127750.21875, 0.0, 0.0, 0.0, 0.0, -0.0028011694084852934, -0.0005474959034472704, 26.0
38819, 0.00907520018517971, 0.005496392026543617, -0.39005231857299805, 0.09081997722387314, 0.05488453432917595, -3.9203524589538574, 80881.4140625, 108729.015625, 77119.046875, 46626.13671875, 127784.171875, 127745.7265625, 0.0, 0.0, 0.0, 0.0, -0.0018498211866244674, 0.00024626063532195985, 26.0
38839, 0.010980351828038692, 0.0066466545686125755, -0.4724003076553345, 0.09972039610147476, 0.06015218794345856, -4.3144354820251465, 80881.4140625, 108729.015625, 77119.046875, 46623.546875, 127778.7265625, 127739.640625, 0.0, 0.0, 0.0, 0.0, -4.1195500671165064e-05, -0.001695791957899928, 25.0
38859, 0.013065565377473831, 0.007905937731266022, -0.5626293420791626, 0.1088768020272255, 0.06584478169679642, -4.7084736824035645, 80881.4140625, 108729.015625, 77119.046875, 46627.0, 127780.328125, 127750.21875, 0.0, 0.0, 0.0, 0.0, -0.0003799823753070086, -0.0006731352768838406, 25.0
38879, 0.01533497404307127, 0.00928106065839529, -0.6607391238212585, 0.1180148646235466, 0.07158336043357849, -5.102518081665039, 80881.4140625, 108729.015625, 77119.046875, 46625.2734375, 127778.0859375, 127747.9765625, 0.0, 0.0, 0.0, 0.0, 7.714444654993713e-05, 0.0019387147622182965, 25.0
38899, 0.017787422984838486, 0.010768375359475613, -0.7667319774627686, 0.1271703988313675, 0.07705717533826828, -5.496738433837891, 80881.4140625, 108729.015625, 77119.046875, 46624.9140625, 127771.9921875, 127748.609375, 0.0, 0.0, 0.0, 0.0, 0.0005419806693680584, 0.0010909666307270527, 25.0
38919, 0.020421992987394333, 0.012364252470433712, -0.8806039690971375, 0.1363019198179245, 0.08254414796829224, -5.890518665313721, 80881.4140625, 108729.015625, 77119.046875, 46625.78125, 127770.390625, 127737.3984375, 0.0, 0.0, 0.0, 0.0, 0.0015284288674592972, 0.0019053106661885977, 25.0
38939, 0.02324066311120987, 0.01407255046069622, -1.0023539066314697, 0.14554351568222046, 0.08825261890888214, -6.284509658813477, 80881.4140625, 108729.015625, 77119.046875, 46626.64453125, 127768.1484375, 127739.640625, 0.0, 0.0, 0.0, 0.0, 0.0024867963511496782, -0.00013783707981929183, 25.0
38959, 0.026240603998303413, 0.015896206721663475, -1.1319878101348877, 0.1544404774904251, 0.09418937563896179, -6.6788411140441895, 80881.4140625, 108729.015625, 77119.046875, 46627.5078125, 127773.59375, 127744.765625, 0.0, 0.0, 0.0, 0.0, 0.003021033713594079, -0.00046319790999405086, 24.0
38979, 0.029418693855404854, 0.01783987693488598, -1.269505262374878, 0.16339649260044098, 0.10010430961847305, -7.072908878326416, 80881.4140625, 108729.015625, 77119.046875, 46624.41015625, 127755.3359375, 127744.125, 0.0, 0.0, 0.0, 0.0, 0.003987354226410389, -0.0023040317464619875, 24.0
38999, 0.03278009220957756, 0.01989753730595112, -1.4149032831192017, 0.17274866998195648, 0.10563177615404129, -7.4669036865234375, 80881.4140625, 108729.015625, 77119.046875, 46625.78125, 127765.265625, 127741.2421875, 0.0, 0.0, 0.0, 0.0, 0.005091359838843346, -0.0024016606621444225, 27.0
39019, 0.036326248198747635, 0.022064361721277237, -1.5681811571121216, 0.1817799061536789, 0.11111200600862503, -7.860945701599121, 80881.4140625, 108729.015625, 77119.046875, 46625.2734375, 127761.421875, 127746.3671875, 0.0, 0.0, 0.0, 0.0, 0.004299521911889315, -0.0027220742776989937, 27.0
39039, 0.040050212293863297, 0.024342434480786324, -1.7293426990509033, 0.1907728910446167, 0.11678116023540497, -8.255278587341309, 80881.4140625, 108729.015625, 77119.046875, 46624.9140625, 127756.296875, 127745.40625, 0.0, 0.0, 0.0, 0.0, 0.00443298602476716, -0.0024643091019243, 27.0
39059, 0.043959371745586395, 0.02673896960914135, -1.8983886241912842, 0.20009742677211761, 0.12283602356910706, -8.649147987365723, 80881.4140625, 108729.015625, 77119.046875, 46623.546875, 127756.9375, 127741.8828125, 0.0, 0.0, 0.0, 0.0, 0.006465604994446039, -0.004261985886842012, 27.0
39079, 0.04805463179945946, 0.02925560250878334, -2.0753071308135986, 0.20944473147392273, 0.12889203429222107, -9.04273509979248, 80881.4140625, 108729.015625, 77119.046875, 46624.55859375, 127764.625, 127743.484375, 0.0, 0.0, 0.0, 0.0, 0.008144736289978027, -0.0033620744943618774, 27.0
39099, 0.05233575031161308, 0.03189666569232941, -2.2600998878479004, 0.218637153506279, 0.1351235806941986, -9.436552047729492, 80881.4140625, 108729.015625, 77119.046875, 46625.421875, 127757.2578125, 127735.796875, 0.0, 0.0, 0.0, 0.0, 0.007459781598299742, -0.004023057408630848, 27.0
39119, 0.0567978136241436, 0.03465740755200386, -2.4527695178985596, 0.22760909795761108, 0.14097630977630615, -9.830434799194336, 80881.4140625, 108729.015625, 77119.046875, 46624.55859375, 127753.4140625, 127741.8828125, 0.0, 0.0, 0.0, 0.0, 0.007349278777837753, -0.004604448564350605, 26.0
39139, 1.8374277715338394e-05, 1.0958416169160046e-05, -0.0007977354689501226, 0.004081658087670803, 0.0024388874880969524, -0.1772741824388504, 80881.4140625, 108729.015625, 77119.046875, 46624.55859375, 127748.609375, 127744.125, 0.0, 0.0, 0.0, 0.0, 0.0, 0.0, 26.0
39159, 0.00019091991998720914, 0.00011447968427091837, -0.008281830698251724, 0.013254174031317234, 0.007907007820904255, -0.5711677074432373, 80881.4140625, 108729.015625, 77119.046875, 46625.62890625, 127747.328125, 127741.8828125, 0.0, 0.0, 0.0, 0.0, -0.00018999993335455656, -0.001360611873678863, 26.0
39179, 0.0005472043994814157, 0.000327303510857746, -0.02364591509103775, 0.022409381344914436, 0.013412262313067913, -0.9652455449104309, 80881.4140625, 108729.015625, 77119.046875, 46622.32421875, 127751.171875, 127745.0859375, 0.0, 0.0, 0.0, 0.0, -0.0004329273069743067, -0.0011921015102416277, 27.0
39199, 0.0010862057097256184, 0.0006524102645926178, -0.0468907430768013, 0.03146364539861679, 0.019144080579280853, -1.359293818473816, 80881.4140625, 108729.015625, 77119.046875, 46624.41015625, 127744.4453125, 127737.3984375, 0.0, 0.0, 0.0, 0.0, 0.0003923410549759865, -0.0003272276371717453, 27.0
39219, 0.001808905159123242, 0.001092377700842917, -0.07801606506109238, 0.040820132941007614, 0.024904977530241013, -1.7532000541687012, 80881.4140625, 108729.015625, 77119.046875, 46622.68359375, 127739.0, 127743.484375, 0.0, 0.0, 0.0, 0.0, 0.00046566975652240217, 0.00020149174088146538, 27.0
39239, 0.0027153471019119024, 0.0016473501455038786, -0.11701948195695877, 0.04985620453953743, 0.030550412833690643, -2.1470773220062256, 80881.4140625, 108729.015625, 77119.046875, 46623.1875, 127742.84375, 127741.2421875, 0.0, 0.0, 0.0, 0.0, -0.0008906193543225527, 0.005042404867708683, 26.0
39259, 0.0038018268533051014, 0.0023130460176616907, -0.16389785706996918, 0.05885913595557213, 0.03600073978304863, -2.540771007537842, 80881.4140625, 108729.015625, 77119.046875, 46623.1875, 127736.7578125, 127741.8828125, 0.0, 0.0, 0.0, 0.0, -0.0010206674924120307, 0.0033034072257578373, 26.0
39279, 0.005070419982075691, 0.00308947148732841, -0.21865054965019226, 0.06798174232244492, 0.041656214743852615, -2.9344866275787354, 80881.4140625, 108729.015625, 77119.046875, 46622.83203125, 127739.0, 127746.3671875, 0.0, 0.0, 0.0, 0.0, -0.0005213856929913163, 0.005089369136840105, 27.0
39299, 0.006523657590150833, 0.003977290354669094, -0.28127849102020264, 0.07733994722366333, 0.04714731499552727, -3.3283157348632812, 80881.4140625, 108729.015625, 77119.046875, 46623.90234375, 127731.625, 127737.3984375, 0.0, 0.0, 0.0, 0.0, -0.00010873314022319391, 0.0053980727680027485, 27.0
39319, 0.008163655176758766, 0.00497423904016614, -0.35178470611572266, 0.08669484406709671, 0.05254111438989639, -3.7223846912384033, 80881.4140625, 108729.015625, 77119.046875, 46620.2421875, 127740.6015625, 127747.0078125, 0.0, 0.0, 0.0, 0.0, -0.0005012850160710514, 0.0058024851605296135, 27.0
39339, 0.009988753125071526, 0.0060813892632722855, -0.4301726818084717, 0.09576215595006943, 0.05824333801865578, -4.11639404296875, 80881.4140625, 108729.015625, 77119.046875, 46624.05078125, 127733.2265625, 127747.0078125, 0.0, 0.0, 0.0, 0.0, -0.001507698092609644, 0.0058635831810534, 27.0
39359, 0.011995760723948479, 0.007303270045667887, -0.5164394378662109, 0.10504640638828278, 0.06387526541948318, -4.510331630706787, 80881.4140625, 108729.015625, 77119.046875, 46623.546875, 127730.0234375, 127747.9765625, 0.0, 0.0, 0.0, 0.0, -0.00040872159297578037, 0.006140418816357851, 27.0
39379, 0.014190800487995148, 0.008637137711048126, -0.6105880737304688, 0.11438506096601486, 0.06950896233320236, -4.904603958129883, 80881.4140625, 108729.015625, 77119.046875, 46621.61328125, 127733.2265625, 127749.25, 0.0, 0.0, 0.0, 0.0, -0.0011855406919494271, 0.006626213900744915, 27.0
39399, 0.016568224877119064, 0.01008194126188755, -0.7126215696334839, 0.12336691468954086, 0.07501677423715591, -5.298600673675537, 80881.4140625, 108729.015625, 77119.046875, 46622.32421875, 127732.5859375, 127750.21875, 0.0, 0.0, 0.0, 0.0, -0.002542845206335187, 0.007129093632102013, 27.0
39419, 0.019127411767840385, 0.011637953110039234, -0.8225283622741699, 0.1326458603143692, 0.08067600429058075, -5.692131996154785, 80881.4140625, 108729.015625, 77119.046875, 46623.1875, 127722.65625, 127744.765625, 0.0, 0.0, 0.0, 0.0, -0.00147577456664294, 0.006153270602226257, 27.0
39439, 0.02187269553542137, 0.013311310671269894, -0.9403114318847656, 0.14185109734535217, 0.08663523197174072, -6.08622932434082, 80881.4140625, 108729.015625, 77119.046875, 46623.1875, 127722.015625, 127748.609375, 0.0, 0.0, 0.0, 0.0, -0.0008386462577618659, 0.00889824703335762, 27.0
39459, 0.024801082909107208, 0.01510121114552021, -1.0659785270690918, 0.15102513134479523, 0.09234024584293365, -6.4804768562316895, 80881.4140625, 108729.015625, 77119.046875, 46622.32421875, 127720.4140625, 127749.578125, 0.0, 0.0, 0.0, 0.0, 0.0013480137567967176, 0.007845936343073845, 26.0
39479, 0.027914252132177353, 0.017005249857902527, -1.199527621269226, 0.16032502055168152, 0.09808490425348282, -6.874421119689941, 80881.4140625, 108729.015625, 77119.046875, 46620.95703125, 127724.2578125, 127755.34375, 0.0, 0.0, 0.0, 0.0, 0.0006230524159036577, 0.006928357761353254, 26.0
39499, 0.03121027536690235, 0.01902652718126774, -1.3409565687179565, 0.16921265423297882, 0.10404033958911896, -7.268486022949219, 80881.4140625, 108729.015625, 77119.046875, 46624.05078125, 127722.65625, 127750.21875, 0.0, 0.0, 0.0, 0.0, 0.0024440574925392866, 0.004904025699943304, 26.0
39519, 0.03468238189816475, 0.02116820216178894, -1.4902704954147339, 0.1780826449394226, 0.11005666851997375, -7.662843704223633, 80881.4140625, 108729.015625, 77119.046875, 46623.546875, 127718.171875, 127750.21875, 0.0, 0.0, 0.0, 0.0, 0.002363849664106965, 0.0038684727624058723, 26.0
39539, 0.0383332222700119, 0.023429024964571, -1.647465705871582, 0.18697617948055267, 0.1160057857632637, -8.056653022766113, 80881.4140625, 108729.015625, 77119.046875, 46622.68359375, 127715.9296875, 127750.859375, 0.0, 0.0, 0.0, 0.0, 0.0017381968209519982, 0.00294574280269444, 26.0
39559, 0.04216596484184265, 0.025807533413171768, -1.8125394582748413, 0.1962721049785614, 0.12182863801717758, -8.45068073272705, 80881.4140625, 108729.015625, 77119.046875, 46623.546875, 127715.2890625, 127751.1796875, 0.0, 0.0, 0.0, 0.0, 0.0018680908251553774, 0.004975516349077225, 26.0
39579, 0.04618276655673981, 0.028300901874899864, -1.9854944944381714, 0.20551440119743347, 0.127484992146492, -8.844832420349121, 80881.4140625, 108729.015625, 77119.046875, 46623.1875, 127717.53125, 127754.703125, 0.0, 0.0, 0.0, 0.0, 0.0011044364655390382, 0.004442058503627777, 26.0
39599, 0.05038800835609436, 0.03090878762304783, -2.1663286685943604, 0.21495921909809113, 0.13330142199993134, -9.238531112670898, 80881.4140625, 108729.015625, 77119.046875, 46621.4609375, 127704.71875, 127751.5, 0.0, 0.0, 0.0, 0.0, 0.0001309378130827099, 0.005455835722386837, 26.0
39619, 0.05477720499038696, 0.03363332897424698, -2.3550362586975098, 0.22400160133838654, 0.1390857845544815, -9.632281303405762, 80881.4140625, 108729.015625, 77119.046875, 46623.1875, 127713.6875, 127748.609375, 0.0, 0.0, 0.0, 0.0, 0.0014638813445344567, 0.006720509845763445, 26.0
39639, 0.0, 0.0, 0.0, 0.0, 0.0, 0.0, 80881.4140625, 108729.015625, 77119.046875, 46621.8203125, 127702.4765625, 127748.609375, 0.0, 0.0, 0.0, 0.0, 0.0019201590912416577, 0.007515619043260813, 26.0
39659, 8.606057963334024e-05, 5.086823148303665e-05, -0.003555953036993742, 0.008989262394607067, 0.005326390732079744, -0.37430331110954285, 80881.4140625, 108729.015625, 77119.046875, 46624.41015625, 127711.4453125, 127753.1015625, 0.0, 0.0, 0.0, 0.0, -0.0006192318978719413, 0.0018309358274564147, 26.0
39679, 0.00035969269811175764, 0.00021214982552919537, -0.01498187705874443, 0.018380707129836082, 0.010760416276752949, -0.7683426141738892, 80881.4140625, 108729.015625, 77119.046875, 46622.32421875, 127706.3203125, 127750.859375, 0.0, 0.0, 0.0, 0.0, 0.001211258815601468, 0.0027180940378457308, 25.0
39699, 0.0008182600140571594, 0.00048120610881596804, -0.034289609640836716, 0.0274679996073246, 0.01621219888329506, -1.1624054908752441, 80881.4140625, 108729.015625, 77119.046875, 46621.4609375, 127707.921875, 127752.4609375, 0.0, 0.0, 0.0, 0.0, 0.0011882862308993936, 0.0019183781696483493, 25.0
39719, 0.00145880994386971, 0.0008622859022580087, -0.0614778958261013, 0.036554332822561264, 0.021949805319309235, -1.5564281940460205, 80881.4140625, 108729.015625, 77119.046875, 46619.02734375, 127696.390625, 127756.9453125, 0.0, 0.0, 0.0, 0.0, 0.000670767854899168, -0.0008648374932818115, 25.0
39739, 0.0022791021037846804, 0.0013565350091084838, -0.09654521197080612, 0.045450758188962936, 0.02745111845433712, -1.9503448009490967, 80881.4140625, 108729.015625, 77119.046875, 46621.3125, 127697.9921875, 127752.4609375, 0.0, 0.0, 0.0, 0.0, 0.0014725313521921635, -0.002682203659787774, 25.0
39759, 0.003278156742453575, 0.00195903773419559, -0.13949312269687653, 0.05449829623103142, 0.032885629683732986, -2.3443853855133057, 80881.4140625, 108729.015625, 77119.046875, 46619.23046875, 127697.9921875, 127750.21875, 0.0, 0.0, 0.0, 0.0, 0.0030401733238250017, -0.0021609363611787558, 25.0
39779, 0.004460642579942942, 0.0026735833380371332, -0.19031721353530884, 0.06373611092567444, 0.03853677958250046, -2.7381718158721924, 80881.4140625, 108729.015625, 77119.046875, 46621.4609375, 127702.4765625, 127750.859375, 0.0, 0.0, 0.0, 0.0, 0.004433515481650829, -0.0011932390043511987, 25.0
39799, 0.005828604102134705, 0.0034979726187884808, -0.24902334809303284, 0.07300526648759842, 0.04387625679373741, -3.132462978363037, 80881.4140625, 108729.015625, 77119.046875, 46621.4609375, 127695.75, 127753.1015625, 0.0, 0.0, 0.0, 0.0, 0.004755647853016853, -0.0008855832275003195, 24.0
39819, 0.007379361428320408, 0.004431603010743856, -0.3156144618988037, 0.08203721791505814, 0.049509886652231216, -3.5266199111938477, 80881.4140625, 108729.015625, 77119.046875, 46621.4609375, 127701.1953125, 127748.609375, 0.0, 0.0, 0.0, 0.0, 0.004543588496744633, -0.001992507604882121, 24.0
39839, 0.009112992323935032, 0.005480273626744747, -0.3900846242904663, 0.09134228527545929, 0.055345840752124786, -3.9204299449920654, 80881.4140625, 108729.015625, 77119.046875, 46621.4609375, 127694.46875, 127749.578125, 0.0, 0.0, 0.0, 0.0, 0.0063130222260952, -0.0029182841535657644, 26.0
39859, 0.01103159599006176, 0.006647128611803055, -0.4724343419075012, 0.10049309581518173, 0.061334021389484406, -4.31454610824585, 80881.4140625, 108729.015625, 77119.046875, 46619.23046875, 127696.7109375, 127756.9453125, 0.0, 0.0, 0.0, 0.0, 0.00558916199952364, -0.001979860942810774, 26.0
39879, 0.013132233172655106, 0.007934484630823135, -0.5626660585403442, 0.10956574976444244, 0.06740781664848328, -4.7087836265563965, 80881.4140625, 108729.015625, 77119.046875, 46620.09375, 127692.8671875, 127747.0078125, 0.0, 0.0, 0.0, 0.0, 0.006242865696549416, -0.0009814491495490074, 26.0
39899, 0.015414978377521038, 0.009338662959635258, -0.660787045955658, 0.11868882924318314, 0.07306140661239624, -5.1032328605651855, 80881.4140625, 108729.015625, 77119.046875, 46619.3828125, 127689.0234375, 127750.859375, 0.0, 0.0, 0.0, 0.0, 0.005037667695432901, -0.0012977182632312179, 24.0
39919, 0.01787632890045643, 0.010858970694243908, -0.7667908072471619, 0.12747034430503845, 0.078961081802845, -5.497176170349121, 80881.4140625, 108729.015625, 77119.046875, 46620.6015625, 127687.421875, 127752.4609375, 0.0, 0.0, 0.0, 0.0, 0.005946599878370762, -0.0006849673227407038, 24.0
39939, 0.02051636017858982, 0.012495419941842556, -0.8806720972061157, 0.1365397572517395, 0.08468923717737198, -5.89103364944458, 80881.4140625, 108729.015625, 77119.046875, 46618.875, 127685.1796875, 127753.1015625, 0.0, 0.0, 0.0, 0.0, 0.007065863814204931, -0.0012052863603457808, 24.0
39959, 0.023338109254837036, 0.014247694984078407, -1.0024347305297852, 0.14552780985832214, 0.0905466303229332, -6.285123348236084, 80881.4140625, 108729.015625, 77119.046875, 46617.65625, 127692.8671875, 127749.25, 0.0, 0.0, 0.0, 0.0, 0.006438898853957653, -0.001530703972093761, 24.0
39979, 0.026335470378398895, 0.0161174014210701, -1.1320743560791016, 0.15420831739902496, 0.09652887284755707, -6.678890705108643, 80881.4140625, 108729.015625, 77119.046875, 46619.23046875, 127680.0546875, 127763.03125, 0.0, 0.0, 0.0, 0.0, 0.00822822842746973, 0.0005581887671723962, 24.0
39999, 0.02950957603752613, 0.018106620758771896, -1.2695915699005127, 0.16333582997322083, 0.10239700973033905, -7.072852611541748, 80881.4140625, 108729.015625, 77119.046875, 46618.01171875, 127683.8984375, 127758.2265625, 0.0, 0.0, 0.0, 0.0, 0.009747456759214401, 0.0009475766564719379, 24.0
40019, 0.032869596034288406, 0.020212840288877487, -1.4149928092956543, 0.17266498506069183, 0.10818041115999222, -7.467303276062012, 80881.4140625, 108729.015625, 77119.046875, 46618.875, 127687.7421875, 127759.1875, 0.0, 0.0, 0.0, 0.0, 0.010265708900988102, 0.0021901424042880535, 24.0
40039, 0.03641344979405403, 0.022433392703533173, -1.5682811737060547, 0.1817249059677124, 0.11383324861526489, -7.861483573913574, 80881.4140625, 108729.015625, 77119.046875, 46620.6015625, 127684.5390625, 127758.2265625, 0.0, 0.0, 0.0, 0.0, 0.009561852551996708, 0.004744431935250759, 24.0
40059, 0.04014314338564873, 0.02476692944765091, -1.7294492721557617, 0.19124667346477509, 0.11951939761638641, -8.255354881286621, 80881.4140625, 108729.015625, 77119.046875, 46619.3828125, 127667.8828125, 127757.5859375, 0.0, 0.0, 0.0, 0.0, 0.00836205668747425, 0.003908876329660416, 24.0
40079, 0.04412825405597687, 0.02709379233419895, -1.8982768058776855, 0.2091761827468872, 0.11093258857727051, -8.620936393737793, 80881.4140625, 108729.015625, 77119.046875, 46618.875, 127673.96875, 127750.859375, 0.0, 0.0, 0.0, 0.0, -0.004494495689868927, 0.014826477505266666, 26.0
40099, 0.048457007855176926, 0.029392823576927185, -2.0749104022979736, 0.22916193306446075, 0.11749086529016495, -9.02552318572998, 80881.4140625, 108729.015625, 77119.046875, 46616.28515625, 127688.0625, 127750.21875, 0.0, 0.0, 0.0, 0.0, -0.2227575182914734, 0.30874568223953247, 26.0
40119, 0.05308449640870094, 0.03176404908299446, -2.259831666946411, 0.23287630081176758, 0.1145220398902893, -9.453857421875, 80881.4140625, 108729.015625, 77119.046875, 46628.015625, 127685.8203125, 127744.125, 0.0, 0.0, 0.0, 0.0, -0.6690805554389954, 0.48229238390922546, 26.0
40139, 0.05800119414925575, 0.0338597297668457, -2.4527103900909424, 0.2580588161945343, 0.0928453654050827, -9.847718238830566, 80881.4140625, 108729.015625, 77119.046875, 46639.6015625, 127673.96875, 127722.3359375, 0.0, 0.0, 0.0, 0.0, -1.1764215230941772, 0.23912344872951508, 26.0
40159, 3.741130421985872e-05, 1.5728823200333863e-05, -0.0008302497444674373, 0.007877969183027744, 0.0024627598468214273, -0.18453536927700043, 80881.4140625, 108729.015625, 77119.046875, 46639.6015625, 127721.0546875, 127689.3359375, 0.0, 0.0, 0.0, 0.0, 0.0, 0.0, 26.0
40179, 0.00017798159387893975, 0.00024216061865445226, -0.008797045797109604, 0.0017435342306271195, 0.02165224775671959, -0.6151952147483826, 80881.4140625, 108729.015625, 77119.046875, 46656.02734375, 127716.5703125, 127655.0546875, 0.0, 0.0, 0.0, 0.0, -0.446548730134964, -0.3591863811016083, 26.0
40199, 0.00028315314557403326, 0.0009445533505640924, -0.025685299187898636, 0.014967001043260098, 0.046652041375637054, -1.0711607933044434, 80881.4140625, 108729.015625, 77119.046875, 46653.4296875, 127777.125, 127631.03125, 0.0, 0.0, 0.0, 0.0, -0.9097336530685425, -0.8532264232635498, 26.0
40219, 0.0010663779685273767, 0.002090014750137925, -0.05158011242747307, 0.0603916198015213, 0.06759925186634064, -1.515498399734497, 80881.4140625, 108729.015625, 77119.046875, 46649.109375, 127817.171875, 127605.7265625, 0.0, 0.0, 0.0, 0.0, -1.0967251062393188, -2.028585433959961, 26.0
40239, 0.0024646022357046604, 0.003464015666395426, -0.08638627082109451, 0.07219189405441284, 0.06557661294937134, -1.9700145721435547, 80881.4140625, 108729.015625, 77119.046875, 46621.3125, 127954.9765625, 127574.3359375, 0.0, 0.0, 0.0, 0.0, -1.1701855659484863, -4.140631675720215, 26.0
40259, 0.0039874231442809105, 0.004574955441057682, -0.1304333508014679, 0.07755871117115021, 0.049789320677518845, -2.432321071624756, 80881.4140625, 108729.015625, 77119.046875, 46564.234375, 127913.3125, 127684.8515625, 0.0, 0.0, 0.0, 0.0, -1.6122684478759766, -6.099067687988281, 26.0
40279, 0.005952900275588036, 0.005616430193185806, -0.1836451143026352, 0.12426754832267761, 0.05633072555065155, -2.8898630142211914, 80881.4140625, 108729.015625, 77119.046875, 46553.05859375, 127990.8828125, 127664.0234375, 0.0, 0.0, 0.0, 0.0, -2.309196949005127, -6.886839866638184, 26.0
40299, 0.00885753333568573, 0.006826460827142, -0.24606731534004211, 0.15970271825790405, 0.0634637176990509, -3.3568155765533447, 80881.4140625, 108729.015625, 77119.046875, 46539.109375, 128080.0078125, 127622.0625, 0.0, 0.0, 0.0, 0.0, -3.1125903129577637, -7.152347564697266, 26.0
40319, 0.012189050205051899, 0.008208215236663818, -0.31797802448272705, 0.17681799829006195, 0.07675298303365707, -3.8327200412750244, 80881.4140625, 108729.015625, 77119.046875, 46536.578125, 128103.09375, 127631.03125, 0.0, 0.0, 0.0, 0.0, -4.007343769073486, -7.130516052246094, 26.0
40339, 0.0160606000572443, 0.010070889256894588, -0.39922845363616943, 0.21156124770641327, 0.1089336946606636, -4.29147481918335, 80881.4140625, 108729.015625, 77119.046875, 46529.51171875, 128096.359375, 127646.0859375, 0.0, 0.0, 0.0, 0.0, -5.064974308013916, -7.036357402801514, 26.0
40359, 0.020540183410048485, 0.012471750378608704, -0.4896256923675537, 0.23522786796092987, 0.12908391654491425, -4.747611045837402, 80881.4140625, 108729.015625, 77119.046875, 46519.56640625, 128154.0859375, 127637.1171875, 0.0, 0.0, 0.0, 0.0, -6.383968353271484, -7.101727485656738, 26.0
40379, 0.0254460908472538, 0.015204863622784615, -0.5891029834747314, 0.25882774591445923, 0.14534159004688263, -5.199912071228027, 80881.4140625, 108729.015625, 77119.046875, 46512.703125, 128171.40625, 127634.875, 0.0, 0.0, 0.0, 0.0, -8.079627990722656, -6.832086563110352, 26.0
40399, 0.03088436834514141, 0.0182767566293478, -0.6976278424263, 0.2861431837081909, 0.16232538223266602, -5.652878284454346, 80881.4140625, 108729.015625, 77119.046875, 46502.76953125, 128215.3359375, 127632.6328125, 0.0, 0.0, 0.0, 0.0, -10.437616348266602, -6.1832427978515625, 26.0
40419, 0.03671741485595703, 0.02161600813269615, -0.8152315020561218, 0.29876139760017395, 0.17335647344589233, -6.108142852783203, 80881.4140625, 108729.015625, 77119.046875, 46501.91015625, 128239.3984375, 127615.6484375, 0.0, 0.0, 0.0, 0.0, -13.498851776123047, -5.15432596206665, 26.0
40439, 0.04275341331958771, 0.025157956406474113, -0.9419084787368774, 0.30927613377571106, 0.18402646481990814, -6.559360980987549, 80881.4140625, 108729.015625, 77119.046875, 46504.12890625, 128296.5078125, 127598.3515625, 0.0, 0.0, 0.0, 0.0, -16.98992347717285, -3.653866767883301, 26.0
40459, 0.04907916113734245, 0.028857143595814705, -1.0775573253631592, 0.3272188901901245, 0.18927226960659027, -7.0072736740112305, 80881.4140625, 108729.015625, 77119.046875, 46505.84375, 128352.6484375, 127550.953125, 0.0, 0.0, 0.0, 0.0, -20.459758758544922, -1.873172640800476, 26.0
40479, 0.05574050918221474, 0.03272026777267456, -1.2222082614898682, 0.34318798780441284, 0.20114144682884216, -7.459884166717529, 80881.4140625, 108729.015625, 77119.046875, 46520.77734375, 128344.3046875, 127527.25, 0.0, 0.0, 0.0, 0.0, -23.728742599487305, -0.11986950784921646, 26.0
40499, 0.06284017115831375, 0.03691430389881134, -1.3759175539016724, 0.3725626468658447, 0.22262392938137054, -7.912698268890381, 80881.4140625, 108729.015625, 77119.046875, 46518.203125, 128442.5, 127522.125, 0.0, 0.0, 0.0, 0.0, -26.761680603027344, 1.5310168266296387, 26.0
40519, 0.07064923644065857, 0.041653431951999664, -1.5386885404586792, 0.41070085763931274, 0.25367704033851624, -8.364876747131348, 80881.4140625, 108729.015625, 77119.046875, 46524.20703125, 128488.0703125, 127486.8984375, 0.0, 0.0, 0.0, 0.0, -29.851165771484375, 3.0855565071105957, 26.0
40539, 0.0790635347366333, 0.0469781756401062, -1.7104880809783936, 0.43056294322013855, 0.2792455852031708, -8.81730842590332, 80881.4140625, 108729.015625, 77119.046875, 46520.421875, 128492.5625, 127492.984375, 0.0, 0.0, 0.0, 0.0, -33.1231575012207, 4.566150665283203, 26.0
40559, 0.08763865381479263, 0.052697665989398956, -1.89133882522583, 0.42754772305488586, 0.2958856523036957, -9.27064323425293, 80881.4140625, 108729.015625, 77119.046875, 46507.0546875, 128487.09375, 127508.671875, 0.0, 0.0, 0.0, 0.0, -36.51978302001953, 6.064990997314453, 26.0
40579, 0.09605816751718521, 0.05878709629178047, -2.0812816619873047, 0.4193761944770813, 0.31816601753234863, -9.728867530822754, 80881.4140625, 108729.015625, 77119.046875, 46515.125, 128454.3671875, 127522.125, 0.0, 0.0, 0.0, 0.0, -39.99903869628906, 7.815298557281494, 26.0
40599, 0.10451063513755798, 0.06540676206350327, -2.2803969383239746, 0.4333624243736267, 0.3480648696422577, -10.187262535095215, 80881.4140625, 108729.015625, 77119.046875, 46509.12109375, 128418.421875, 127533.9765625, 0.0, 0.0, 0.0, 0.0, -43.44251251220703, 9.92454719543457, 26.0
40619, 0.1135089248418808, 0.07263857871294022, -2.4885623455047607, 0.4723345935344696, 0.3758116662502289, -10.632043838500977, 80881.4140625, 108729.015625, 77119.046875, 46508.76953125, 128404.9453125, 127534.9375, 0.0, 0.0, 0.0, 0.0, -46.682334899902344, 12.216205596923828, 26.0
40639, 0.12329761683940887, 0.08039923757314682, -2.7055201530456543, 0.506820023059845, 0.40217125415802, -11.069056510925293, 80881.4140625, 108729.015625, 77119.046875, 46519.56640625, 128381.8515625, 127530.453125, 0.0, 0.0, 0.0, 0.0, -49.876686096191406, 14.374235153198242, 26.0
40659, 0.13364151120185852, 0.0887344479560852, -2.9312517642974854, 0.5278444886207581, 0.4349859058856964, -11.51048469543457, 80881.4140625, 108729.015625, 77119.046875, 46514.265625, 128451.484375, 127514.7578125, 0.0, 0.0, 0.0, 0.0, -53.35704040527344, 16.197572708129883, 26.0
40679, 0.1443517506122589, 0.09776335209608078, -3.165837526321411, 0.5435169339179993, 0.4722210764884949, -11.956287384033203, 80881.4140625, 108729.015625, 77119.046875, 46521.12890625, 128516.640625, 127473.453125, 0.0, 0.0, 0.0, 0.0, -57.466129302978516, 17.681934356689453, 26.0
40699, 0.15533937513828278, 0.1075117364525795, -3.4093589782714844, 0.5556674599647522, 0.506078839302063, -12.404961585998535, 80881.4140625, 108729.015625, 77119.046875, 46513.76171875, 128541.359375, 127473.453125, 0.0, 0.0, 0.0, 0.0, -62.156166076660156, 18.980188369750977, 26.0
40719, 0.1665782332420349, 0.11788147687911987, -3.661818027496338, 0.5692459344863892, 0.5328783988952637, -12.849268913269043, 80881.4140625, 108729.015625, 77119.046875, 46523.703125, 128580.1953125, 127456.4765625, 0.0, 0.0, 0.0, 0.0, -66.76848602294922, 20.358047485351562, 26.0
40739, 0.17821656167507172, 0.12875907123088837, -3.9229655265808105, 0.5945169925689697, 0.55339515209198, -13.270563125610352, 80881.4140625, 108729.015625, 77119.046875, 46517.84765625, 128566.0703125, 127454.875, 0.0, 0.0, 0.0, 0.0, -70.9734878540039, 21.979793548583984, 26.0
40759, 0.1903960406780243, 0.13992087543010712, -4.19230842590332, 0.618073582649231, 0.5606090426445007, -13.670618057250977, 80881.4140625, 108729.015625, 77119.046875, 46511.33984375, 128580.53125, 127460.9609375, 0.0, 0.0, 0.0, 0.0, -74.9655532836914, 23.527488708496094, 26.0
40779, 0.20286497473716736, 0.15115293860435486, -4.4696478843688965, 0.6210028529167175, 0.5596333742141724, -14.071243286132812, 80881.4140625, 108729.015625, 77119.046875, 46510.484375, 128526.265625, 127484.015625, 0.0, 0.0, 0.0, 0.0, -78.7643814086914, 24.740224838256836, 26.0
40799, -0.00015320349484682083, -0.0003143883659504354, -0.0005908843013457954, -0.031350892037153244, -0.06726283580064774, -0.13332106173038483, 80881.4140625, 108729.015625, 77119.046875, 46501.40625, 128498.6640625, 127508.03125, 0.0, 0.0, 0.0, 0.0, 0.0, 0.0, 26.0
40819, -0.0015771340113133192, -0.003214980475604534, -0.006158310920000076, -0.10797479748725891, -0.2185661643743515, -0.42643412947654724, 80881.4140625, 108729.015625, 77119.046875, 46507.40625, 128486.15625, 127506.4296875, 0.0, 0.0, 0.0, 0.0, -1.2401008605957031, 3.094963312149048, 26.0
40839, -0.0045088822953403, -0.00902397371828556, -0.017628712579607964, -0.1813836544752121, -0.3583604097366333, -0.7246530055999756, 80881.4140625, 108729.015625, 77119.046875, 46512.19921875, 128474.921875, 127496.1796875, 0.0, 0.0, 0.0, 0.0, -2.300947904586792, 6.371833801269531, 26.0
40859, -0.008947474882006645, -0.017488759011030197, -0.03516683727502823, -0.25777468085289, -0.482932448387146, -1.0319130420684814, 80881.4140625, 108729.015625, 77119.046875, 46509.12109375, 128524.9921875, 127481.7734375, 0.0, 0.0, 0.0, 0.0, -3.0450570583343506, 9.710721969604492, 26.0
40879, -0.014710545539855957, -0.028267752379179, -0.058748066425323486, -0.3103105425834656, -0.591567873954773, -1.3257020711898804, 80881.4140625, 108729.015625, 77119.046875, 46523.1953125, 128548.09375, 127450.390625, 0.0, 0.0, 0.0, 0.0, -3.687379837036133, 13.12606430053711, 26.0
40899, -0.02132531628012657, -0.041215844452381134, -0.08799567818641663, -0.3485657572746277, -0.7035020589828491, -1.5994749069213867, 80881.4140625, 108729.015625, 77119.046875, 46523.1953125, 128577.3125, 127436.9453125, 0.0, 0.0, 0.0, 0.0, -4.43947172164917, 16.616151809692383, 26.0
40919, -0.028754550963640213, -0.05652150139212608, -0.12266215682029724, -0.3921487331390381, -0.8260945677757263, -1.8700213432312012, 80881.4140625, 108729.015625, 77119.046875, 46517.6953125, 128608.7734375, 127419.65625, 0.0, 0.0, 0.0, 0.0, -5.2543134689331055, 19.98946189880371, 26.0
40939, -0.037133269011974335, -0.07431909441947937, -0.16281141340732574, -0.44314417243003845, -0.9533500075340271, -2.1485702991485596, 80881.4140625, 108729.015625, 77119.046875, 46519.4140625, 128604.2734375, 127425.7421875, 0.0, 0.0, 0.0, 0.0, -5.948157787322998, 23.2738094329834, 26.0
40959, -0.046588700264692307, -0.09471049159765244, -0.2085883468389511, -0.49916210770606995, -1.0848987102508545, -2.4316766262054443, 80881.4140625, 108729.015625, 77119.046875, 46507.91015625, 128606.5234375, 127439.1875, 0.0, 0.0, 0.0, 0.0, -6.21879768371582, 26.553625106811523, 26.0
40979, -0.05706818029284477, -0.11765248328447342, -0.25998151302337646, -0.5429781079292297, -1.2079904079437256, -2.7078988552093506, 80881.4140625, 108729.015625, 77119.046875, 46506.55078125, 128575.6953125, 127459.359375, 0.0, 0.0, 0.0, 0.0, -6.197659015655518, 29.79863166809082, 26.0
40999, -0.06828689575195312, -0.14300180971622467, -0.3167647421360016, -0.5762283205986023, -1.3267192840576172, -2.972337245941162, 80881.4140625, 108729.015625, 77119.046875, 46499.69140625, 128546.484375, 127479.53125, 0.0, 0.0, 0.0, 0.0, -6.455973148345947, 33.27638244628906, 26.0
41019, -0.08020111173391342, -0.17072641849517822, -0.37886759638786316, -0.614589512348175, -1.4460139274597168, -3.242206573486328, 80881.4140625, 108729.015625, 77119.046875, 46500.55078125, 128563.828125, 127474.40625, 0.0, 0.0, 0.0, 0.0, -7.0970659255981445, 36.76167297363281, 26.0
41039, -0.09304281324148178, -0.20092587172985077, -0.44654715061187744, -0.6683604121208191, -1.5759695768356323, -3.529935836791992, 80881.4140625, 108729.015625, 77119.046875, 46507.7578125, 128536.859375, 127466.0859375, 0.0, 0.0, 0.0, 0.0, -7.912755012512207, 40.169612884521484, 26.0
41059, -0.03657691553235054, -1.5697650909423828, 0.9390949010848999, -1.0616196393966675, -1.7199627161026, -3.680642604827881, 80881.4140625, 108729.015625, 77119.046875, 46509.9765625, 128560.9453125, 127457.1171875, 0.0, 0.0, 0.0, 0.0, -8.687569618225098, 43.701744079589844, 26.0
41079, -0.055663131177425385, -1.5850595235824585, 0.9177548885345459, -1.6252317428588867, -1.875385046005249, -3.875122547149658, 80881.4140625, 108729.015625, 77119.046875, 46520.26953125, 128553.5625, 127446.5546875, 0.0, 0.0, 0.0, 0.0, -6.238225936889648, 21.05658721923828, 26.0
41099, -0.08423236757516861, -1.6066927909851074, 0.8829116225242615, -2.0223331451416016, -2.031942367553711, -4.0245161056518555, 80881.4140625, 108729.015625, 77119.046875, 46526.4296875, 128565.4375, 127427.3359375, 0.0, 0.0, 0.0, 0.0, -5.411974906921387, 5.2612457275390625, 24.0
41119, -0.12330982089042664, -1.618760585784912, 0.8531404733657837, -2.599858283996582, -1.896791934967041, -4.202052116394043, 80881.4140625, 108729.015625, 77119.046875, 46525.41796875, 128578.921875, 127412.2890625, 0.0, 0.0, 0.0, 0.0, -5.736658096313477, -4.064052581787109, 24.0
41139, -0.16831621527671814, -1.6222131252288818, 0.8194827437400818, -3.0365569591522217, -1.5731680393218994, -4.375039577484131, 80881.4140625, 108729.015625, 77119.046875, 46524.0546875, 128586.296875, 127412.2890625, 0.0, 0.0, 0.0, 0.0, -18.82756996154785, -0.7353553771972656, 32766.0
41160, -0.21032680571079254, -1.6464829444885254, 0.7862570881843567, -3.1810336112976074, -1.80323326587677, -4.322244167327881, 80881.4140625, 108729.015625, 77119.046875, 46509.12109375, 128629.0, 127417.4140625, 0.0, 0.0, 0.0, 0.0, -21.85085105895996, -1.0425447225570679, 32766.0
41179, -0.24894416332244873, -1.6733132600784302, 0.7720685005187988, -3.2540791034698486, -2.0173821449279785, -4.125831604003906, 80881.4140625, 108729.015625, 77119.046875, 46503.12109375, 128626.1171875, 127427.3359375, 0.0, 0.0, 0.0, 0.0, -20.58237075805664, -0.9042363166809082, 32766.0
41200, -0.2930486798286438, -1.7050374746322632, 0.7455779314041138, -3.275900363922119, -2.145409345626831, -3.988177537918091, 80881.4140625, 108729.015625, 77119.046875, 46496.96875, 128621.6171875, 127445.265625, 0.0, 0.0, 0.0, 0.0, -19.33860206604004, -0.4619973301887512, 75.0
41219, -0.3150712847709656, -1.725826621055603, 0.7592764496803284, -3.1605746746063232, -2.156270742416382, -3.6510097980499268, 80881.4140625, 108729.015625, 77119.046875, 46488.91015625, 128629.0, 127442.7109375, 0.0, 0.0, 0.0, 0.0, -18.841426849365234, -0.10965456813573837, 75.0
41239, -0.3447364866733551, -1.7484058141708374, 0.7538013458251953, -3.0815720558166504, -2.132134199142456, -3.4545254707336426, 80881.4140625, 108729.015625, 77119.046875, 46489.4140625, 128584.6875, 127458.71875, 0.0, 0.0, 0.0, 0.0, -17.32536506652832, 4.148399829864502, 78.0
41259, -0.36334294080734253, -1.7618987560272217, 0.7687850594520569, -2.9120984077453613, -2.017059803009033, -3.174420118331909, 80881.4140625, 108729.015625, 77119.046875, 46493.6953125, 128569.9296875, 127455.8359375, 0.0, 0.0, 0.0, 0.0, -17.427845001220703, 5.700139045715332, 78.0
41279, -0.3725805878639221, -1.7662570476531982, 0.7917406558990479, -2.734330654144287, -1.8433459997177124, -2.8980236053466797, 80881.4140625, 108729.015625, 77119.046875, 46505.1875, 128563.828125, 127449.109375, 0.0, 0.0, 0.0, 0.0, -15.85278606414795, 9.167882919311523, 78.0
41300, -0.3823358416557312, -1.768294334411621, 0.811872124671936, -2.552682876586914, -1.6432631015777588, -2.651078939437866, 80881.4140625, 108729.015625, 77119.046875, 46509.12109375, 128550.9765625, 127431.8203125, 0.0, 0.0, 0.0, 0.0, -14.31489372253418, 12.158228874206543, 85.0
41319, -0.36688029766082764, -1.754288673400879, 0.8502455949783325, -2.366727828979492, -1.4560682773590088, -2.4152028560638428, 80881.4140625, 108729.015625, 77119.046875, 46517.6953125, 128568.3203125, 127419.96875, 0.0, 0.0, 0.0, 0.0, -12.497485160827637, 14.820889472961426, 85.0
41340, -0.3744376301765442, -1.7539311647415161, 0.863828718662262, -2.256997585296631, -1.3114256858825684, -2.2438085079193115, 80881.4140625, 108729.015625, 77119.046875, 46519.4140625, 128601.390625, 127407.8125, 0.0, 0.0, 0.0, 0.0, -10.919902801513672, 16.661752700805664, 85.0
41359, -0.36955899000167847, -1.7442419528961182, 0.8946757316589355, -2.1022181510925293, -1.1314069032669067, -2.0208659172058105, 80881.4140625, 108729.015625, 77119.046875, 46511.84765625, 128624.5078125, 127409.40625, 0.0, 0.0, 0.0, 0.0, -9.768744468688965, 17.842594146728516, 90.0
41379, -0.3682423532009125, -1.7369427680969238, 0.9203431010246277, -1.9660812616348267, -0.9922817945480347, -1.824693202972412, 0.0, 0.0, 77119.046875, 46502.76953125, 128657.578125, 127408.765625, 0.0, 0.0, 0.0, 0.0, -8.385981559753418, 18.553075790405273, 90.0
41401, -0.37696659564971924, -1.737038016319275, 0.9296459555625916, -1.895297884941101, -0.9280787706375122, -1.7092231512069702, 81043.46875, 108919.8671875, 76771.9296875, 46495.76171875, 128662.078125, 127418.375, 0.0, 0.0, 0.0, 0.0, -7.206694602966309, 18.631118774414062, 90.0
41419, -0.3694550693035126, -1.729125738143921, 0.9588330388069153, -1.7621617317199707, -0.8498569130897522, -1.5248304605484009, 81046.921875, 108921.9921875, 76767.5859375, 46486.84375, 128675.5625, 127436.9453125, 0.0, 0.0, 0.0, 0.0, -7.029675006866455, 17.89426040649414, 94.0
41439, -0.37086278200149536, -1.7276146411895752, 0.9733518362045288, -1.7098411321640015, -0.7982857823371887, -1.4301754236221313, 81046.109375, 108925.59375, 76761.3203125, 46482.21484375, 128658.21875, 127445.265625, 0.0, 0.0, 0.0, 0.0, -5.071905612945557, 16.98702049255371, 94.0
41459, -0.3633846342563629, -1.7219189405441284, 0.9985747337341309, -1.6067966222763062, -0.7153291702270508, -1.3137539625167847, 81041.640625, 108921.3515625, 76756.015625, 46481.00390625, 128657.578125, 127449.75, 0.0, 0.0, 0.0, 0.0, -3.091764450073242, 15.30235481262207, 90.0
41479, -0.3577122986316681, -1.717615008354187, 1.0198602676391602, -1.4930058717727661, -0.6430942416191101, -1.2161500453948975, 81022.1328125, 108919.234375, 76762.28125, 46485.1328125, 128632.859375, 127449.75, 0.0, 0.0, 0.0, 0.0, -0.8725797533988953, 13.879217147827148, 90.0
41500, -0.34500905871391296, -1.7111213207244873, 1.041487455368042, -1.3825838565826416, -0.6025821566581726, -1.1244184970855713, 81009.5390625, 108921.3515625, 76769.1953125, 46497.47265625, 128586.9375, 127443.03125, 0.0, 0.0, 0.0, 0.0, 0.9433896541595459, 12.147222518920898, 90.0
41519, -0.3372294008731842, -1.7070982456207275, 1.0617448091506958, -1.2996727228164673, -0.5736127495765686, -1.028498888015747, 80990.4453125, 108906.5078125, 76777.234375, 46503.625, 128587.9140625, 127439.1875, 0.0, 0.0, 0.0, 0.0, 2.9132730960845947, 10.530120849609375, 88.0
41540, -0.33702072501182556, -1.7068262100219727, 1.072173833847046, -1.2851396799087524, -0.5458317995071411, -0.9804689288139343, 80986.3828125, 108902.265625, 76774.5, 46510.484375, 128581.171875, 127430.8671875, 0.0, 0.0, 0.0, 0.0, 4.743736267089844, 8.279546737670898, 88.0
41559, -0.3299337327480316, -1.7033060789108276, 1.090369462966919, -1.2258918285369873, -0.47262129187583923, -0.9205193519592285, 80974.8046875, 108898.0234375, 76779.0, 46516.48828125, 128584.0546875, 127411.6484375, 0.0, 0.0, 0.0, 0.0, 6.405564785003662, 6.167906761169434, 88.0
41579, -0.3263759911060333, -1.700304627418518, 1.1049484014511108, -1.1888186931610107, -0.39833730459213257, -0.8771368861198425, 80972.7734375, 108890.171875, 76769.1953125, 46514.76953125, 128609.40625, 127414.53125, 0.0, 0.0, 0.0, 0.0, 7.534364223480225, 4.737816333770752, 76.0
41600, -0.3288230001926422, -1.6993507146835327, 1.1121002435684204, -1.190788984298706, -0.3775410056114197, -0.8456782102584839, 80971.9609375, 108890.9140625, 76762.125, 46506.90234375, 128641.2109375, 127408.453125, 0.0, 0.0, 0.0, 0.0, 8.557340621948242, 3.0734703540802, 76.0
41619, -0.32333236932754517, -1.6952502727508545, 1.1282984018325806, -1.1938508749008179, -0.3393692076206207, -0.7611136436462402, 80978.2578125, 108893.0390625, 76754.25, 46501.7578125, 128654.359375, 127411.6484375, 0.0, 0.0, 0.0, 0.0, 9.123895645141602, 1.8396440744400024, 76.0
41639, -0.32721802592277527, -1.6940009593963623, 1.1358728408813477, -1.232082486152649, -0.29784855246543884, -0.7275053858757019, 80978.2578125, 108894.5234375, 76744.4453125, 46483.0703125, 128672.6796875, 127435.6640625, 0.0, 0.0, 0.0, 0.0, 11.802578926086426, 0.20177185535430908, 79.0
41659, -0.32523733377456665, -1.6897677183151245, 1.1506538391113281, -1.192362904548645, -0.2452327311038971, -0.6631247997283936, 80992.8828125, 108891.65625, 76740.90625, 46484.27734375, 128660.46875, 127440.7890625, 0.0, 0.0, 0.0, 0.0, 12.469687461853027, -0.04216679185628891, 79.0
41679, -0.3221237063407898, -1.684952974319458, 1.1655255556106567, -1.1385983228683472, -0.19771577417850494, -0.6049132943153381, 80990.2421875, 108888.15625, 76747.9765625, 46487.34765625, 128632.2265625, 127439.1875, 0.0, 0.0, 0.0, 0.0, 12.48438835144043, -0.16552439332008362, 32766.0
41701, -0.32600054144859314, -1.6823903322219849, 1.1726748943328857, -1.1132558584213257, -0.17189840972423553, -0.5821039080619812, 80969.9296875, 108895.8984375, 76753.28125, 46495.41015625, 128578.921875, 127449.75, 0.0, 0.0, 0.0, 0.0, 13.895878791809082, 2.335400104522705, 32766.0
41719, -0.32215020060539246, -1.6775869131088257, 1.1863982677459717, -1.049249291419983, -0.13779760897159576, -0.5249717235565186, 80955.5078125, 108886.0390625, 76763.890625, 46513.76171875, 128540.71875, 127439.828125, 0.0, 0.0, 0.0, 0.0, 14.467113494873047, 2.7719950675964355, 32766.0
41739, -0.32499051094055176, -1.6750051975250244, 1.1930224895477295, -1.017686128616333, -0.1198517382144928, -0.4984371066093445, 80941.703125, 108891.0234375, 76762.9296875, 46513.41015625, 128542.96875, 127438.546875, 0.0, 0.0, 0.0, 0.0, 17.453828811645508, 5.074854850769043, 109.0
41759, -0.3211815655231476, -1.6709315776824951, 1.2047096490859985, -0.9621447920799255, -0.08453362435102463, -0.45974498987197876, 80935.40625, 108880.3125, 76764.6953125, 46510.8359375, 128589.5234375, 127430.21875, 0.0, 0.0, 0.0, 0.0, 18.986530303955078, 5.505802154541016, 109.0
41779, -0.31754016876220703, -1.666878342628479, 1.2150155305862427, -0.9120612740516663, -0.02682334929704666, -0.427405446767807, 80945.15625, 108874.6875, 76755.0546875, 46508.6171875, 128649.2265625, 127400.4453125, 0.0, 0.0, 0.0, 0.0, 19.661672592163086, 5.633350372314453, 109.0
41800, -0.3209940493106842, -1.663497805595398, 1.2190886735916138, -0.9199284315109253, 0.029924584552645683, -0.41856980323791504, 80950.03125, 108863.453125, 76753.28125, 46493.34375, 128734.0078125, 127396.6015625, 0.0, 0.0, 0.0, 0.0, 19.61817169189453, 6.252504348754883, 116.0
41819, -0.3187943398952484, -1.6586335897445679, 1.2271950244903564, -0.9050589203834534, 0.07726506143808365, -0.3871540427207947, 80981.1015625, 108864.0859375, 76738.1796875, 46491.125, 128756.4921875, 127383.796875, 0.0, 0.0, 0.0, 0.0, 19.171554565429688, 6.341745853424072, 116.0
41839, -0.32138365507125854, -1.6545157432556152, 1.231002688407898, -0.9096322655677795, 0.10690641403198242, -0.370776504278183, 80986.3828125, 108855.6015625, 76728.53125, 46484.27734375, 128777.9921875, 127400.4453125, 0.0, 0.0, 0.0, 0.0, 18.39262580871582, 7.084880828857422, 116.0
41859, -0.31931984424591064, -1.6500681638717651, 1.237770676612854, -0.8802155256271362, 0.11498380452394485, -0.326099157333374, 80993.6953125, 108858.46875, 76727.5703125, 46483.62109375, 128758.1015625, 127406.5234375, 0.0, 0.0, 0.0, 0.0, 17.646530151367188, 7.767440319061279, 115.0
41879, -0.31753668189048767, -1.6465041637420654, 1.2439963817596436, -0.8724221587181091, 0.1151873767375946, -0.28267887234687805, 80980.0859375, 108872.5703125, 76728.53125, 46483.26953125, 128718.2734375, 127419.015625, 0.0, 0.0, 0.0, 0.0, 17.21660614013672, 8.39760684967041, 115.0
41900, -0.3212055563926697, -1.6436587572097778, 1.2469942569732666, -0.9017398953437805, 0.13158054649829865, -0.26195159554481506, 80953.2734375, 108871.9296875, 76736.40625, 46493.19140625, 128628.3671875, 127439.1875, 0.0, 0.0, 0.0, 0.0, 16.928537368774414, 8.2730073928833, 108.0
41919, -0.32105207443237305, -1.6408307552337646, 1.2522655725479126, -0.9027949571609497, 0.15740011632442474, -0.23677675426006317, 80945.5625, 108873.3125, 76746.2109375, 46498.68359375, 128590.15625, 127436.9453125, 0.0, 0.0, 0.0, 0.0, 16.67598533630371, 7.742077827453613, 108.0
41939, -0.32521939277648926, -1.6379790306091309, 1.254953384399414, -0.904859185218811, 0.18208950757980347, -0.22230538725852966, 80927.8984375, 108877.5546875, 76755.859375, 46499.1875, 128579.5546875, 127434.0625, 0.0, 0.0, 0.0, 0.0, 15.892484664916992, 7.28634786605835, 108.0
41959, -0.3248455822467804, -1.6355313062667847, 1.2595722675323486, -0.8678957223892212, 0.19241094589233398, -0.19581381976604462, 80921.6015625, 108874.0546875, 76759.390625, 46506.90234375, 128577.9453125, 127427.984375, 0.0, 0.0, 0.0, 0.0, 15.226837158203125, 6.9216413497924805, 118.0
41979, -0.3237680196762085, -1.6335201263427734, 1.2638893127441406, -0.8577920198440552, 0.21323330700397491, -0.17763864994049072, 80918.7578125, 108864.828125, 76759.5546875, 46503.9765625, 128621.6171875, 127411.6484375, 0.0, 0.0, 0.0, 0.0, 14.090790748596191, 6.9121599197387695, 118.0
42000, -0.3282986879348755, -1.630719542503357, 1.2656478881835938, -0.8911372423171997, 0.24384240806102753, -0.17944055795669556, 80915.109375, 108852.84375, 76748.78125, 46501.0546875, 128672.046875, 127405.5703125, 0.0, 0.0, 0.0, 0.0, 12.812997817993164, 6.732757091522217, 118.0
42019, -0.3299499452114105, -1.628095030784607, 1.268542766571045, -0.8892204761505127, 0.26338687539100647, -0.17020384967327118, 80925.0546875, 108849.984375, 76746.2109375, 46495.5625, 128713.78125, 127389.8828125, 0.0, 0.0, 0.0, 0.0, 11.847127914428711, 6.761489391326904, 117.0
42039, -0.3387669324874878, -1.6243858337402344, 1.2684828042984009, -0.9147492051124573, 0.27680057287216187, -0.1665271818637848, 80945.359375, 108842.2421875, 76736.40625, 46486.84375, 128752.6328125, 127385.3984375, 0.0, 0.0, 0.0, 0.0, 10.813742637634277, 6.660303115844727, 117.0
42059, -0.35772770643234253, -1.618660807609558, 1.2651054859161377, -0.9847320318222046, 0.2947688400745392, -0.16864581406116486, 80948.0, 108845.109375, 76725.8046875, 46481.70703125, 128741.390625, 127398.203125, 0.0, 0.0, 0.0, 0.0, 9.968847274780273, 6.864192008972168, 117.0
42080, -0.3457288146018982, -1.6205402612686157, 1.2702877521514893, -0.9155070185661316, 0.2789752781391144, -0.14518070220947266, 80949.015625, 108845.109375, 76728.53125, 46480.5, 128720.5234375, 127412.2890625, 0.0, 0.0, 0.0, 0.0, 9.103599548339844, 7.174379825592041, 112.0
42099, -0.33975863456726074, -1.6202648878097534, 1.2756495475769043, -0.8614053726196289, 0.281394898891449, -0.12847299873828888, 80951.6484375, 108850.7265625, 76727.5703125, 46481.70703125, 128671.0703125, 127427.3359375, 0.0, 0.0, 0.0, 0.0, 7.325658321380615, 6.264848232269287, 112.0
42119, -0.33679237961769104, -1.61957848072052, 1.2791085243225098, -0.843072772026062, 0.29139411449432373, -0.12400070577859879, 80935.203125, 108854.2265625, 76729.3359375, 46490.26953125, 128629.9765625, 127429.578125, 0.0, 0.0, 0.0, 0.0, 6.132171630859375, 6.031092166900635, 113.0
42141, -0.3395930230617523, -1.6172852516174316, 1.280657172203064, -0.8436126708984375, 0.30640316009521484, -0.12811385095119476, 80917.9453125, 108852.84375, 76743.484375, 46495.41015625, 128613.609375, 127422.859375, 0.0, 0.0, 0.0, 0.0, 4.888111591339111, 5.595354080200195, 113.0
42159, -0.3399850130081177, -1.6153322458267212, 1.2828235626220703, -0.8143284320831299, 0.3139635920524597, -0.12741532921791077, 80903.9375, 108854.96875, 76753.28125, 46503.47265625, 128594.6484375, 127427.3359375, 0.0, 0.0, 0.0, 0.0, 3.9093234539031982, 5.471566200256348, 113.0
42179, -0.3397294580936432, -1.6136317253112793, 1.2847445011138916, -0.7914581298828125, 0.31059810519218445, -0.12731201946735382, 80896.8359375, 108858.359375, 76760.359375, 46504.8359375, 128626.1171875, 127404.28125, 0.0, 0.0, 0.0, 0.0, 2.9059956073760986, 5.148179054260254, 112.0
42201, -0.3421822786331177, -1.612608790397644, 1.2866945266723633, -0.7680262327194214, 0.3061043322086334, -0.12523698806762695, 80895.0078125, 108845.7421875, 76748.9453125, 46499.1875, 128635.109375, 127404.28125, 0.0, 0.0, 0.0, 0.0, 2.111055374145508, 4.7101287841796875, 112.0
42219, -0.3409523367881775, -1.6102160215377808, 1.2873767614364624, -0.7655152082443237, 0.3118634521961212, -0.12534336745738983, 80898.6640625, 108840.125, 76735.6015625, 46495.76171875, 128696.4296875, 127395.3203125, 0.0, 0.0, 0.0, 0.0, 1.650892734527588, 4.379867076873779, 112.0
42239, -0.35257768630981445, -1.6049937009811401, 1.2857671976089478, -0.8012225031852722, 0.3342108130455017, -0.1377287358045578, 80922.4140625, 108835.140625, 76737.375, 46482.41015625, 128743.0, 127391.4765625, 0.0, 0.0, 0.0, 0.0, 1.1714191436767578, 3.907510995864868, 109.0
42259, -0.3623610734939575, -1.6002460718154907, 1.2844045162200928, -0.8241291642189026, 0.3549250662326813, -0.15209375321865082, 80933.375, 108839.3828125, 76718.734375, 46482.05859375, 128770.6171875, 127389.8828125, 0.0, 0.0, 0.0, 0.0, 0.9181514382362366, 4.1367621421813965, 109.0
42280, -0.3446170389652252, -1.6037498712539673, 1.289475440979004, -0.7313559651374817, 0.33521023392677307, -0.14352081716060638, 80933.171875, 108837.2578125, 76717.7734375, 46474.0078125, 128747.5, 127402.0390625, 0.0, 0.0, 0.0, 0.0, 0.4057376980781555, 3.378321409225464, 109.0
42299, -0.3463761806488037, -1.600968599319458, 1.28966224193573, -0.7233932614326477, 0.3401789963245392, -0.1446792483329773, 80948.0, 108837.2578125, 76719.5390625, 46474.51171875, 128722.765625, 127418.375, 0.0, 0.0, 0.0, 0.0, -0.08801949769258499, 3.200582981109619, 111.0
42320, -0.3482455313205719, -1.5981359481811523, 1.289836049079895, -0.721585214138031, 0.33521056175231934, -0.1379210203886032, 80925.2578125, 108840.125, 76725.9609375, 46482.21484375, 128689.046875, 127411.0078125, 0.0, 0.0, 0.0, 0.0, -0.23702563345432281, 2.931154489517212, 111.0
42340, -0.34590888023376465, -1.5968326330184937, 1.2911463975906372, -0.7019716501235962, 0.31804990768432617, -0.1247313842177391, 80915.3125, 108847.859375, 76731.109375, 46485.63671875, 128644.09375, 127425.09375, 0.0, 0.0, 0.0, 0.0, -0.4731960594654083, 2.5382533073425293, 117.0
42359, -0.34388232231140137, -1.595597743988037, 1.29257333278656, -0.6803811192512512, 0.303743451833725, -0.11348392814397812, 80897.6484375, 108842.2421875, 76741.7109375, 46498.33203125, 128613.90625, 127418.375, 0.0, 0.0, 0.0, 0.0, -0.6967161893844604, 2.193943977355957, 117.0
42379, -0.3462955951690674, -1.593030571937561, 1.293009877204895, -0.680053174495697, 0.30222204327583313, -0.11008372902870178, 80880.1953125, 108842.2421875, 76753.28125, 46501.40625, 128626.1171875, 127395.9609375, 0.0, 0.0, 0.0, 0.0, -0.8402577638626099, 1.904213547706604, 117.0
42399, -0.34523430466651917, -1.5914404392242432, 1.2942997217178345, -0.6633365154266357, 0.2993139624595642, -0.1070081889629364, 80889.53125, 108841.5, 76750.7109375, 46501.40625, 128653.0859375, 127391.4765625, 0.0, 0.0, 0.0, 0.0, -0.7249217629432678, 1.582283854484558, 112.0
42419, -0.3437366783618927, -1.5899207592010498, 1.2956284284591675, -0.6390458941459656, 0.2982424199581146, -0.10276217013597488, 80876.7421875, 108839.3828125, 76743.484375, 46498.8359375, 128697.40625, 127380.2734375, 0.0, 0.0, 0.0, 0.0, -0.3904792368412018, 1.3984317779541016, 112.0
42440, -0.3461360037326813, -1.5869463682174683, 1.2960054874420166, -0.6341527104377747, 0.3057483732700348, -0.10404803603887558, 80882.4296875, 108831.640625, 76744.4453125, 46487.69921875, 128740.1171875, 127381.875, 0.0, 0.0, 0.0, 0.0, -0.18908002972602844, 1.0956653356552124, 112.0
42459, -0.34445804357528687, -1.5850902795791626, 1.297287106513977, -0.611987829208374, 0.29625043272972107, -0.09820803254842758, 80884.859375, 108821.78125, 76731.109375, 46479.4921875, 128767.734375, 127381.875, 0.0, 0.0, 0.0, 0.0