timeTick, stateX, stateY, stateZ, stateVX, stateVY, stateVZ, motor1, motor2, motor3, motor4, yaw, laserFront
114407, 0.0, 0.0, -19.847463607788086, 0.0, 0.0, 0.3780364990234375, 0, 0, 0, 0, 0, 0
114427, 0.0, 0.0, -19.83476448059082, 0.0, 0.0, 0.6015777587890625, 0.0, 0.0, 0.0, 0.0, -1.6961740255355835, 326.0
114447, 0.0, 0.0, -19.823440551757812, 0.0, 0.0, 0.536346435546875, 0.0, 0.0, 0.0, 0.0, -1.6950963735580444, 326.0
114467, 0.0, 0.0, -19.82933235168457, 0.0, 0.0, -0.27904510498046875, 0.0, 0.0, 0.0, 0.0, -1.6963627338409424, 325.0
114487, 0.0, 0.0, -19.844493865966797, 0.0, 0.0, -0.7181167602539062, 0.0, 0.0, 0.0, 0.0, -1.6955538988113403, 325.0
114507, 0.0, 0.0, -19.850542068481445, 0.0, 0.0, -0.2864837646484375, 0.0, 0.0, 0.0, 0.0, -1.6951221227645874, 325.0
114527, 0.0, 0.0, -19.837778091430664, 0.0, 0.0, 0.6046295166015625, 0.0, 0.0, 0.0, 0.0, -1.6961933374404907, 325.0
114547, 0.0, 0.0, -19.822763442993164, 0.0, 0.0, 0.7112503051757812, 0.0, 0.0, 0.0, 0.0, -1.6976873874664307, 325.0
114567, 0.0, 0.0, -19.809043884277344, 0.0, 0.0, 0.6498336791992188, 0.0, 0.0, 0.0, 0.0, -1.6985126733779907, 324.0
114587, 0.0, 0.0, -19.80104637145996, 0.0, 0.0, 0.3787994384765625, 0.0, 0.0, 0.0, 0.0, -1.6980984210968018, 324.0
114607, 0.0, 0.0, -19.799243927001953, 0.0, 0.0, 0.08544921875, 0.0, 0.0, 0.0, 0.0, -1.698835015296936, 324.0
114627, 0.0, 0.0, -19.811290740966797, 0.0, 0.0, -0.5706787109375, 0.0, 0.0, 0.0, 0.0, -1.6994602680206299, 324.0
114647, 0.0, 0.0, -19.823646545410156, 0.0, 0.0, -0.5853652954101562, 0.0, 0.0, 0.0, 0.0, -1.6985251903533936, 324.0
114667, 0.0, 0.0, -19.82638168334961, 0.0, 0.0, -0.12950897216796875, 0.0, 0.0, 0.0, 0.0, -1.6980116367340088, 324.0
114687, 0.0, 0.0, -19.833791732788086, 0.0, 0.0, -0.3509521484375, 0.0, 0.0, 0.0, 0.0, -1.6986887454986572, 324.0
114707, 0.0, 0.0, -19.832002639770508, 0.0, 0.0, 0.084686279296875, 0.0, 0.0, 0.0, 0.0, -1.698848009109497, 324.0
114727, 0.0, 0.0, -19.814970016479492, 0.0, 0.0, 0.8068084716796875, 0.0, 0.0, 0.0, 0.0, -1.698612928390503, 324.0
114747, 0.0, 0.0, -19.802730560302734, 0.0, 0.0, 0.579833984375, 0.0, 0.0, 0.0, 0.0, -1.698262095451355, 324.0
114787, 0.0, 0.0, -19.77631950378418, 0.0, 0.0, 0.04329681396484375, 0.0, 0.0, 0.0, 0.0, -1.6997157335281372, 325.0
114807, 0.0, 0.0, -19.771942138671875, 0.0, 0.0, 0.20732879638671875, 0.0, 0.0, 0.0, 0.0, -1.6995223760604858, 325.0
114827, 0.0, 0.0, -19.774112701416016, 0.0, 0.0, -0.10280609130859375, 0.0, 0.0, 0.0, 0.0, -1.700493335723877, 325.0
114847, 0.0, 0.0, -19.7821044921875, 0.0, 0.0, -0.37860870361328125, 0.0, 0.0, 0.0, 0.0, -1.7003315687179565, 325.0
114867, 0.0, 0.0, -19.789094924926758, 0.0, 0.0, -0.33111572265625, 0.0, 0.0, 0.0, 0.0, -1.6995840072631836, 321.0
114887, 0.0, 0.0, -19.80618667602539, 0.0, 0.0, -0.8096694946289062, 0.0, 0.0, 0.0, 0.0, -1.7028025388717651, 321.0
114907, 0.0, 0.0, -19.816913604736328, 0.0, 0.0, -0.50811767578125, 0.0, 0.0, 0.0, 0.0, -1.7021392583847046, 321.0
114927, 0.0, 0.0, -19.828201293945312, 0.0, 0.0, -0.5346298217773438, 0.0, 0.0, 0.0, 0.0, -1.7018853425979614, 321.0
114947, 0.0, 0.0, -19.822797775268555, 0.0, 0.0, 0.2559661865234375, 0.0, 0.0, 0.0, 0.0, -1.701547622680664, 321.0
114967, 0.0, 0.0, -19.826213836669922, 0.0, 0.0, -0.1617431640625, 0.0, 0.0, 0.0, 0.0, -1.7019932270050049, 323.0
114987, 0.0, 0.0, -19.832616806030273, 0.0, 0.0, -0.3032684326171875, 0.0, 0.0, 0.0, 0.0, -1.7023730278015137, 323.0
115007, 0.0, 0.0, -19.83676528930664, 0.0, 0.0, -0.1964569091796875, 0.0, 0.0, 0.0, 0.0, -1.703462839126587, 323.0
115027, 0.0, 0.0, -19.826099395751953, 0.0, 0.0, 0.5052566528320312, 0.0, 0.0, 0.0, 0.0, -1.7042121887207031, 323.0
115047, 0.0, 0.0, -19.80862808227539, 0.0, 0.0, 0.8275985717773438, 0.0, 0.0, 0.0, 0.0, -1.7058944702148438, 323.0
115067, 0.0, 0.0, -19.79032325744629, 0.0, 0.0, 0.8670806884765625, 0.0, 0.0, 0.0, 0.0, -1.705067753791809, 317.0
115087, 0.0, 0.0, -19.781208038330078, 0.0, 0.0, 0.43182373046875, 0.0, 0.0, 0.0, 0.0, -1.7046113014221191, 317.0
115107, 0.0, 0.0, -19.775903701782227, 0.0, 0.0, 0.25119781494140625, 0.0, 0.0, 0.0, 0.0, -1.7045533657073975, 317.0
115127, 0.0, 0.0, -19.76121711730957, 0.0, 0.0, 0.6956100463867188, 0.0, 0.0, 0.0, 0.0, -1.7030789852142334, 317.0
115147, 0.0, 0.0, -19.750879287719727, 0.0, 0.0, 0.48961639404296875, 0.0, 0.0, 0.0, 0.0, -1.7030789852142334, 317.0
115207, 0.0, 0.0, -19.7528018951416, 0.0, 0.0, -0.06618499755859375, 0.0, 0.0, 0.0, 0.0, -1.703912615776062, 325.0
115247, 0.0, 0.0, -19.744136810302734, 0.0, 0.0, 0.41484832763671875, 0.0, 0.0, 0.0, 0.0, -1.706393837928772, 325.0
115307, 0.0, 0.0, -19.71710205078125, 0.0, 0.0, 0.8131027221679688, 0.0, 0.0, 0.0, 0.0, -1.7077759504318237, 32766.0
115327, 0.0, 0.0, -19.701641082763672, 0.0, 0.0, 0.732421875, 0.0, 0.0, 0.0, 0.0, -1.7067241668701172, 32766.0
115347, 0.0, 0.0, -19.71561050415039, 0.0, 0.0, -0.6616592407226562, 0.0, 0.0, 0.0, 0.0, -1.7067241668701172, 32766.0
115367, 0.0, 0.0, -19.732120513916016, 0.0, 0.0, -0.782012939453125, 0.0, 0.0, 0.0, 0.0, -1.7076945304870605, 326.0
115387, 0.0, 0.0, -19.749128341674805, 0.0, 0.0, -0.8056640625, 0.0, 0.0, 0.0, 0.0, -1.7065403461456299, 326.0
115407, 0.0, 0.0, -19.780048370361328, 0.0, 0.0, -1.4646530151367188, 0.0, 0.0, 0.0, 0.0, -1.7073156833648682, 326.0
115427, 0.0, 0.0, -19.801977157592773, 0.0, 0.0, -1.0387420654296875, 0.0, 0.0, 0.0, 0.0, -1.7074798345565796, 326.0
115467, 0.0, 0.0, -19.803964614868164, 0.0, 0.0, 0.10738372802734375, 0.0, 0.0, 0.0, 0.0, -1.7092546224594116, 330.0
115487, 0.0, 0.0, -19.804725646972656, 0.0, 0.0, -0.03604888916015625, 0.0, 0.0, 0.0, 0.0, -1.7092546224594116, 330.0
115507, 0.0, 0.0, -19.81105613708496, 0.0, 0.0, -0.299835205078125, 0.0, 0.0, 0.0, 0.0, -1.7092546224594116, 330.0
115527, 0.0, 0.0, -19.801118850708008, 0.0, 0.0, 0.470733642578125, 0.0, 0.0, 0.0, 0.0, -1.7092546224594116, 330.0
115547, 0.0, 0.0, -19.78891372680664, 0.0, 0.0, 0.5781173706054688, 0.0, 0.0, 0.0, 0.0, -1.7092546224594116, 330.0
115567, 0.0, 0.0, -19.774871826171875, 0.0, 0.0, 0.6650924682617188, 0.0, 0.0, 0.0, 0.0, -1.7092546224594116, 324.0
115587, 0.0, 0.0, -19.757265090942383, 0.0, 0.0, 0.8340835571289062, 0.0, 0.0, 0.0, 0.0, -1.7123264074325562, 324.0
115607, 0.0, 0.0, -19.757028579711914, 0.0, 0.0, 0.01125335693359375, 0.0, 0.0, 0.0, 0.0, -1.7136796712875366, 324.0
115647, 0.0, 0.0, -19.753915786743164, 0.0, 0.0, 0.31070709228515625, 0.0, 0.0, 0.0, 0.0, -1.7145254611968994, 324.0
115747, 0.0, 0.0, -19.69799041748047, 0.0, 0.0, 0.6917953491210938, 0.0, 0.0, 0.0, 0.0, -1.7172236442565918, 322.0
115767, 0.0, 0.0, -19.675251007080078, 0.0, 0.0, 1.0770797729492188, 0.0, 0.0, 0.0, 0.0, -1.71675705909729, 326.0
115787, 0.0, 0.0, -19.663066864013672, 0.0, 0.0, 0.5771636962890625, 0.0, 0.0, 0.0, 0.0, -1.71675705909729, 326.0
115807, 0.0, 0.0, -19.66202735900879, 0.0, 0.0, 0.0492095947265625, 0.0, 0.0, 0.0, 0.0, -1.719701886177063, 326.0
115827, 0.0, 0.0, -19.65339469909668, 0.0, 0.0, 0.408935546875, 0.0, 0.0, 0.0, 0.0, -1.719701886177063, 326.0
115847, 0.0, 0.0, -19.64691925048828, 0.0, 0.0, 0.30670166015625, 0.0, 0.0, 0.0, 0.0, -1.724047064781189, 326.0
115887, 0.0, 0.0, -19.632877349853516, 0.0, 0.0, 0.5151748657226562, 0.0, 0.0, 0.0, 0.0, -1.724047064781189, 326.0
115927, 0.0, 0.0, -19.64402198791504, 0.0, 0.0, -0.5762100219726562, 0.0, 0.0, 0.0, 0.0, -1.7276735305786133, 326.0
115947, 0.0, 0.0, -19.660627365112305, 0.0, 0.0, -0.786590576171875, 0.0, 0.0, 0.0, 0.0, -1.7276735305786133, 326.0
115987, 0.0, 0.0, -19.675174713134766, 0.0, 0.0, -0.19969940185546875, 0.0, 0.0, 0.0, 0.0, -1.732244849205017, 326.0
116007, 0.0, 0.0, -19.666641235351562, 0.0, 0.0, 0.40416717529296875, 0.0, 0.0, 0.0, 0.0, -1.7335237264633179, 326.0
116027, 0.0, 0.0, -19.64258575439453, 0.0, 0.0, 1.1394500732421875, 0.0, 0.0, 0.0, 0.0, -1.7335237264633179, 326.0
116047, 0.0, 0.0, -19.625179290771484, 0.0, 0.0, 0.8245468139648438, 0.0, 0.0, 0.0, 0.0, -1.732829213142395, 326.0
116087, 0.0, 0.0, -19.611663818359375, 0.0, 0.0, 0.7350921630859375, 0.0, 0.0, 0.0, 0.0, -1.7334128618240356, 327.0
116107, 0.0, 0.0, -19.607404708862305, 0.0, 0.0, 0.2017974853515625, 0.0, 0.0, 0.0, 0.0, -1.7334128618240356, 327.0
116167, 0.0, 0.0, -19.56884765625, 0.0, 0.0, 0.411224365234375, 0.0, 0.0, 0.0, 0.0, -1.7371474504470825, 325.0
116187, 0.0, 0.0, -19.573244094848633, 0.0, 0.0, -0.208282470703125, 0.0, 0.0, 0.0, 0.0, -1.7358516454696655, 325.0
116207, 0.0, 0.0, -19.57836151123047, 0.0, 0.0, -0.24242401123046875, 0.0, 0.0, 0.0, 0.0, -1.73643958568573, 325.0
116227, 0.0, 0.0, -19.579910278320312, 0.0, 0.0, -0.07343292236328125, 0.0, 0.0, 0.0, 0.0, -1.73643958568573, 325.0
116247, 0.0, 0.0, -19.570255279541016, 0.0, 0.0, 0.4573822021484375, 0.0, 0.0, 0.0, 0.0, -1.73643958568573, 325.0
116267, 0.0, 0.0, -19.55516242980957, 0.0, 0.0, 0.714874267578125, 0.0, 0.0, 0.0, 0.0, -1.740172266960144, 324.0
116287, 0.0, 0.0, -19.538782119750977, 0.0, 0.0, 0.775909423828125, 0.0, 0.0, 0.0, 0.0, -1.740172266960144, 324.0
116307, 0.0, 0.0, -19.53746223449707, 0.0, 0.0, 0.06256103515625, 0.0, 0.0, 0.0, 0.0, -1.740172266960144, 324.0
116347, 0.0, 0.0, -19.529417037963867, 0.0, 0.0, 0.42877197265625, 0.0, 0.0, 0.0, 0.0, -1.7393264770507812, 324.0
116407, 0.0, 0.0, -19.493650436401367, 0.0, 0.0, 0.33512115478515625, 0.0, 0.0, 0.0, 0.0, -1.7405451536178589, 325.0
116427, 0.0, 0.0, -19.496231079101562, 0.0, 0.0, -0.12226104736328125, 0.0, 0.0, 0.0, 0.0, -1.7410812377929688, 325.0
116447, 0.0, 0.0, -19.495203018188477, 0.0, 0.0, 0.04863739013671875, 0.0, 0.0, 0.0, 0.0, -1.7405368089675903, 325.0
116567, 0.0, 0.0, -19.508628845214844, 0.0, 0.0, -0.5008697509765625, 0.0, 0.0, 0.0, 0.0, -1.7441037893295288, 323.0
116587, 0.0, 0.0, -19.516674041748047, 0.0, 0.0, -0.3810882568359375, 0.0, 0.0, 0.0, 0.0, -1.7458945512771606, 323.0
116627, 0.0, 0.0, -19.55257225036621, 0.0, 0.0, -0.40740966796875, 0.0, 0.0, 0.0, 0.0, -1.7485294342041016, 325.0
116647, 0.0, 0.0, -19.553306579589844, 0.0, 0.0, -0.0347137451171875, 0.0, 0.0, 0.0, 0.0, -1.7493172883987427, 325.0
116667, 0.0, 0.0, -19.55130386352539, 0.0, 0.0, 0.09479522705078125, 0.0, 0.0, 0.0, 0.0, -1.7493172883987427, 327.0
116687, 0.0, 0.0, -19.53929328918457, 0.0, 0.0, 0.5689620971679688, 0.0, 0.0, 0.0, 0.0, -1.7493172883987427, 327.0
116707, 0.0, 0.0, -19.53268051147461, 0.0, 0.0, 0.3131866455078125, 0.0, 0.0, 0.0, 0.0, -1.749792456626892, 327.0
116727, 0.0, 0.0, -19.508106231689453, 0.0, 0.0, 1.1640548706054688, 0.0, 0.0, 0.0, 0.0, -1.7522393465042114, 327.0
116747, 0.0, 0.0, -19.47001838684082, 0.0, 0.0, 1.8041610717773438, 0.0, 0.0, 0.0, 0.0, -1.7545311450958252, 327.0
116767, 0.0, 0.0, -19.439685821533203, 0.0, 0.0, 1.4368057250976562, 0.0, 0.0, 0.0, 0.0, -1.7545311450958252, 327.0
116787, 0.0, 0.0, -19.42862319946289, 0.0, 0.0, 0.5239486694335938, 0.0, 0.0, 0.0, 0.0, -1.7545311450958252, 327.0
116847, 0.0, 0.0, -19.442768096923828, 0.0, 0.0, -1.4757156372070312, 0.0, 0.0, 0.0, 0.0, -1.7545322179794312, 327.0
116867, 0.0, 0.0, -19.471118927001953, 0.0, 0.0, -1.3429641723632812, 0.0, 0.0, 0.0, 0.0, -1.7547857761383057, 323.0
116927, 0.0, 0.0, -19.456993103027344, 0.0, 0.0, 0.9607315063476562, 0.0, 0.0, 0.0, 0.0, -1.7583304643630981, 323.0
116967, 0.0, 0.0, -19.420774459838867, 0.0, 0.0, 0.7406234741210938, 0.0, 0.0, 0.0, 0.0, -1.754705548286438, 326.0
116987, 0.0, 0.0, -19.39460563659668, 0.0, 0.0, 1.2395858764648438, 0.0, 0.0, 0.0, 0.0, -1.754705548286438, 326.0
117007, 0.0, 0.0, -19.3775634765625, 0.0, 0.0, 0.80718994140625, 0.0, 0.0, 0.0, 0.0, -1.754705548286438, 326.0
117047, 0.0, 0.0, -19.3592586517334, 0.0, 0.0, 0.360870361328125, 0.0, 0.0, 0.0, 0.0, -1.7557059526443481, 326.0
117087, 0.0, 0.0, -19.34808921813965, 0.0, 0.0, 0.23670196533203125, 0.0, 0.0, 0.0, 0.0, -1.7580915689468384, 324.0
117107, 0.0, 0.0, -19.344039916992188, 0.0, 0.0, 0.1918792724609375, 0.0, 0.0, 0.0, 0.0, -1.757792353630066, 324.0
117127, 0.0, 0.0, -19.337125778198242, 0.0, 0.0, 0.32749176025390625, 0.0, 0.0, 0.0, 0.0, -1.757792353630066, 324.0
117147, 0.0, 0.0, -19.33308219909668, 0.0, 0.0, 0.191497802734375, 0.0, 0.0, 0.0, 0.0, -1.7588555812835693, 324.0
117187, 0.0, 0.0, -19.311492919921875, 0.0, 0.0, 0.49839019775390625, 0.0, 0.0, 0.0, 0.0, -1.760384202003479, 324.0
117227, 0.0, 0.0, -19.314943313598633, 0.0, 0.0, -0.2227783203125, 0.0, 0.0, 0.0, 0.0, -1.760384202003479, 324.0
117307, 0.0, 0.0, -19.325632095336914, 0.0, 0.0, -0.3772735595703125, 0.0, 0.0, 0.0, 0.0, -1.7655572891235352, 324.0
117327, 0.0, 0.0, -19.324810028076172, 0.0, 0.0, 0.038909912109375, 0.0, 0.0, 0.0, 0.0, -1.7650737762451172, 324.0
117347, 0.0, 0.0, -19.318431854248047, 0.0, 0.0, 0.3021240234375, 0.0, 0.0, 0.0, 0.0, -1.7659556865692139, 324.0
117387, 0.0, 0.0, -19.332979202270508, 0.0, 0.0, -0.41713714599609375, 0.0, 0.0, 0.0, 0.0, -1.7690932750701904, 323.0
117407, 0.0, 0.0, -19.338035583496094, 0.0, 0.0, -0.23956298828125, 0.0, 0.0, 0.0, 0.0, -1.7714807987213135, 323.0
117427, 0.0, 0.0, -19.356155395507812, 0.0, 0.0, -0.858306884765625, 0.0, 0.0, 0.0, 0.0, -1.7714807987213135, 323.0
117447, 0.0, 0.0, -19.36615753173828, 0.0, 0.0, -0.473785400390625, 0.0, 0.0, 0.0, 0.0, -1.7740126848220825, 323.0
117467, 0.0, 0.0, -19.36231231689453, 0.0, 0.0, 0.18215179443359375, 0.0, 0.0, 0.0, 0.0, -1.775337815284729, 323.0
117487, 0.0, 0.0, -19.363353729248047, 0.0, 0.0, -0.04940032958984375, 0.0, 0.0, 0.0, 0.0, -1.777406096458435, 323.0
117527, 0.0, 0.0, -19.353891372680664, 0.0, 0.0, 0.1190185546875, 0.0, 0.0, 0.0, 0.0, -1.7782111167907715, 323.0
117547, 0.0, 0.0, -19.347183227539062, 0.0, 0.0, 0.3177642822265625, 0.0, 0.0, 0.0, 0.0, -1.7778702974319458, 323.0
117567, 0.0, 0.0, -19.344863891601562, 0.0, 0.0, 0.10986328125, 0.0, 0.0, 0.0, 0.0, -1.778215765953064, 321.0
117587, 0.0, 0.0, -19.340909957885742, 0.0, 0.0, 0.1873016357421875, 0.0, 0.0, 0.0, 0.0, -1.778215765953064, 321.0
117627, 0.0, 0.0, -19.34958267211914, 0.0, 0.0, -0.4150390625, 0.0, 0.0, 0.0, 0.0, -1.778215765953064, 321.0
117647, 0.0, 0.0, -19.349925994873047, 0.0, 0.0, -0.01621246337890625, 0.0, 0.0, 0.0, 0.0, -1.7779816389083862, 321.0
117687, 0.0, 0.0, -19.34300422668457, 0.0, 0.0, 0.11959075927734375, 0.0, 0.0, 0.0, 0.0, -1.7779816389083862, 326.0
117727, 0.0, 0.0, -19.339582443237305, 0.0, 0.0, 0.385284423828125, 0.0, 0.0, 0.0, 0.0, -1.7774864435195923, 326.0
117807, 0.0, 0.0, -19.302927017211914, 0.0, 0.0, 0.8893966674804688, 0.0, 0.0, 0.0, 0.0, -1.7813972234725952, 327.0
117827, 0.0, 0.0, -19.285640716552734, 0.0, 0.0, 0.8188247680664062, 0.0, 0.0, 0.0, 0.0, -1.7813349962234497, 327.0
117847, 0.0, 0.0, -19.2731990814209, 0.0, 0.0, 0.5893707275390625, 0.0, 0.0, 0.0, 0.0, -1.7804850339889526, 327.0
117867, 0.0, 0.0, -19.256887435913086, 0.0, 0.0, 0.7726669311523438, 0.0, 0.0, 0.0, 0.0, -1.7804850339889526, 327.0
117887, 0.0, 0.0, -19.248350143432617, 0.0, 0.0, 0.40435791015625, 0.0, 0.0, 0.0, 0.0, -1.7804850339889526, 327.0
117927, 0.0, 0.0, -19.247386932373047, 0.0, 0.0, -0.1834869384765625, 0.0, 0.0, 0.0, 0.0, -1.7804850339889526, 327.0
117967, 0.0, 0.0, -19.267839431762695, 0.0, 0.0, -0.229644775390625, 0.0, 0.0, 0.0, 0.0, -1.781904935836792, 320.0
117987, 0.0, 0.0, -19.270206451416016, 0.0, 0.0, -0.112152099609375, 0.0, 0.0, 0.0, 0.0, -1.781904935836792, 320.0
118067, 0.0, 0.0, -19.33463478088379, 0.0, 0.0, -0.5506515502929688, 0.0, 0.0, 0.0, 0.0, -1.7849149703979492, 321.0
118087, 0.0, 0.0, -19.34197235107422, 0.0, 0.0, -0.3475189208984375, 0.0, 0.0, 0.0, 0.0, -1.7828102111816406, 321.0
118147, 0.0, 0.0, -19.3324031829834, 0.0, 0.0, 0.6395339965820312, 0.0, 0.0, 0.0, 0.0, -1.7850695848464966, 321.0
118167, 0.0, 0.0, -19.324581146240234, 0.0, 0.0, 0.37059783935546875, 0.0, 0.0, 0.0, 0.0, -1.7831366062164307, 323.0
118187, 0.0, 0.0, -19.340063095092773, 0.0, 0.0, -0.7333755493164062, 0.0, 0.0, 0.0, 0.0, -1.7831366062164307, 323.0
118227, 0.0, 0.0, -19.380746841430664, 0.0, 0.0, -1.2838363647460938, 0.0, 0.0, 0.0, 0.0, -1.7868279218673706, 323.0
118247, 0.0, 0.0, -19.39335060119629, 0.0, 0.0, -0.5970001220703125, 0.0, 0.0, 0.0, 0.0, -1.7871044874191284, 323.0
118267, 0.0, 0.0, -19.39472770690918, 0.0, 0.0, -0.0652313232421875, 0.0, 0.0, 0.0, 0.0, -1.7877683639526367, 317.0
118287, 0.0, 0.0, -19.393245697021484, 0.0, 0.0, 0.0701904296875, 0.0, 0.0, 0.0, 0.0, -1.7877683639526367, 317.0
118307, 0.0, 0.0, -19.38373374938965, 0.0, 0.0, 0.4505157470703125, 0.0, 0.0, 0.0, 0.0, -1.788116455078125, 317.0
118327, 0.0, 0.0, -19.373952865600586, 0.0, 0.0, 0.46329498291015625, 0.0, 0.0, 0.0, 0.0, -1.788116455078125, 317.0
118347, 0.0, 0.0, -19.369665145874023, 0.0, 0.0, 0.20313262939453125, 0.0, 0.0, 0.0, 0.0, -1.7878649234771729, 317.0
118367, 0.0, 0.0, -19.359437942504883, 0.0, 0.0, 0.484466552734375, 0.0, 0.0, 0.0, 0.0, -1.7878649234771729, 317.0
118387, 0.0, 0.0, -19.35894775390625, 0.0, 0.0, 0.0232696533203125, 0.0, 0.0, 0.0, 0.0, -1.7878649234771729, 327.0
118407, 0.0, 0.0, -19.35231590270996, 0.0, 0.0, 0.31414031982421875, 0.0, 0.0, 0.0, 0.0, -1.7878649234771729, 327.0
118427, 0.0, 0.0, -19.347984313964844, 0.0, 0.0, 0.205230712890625, 0.0, 0.0, 0.0, 0.0, -1.7878649234771729, 327.0
118487, 0.0, 0.0, -19.341659545898438, 0.0, 0.0, -0.10814666748046875, 0.0, 0.0, 0.0, 0.0, -1.788488745689392, 326.0
118527, 0.0, 0.0, -19.336023330688477, 0.0, 0.0, 0.1331329345703125, 0.0, 0.0, 0.0, 0.0, -1.7891467809677124, 326.0
118547, 0.0, 0.0, -19.336864471435547, 0.0, 0.0, -0.03986358642578125, 0.0, 0.0, 0.0, 0.0, -1.789542555809021, 326.0
118567, 0.0, 0.0, -19.34273910522461, 0.0, 0.0, -0.27828216552734375, 0.0, 0.0, 0.0, 0.0, -1.7907426357269287, 326.0
118587, 0.0, 0.0, -19.363601684570312, 0.0, 0.0, -0.9881973266601562, 0.0, 0.0, 0.0, 0.0, -1.7913206815719604, 321.0
118607, 0.0, 0.0, -19.379981994628906, 0.0, 0.0, -0.775909423828125, 0.0, 0.0, 0.0, 0.0, -1.7920997142791748, 321.0
118627, 0.0, 0.0, -19.39740562438965, 0.0, 0.0, -0.8253097534179688, 0.0, 0.0, 0.0, 0.0, -1.7920997142791748, 321.0
118667, 0.0, 0.0, -19.448211669921875, 0.0, 0.0, -1.1722564697265625, 0.0, 0.0, 0.0, 0.0, -1.7911550998687744, 320.0
118687, 0.0, 0.0, -19.460464477539062, 0.0, 0.0, -0.5804061889648438, 0.0, 0.0, 0.0, 0.0, -1.792044758796692, 320.0
118767, 0.0, 0.0, -19.39958381652832, 0.0, 0.0, 0.9609222412109375, 0.0, 0.0, 0.0, 0.0, -1.7914749383926392, 322.0
118807, 0.0, 0.0, -19.376550674438477, 0.0, 0.0, 0.5834579467773438, 0.0, 0.0, 0.0, 0.0, -1.7911818027496338, 322.0
118827, 0.0, 0.0, -19.38943099975586, 0.0, 0.0, -0.6101608276367188, 0.0, 0.0, 0.0, 0.0, -1.7911818027496338, 322.0
118847, 0.0, 0.0, -19.383241653442383, 0.0, 0.0, 0.29315948486328125, 0.0, 0.0, 0.0, 0.0, -1.7911818027496338, 322.0
118867, 0.0, 0.0, -19.371994018554688, 0.0, 0.0, 0.5327224731445312, 0.0, 0.0, 0.0, 0.0, -1.7911818027496338, 326.0
118887, 0.0, 0.0, -19.369117736816406, 0.0, 0.0, 0.1361846923828125, 0.0, 0.0, 0.0, 0.0, -1.7911818027496338, 326.0
118927, 0.0, 0.0, -19.350994110107422, 0.0, 0.0, 0.32978057861328125, 0.0, 0.0, 0.0, 0.0, -1.7899407148361206, 326.0
118947, 0.0, 0.0, -19.338600158691406, 0.0, 0.0, 0.5870819091796875, 0.0, 0.0, 0.0, 0.0, -1.7915602922439575, 326.0
118987, 0.0, 0.0, -19.322702407836914, 0.0, 0.0, -0.28839111328125, 0.0, 0.0, 0.0, 0.0, -1.7951043844223022, 321.0
119027, 0.0, 0.0, -19.333480834960938, 0.0, 0.0, -0.3509521484375, 0.0, 0.0, 0.0, 0.0, -1.7962557077407837, 321.0
119047, 0.0, 0.0, -19.335325241088867, 0.0, 0.0, -0.0873565673828125, 0.0, 0.0, 0.0, 0.0, -1.7962936162948608, 321.0
119067, 0.0, 0.0, -19.347726821899414, 0.0, 0.0, -0.58746337890625, 0.0, 0.0, 0.0, 0.0, -1.7970348596572876, 325.0
119087, 0.0, 0.0, -19.36400604248047, 0.0, 0.0, -0.7711410522460938, 0.0, 0.0, 0.0, 0.0, -1.7970348596572876, 325.0
119107, 0.0, 0.0, -19.359012603759766, 0.0, 0.0, 0.23651123046875, 0.0, 0.0, 0.0, 0.0, -1.7969154119491577, 325.0
119127, 0.0, 0.0, -19.36275863647461, 0.0, 0.0, -0.1773834228515625, 0.0, 0.0, 0.0, 0.0, -1.7969154119491577, 325.0
119147, 0.0, 0.0, -19.35592269897461, 0.0, 0.0, 0.3238677978515625, 0.0, 0.0, 0.0, 0.0, -1.7969154119491577, 325.0
119167, 0.0, 0.0, -19.3394775390625, 0.0, 0.0, 0.778961181640625, 0.0, 0.0, 0.0, 0.0, -1.802228569984436, 320.0
119187, 0.0, 0.0, -19.337064743041992, 0.0, 0.0, 0.11425018310546875, 0.0, 0.0, 0.0, 0.0, -1.802228569984436, 320.0
119227, 0.0, 0.0, -19.30843734741211, 0.0, 0.0, 0.5252838134765625, 0.0, 0.0, 0.0, 0.0, -1.8018038272857666, 320.0
119247, 0.0, 0.0, -19.304649353027344, 0.0, 0.0, 0.17948150634765625, 0.0, 0.0, 0.0, 0.0, -1.800860047340393, 320.0
119267, 0.0, 0.0, -19.310932159423828, 0.0, 0.0, -0.29754638671875, 0.0, 0.0, 0.0, 0.0, -1.8004366159439087, 323.0
119287, 0.0, 0.0, -19.302515029907227, 0.0, 0.0, 0.3986358642578125, 0.0, 0.0, 0.0, 0.0, -1.80205237865448, 323.0
119327, 0.0, 0.0, -19.345745086669922, 0.0, 0.0, -0.9435653686523438, 0.0, 0.0, 0.0, 0.0, -1.8029556274414062, 323.0
119347, 0.0, 0.0, -19.35201072692871, 0.0, 0.0, -0.296783447265625, 0.0, 0.0, 0.0, 0.0, -1.8032618761062622, 323.0
119367, 0.0, 0.0, -19.34358024597168, 0.0, 0.0, 0.3993988037109375, 0.0, 0.0, 0.0, 0.0, -1.8029881715774536, 322.0
119387, 0.0, 0.0, -19.338829040527344, 0.0, 0.0, 0.225067138671875, 0.0, 0.0, 0.0, 0.0, -1.8026052713394165, 322.0
119427, 0.0, 0.0, -19.346435546875, 0.0, 0.0, -0.41961669921875, 0.0, 0.0, 0.0, 0.0, -1.801599144935608, 322.0
119467, 0.0, 0.0, -19.378297805786133, 0.0, 0.0, -0.8249282836914062, 0.0, 0.0, 0.0, 0.0, -1.8011592626571655, 323.0
119487, 0.0, 0.0, -19.379417419433594, 0.0, 0.0, -0.0530242919921875, 0.0, 0.0, 0.0, 0.0, -1.802359700202942, 323.0
119507, 0.0, 0.0, -19.386558532714844, 0.0, 0.0, -0.33817291259765625, 0.0, 0.0, 0.0, 0.0, -1.8035167455673218, 323.0
119527, 0.0, 0.0, -19.393901824951172, 0.0, 0.0, -0.347900390625, 0.0, 0.0, 0.0, 0.0, -1.8037513494491577, 323.0
119547, 0.0, 0.0, -19.396732330322266, 0.0, 0.0, -0.13408660888671875, 0.0, 0.0, 0.0, 0.0, -1.8062077760696411, 323.0
119567, 0.0, 0.0, -19.405258178710938, 0.0, 0.0, -0.40378570556640625, 0.0, 0.0, 0.0, 0.0, -1.8068044185638428, 323.0
119587, 0.0, 0.0, -19.420995712280273, 0.0, 0.0, -0.745391845703125, 0.0, 0.0, 0.0, 0.0, -1.8063794374465942, 323.0
119607, 0.0, 0.0, -19.434782028198242, 0.0, 0.0, -0.653076171875, 0.0, 0.0, 0.0, 0.0, -1.8063794374465942, 323.0
119707, 0.0, 0.0, -19.43440818786621, 0.0, 0.0, 0.0110626220703125, 0.0, 0.0, 0.0, 0.0, -1.8114385604858398, 322.0
119727, 0.0, 0.0, -19.44304847717285, 0.0, 0.0, -0.4093170166015625, 0.0, 0.0, 0.0, 0.0, -1.8118720054626465, 322.0
119767, 0.0, 0.0, -19.439167022705078, 0.0, 0.0, 0.36773681640625, 0.0, 0.0, 0.0, 0.0, -1.810394287109375, 322.0
119787, 0.0, 0.0, -19.430280685424805, 0.0, 0.0, 0.42095184326171875, 0.0, 0.0, 0.0, 0.0, -1.8105021715164185, 322.0
119827, 0.0, 0.0, -19.45211410522461, 0.0, 0.0, -0.6124496459960938, 0.0, 0.0, 0.0, 0.0, -1.8121334314346313, 322.0
119847, 0.0, 0.0, -19.457908630371094, 0.0, 0.0, -0.27446746826171875, 0.0, 0.0, 0.0, 0.0, -1.8154194355010986, 322.0
119867, 0.0, 0.0, -19.461565017700195, 0.0, 0.0, -0.173187255859375, 0.0, 0.0, 0.0, 0.0, -1.814456582069397, 325.0
119947, 0.0, 0.0, -19.428773880004883, 0.0, 0.0, 0.16117095947265625, 0.0, 0.0, 0.0, 0.0, -1.8178364038467407, 325.0
119967, 0.0, 0.0, -19.413549423217773, 0.0, 0.0, 0.7211685180664062, 0.0, 0.0, 0.0, 0.0, -1.8173261880874634, 330.0
119987, 0.0, 0.0, -19.406414031982422, 0.0, 0.0, 0.337982177734375, 0.0, 0.0, 0.0, 0.0, -1.8164771795272827, 330.0
120007, 0.0, 0.0, -19.41102409362793, 0.0, 0.0, -0.21839141845703125, 0.0, 0.0, 0.0, 0.0, -1.8178070783615112, 330.0
120027, 0.0, 0.0, -19.42047119140625, 0.0, 0.0, -0.4474639892578125, 0.0, 0.0, 0.0, 0.0, -1.8178070783615112, 330.0
120047, 0.0, 0.0, -19.42604637145996, 0.0, 0.0, -0.26416778564453125, 0.0, 0.0, 0.0, 0.0, -1.8173903226852417, 330.0
120067, 0.0, 0.0, -19.426925659179688, 0.0, 0.0, -0.0415802001953125, 0.0, 0.0, 0.0, 0.0, -1.8173903226852417, 329.0
120087, 0.0, 0.0, -19.422443389892578, 0.0, 0.0, 0.21228790283203125, 0.0, 0.0, 0.0, 0.0, -1.8182451725006104, 329.0
120107, 0.0, 0.0, -19.42816162109375, 0.0, 0.0, -0.270843505859375, 0.0, 0.0, 0.0, 0.0, -1.8182766437530518, 329.0
120127, 0.0, 0.0, -19.435392379760742, 0.0, 0.0, -0.342559814453125, 0.0, 0.0, 0.0, 0.0, -1.81931734085083, 329.0
120147, 0.0, 0.0, -19.444883346557617, 0.0, 0.0, -0.44956207275390625, 0.0, 0.0, 0.0, 0.0, -1.8202722072601318, 329.0
120227, 0.0, 0.0, -19.46065902709961, 0.0, 0.0, 0.5153656005859375, 0.0, 0.0, 0.0, 0.0, -1.8238179683685303, 319.0
120247, 0.0, 0.0, -19.446130752563477, 0.0, 0.0, 0.68817138671875, 0.0, 0.0, 0.0, 0.0, -1.8239589929580688, 319.0
120267, 0.0, 0.0, -19.440078735351562, 0.0, 0.0, 0.28667449951171875, 0.0, 0.0, 0.0, 0.0, -1.8245909214019775, 324.0
120287, 0.0, 0.0, -19.427383422851562, 0.0, 0.0, 0.6013870239257812, 0.0, 0.0, 0.0, 0.0, -1.8245909214019775, 324.0
120307, 0.0, 0.0, -19.418657302856445, 0.0, 0.0, 0.41332244873046875, 0.0, 0.0, 0.0, 0.0, -1.8278547525405884, 324.0
120327, 0.0, 0.0, -19.4162654876709, 0.0, 0.0, 0.1132965087890625, 0.0, 0.0, 0.0, 0.0, -1.8278547525405884, 324.0
120347, 0.0, 0.0, -19.41692543029785, 0.0, 0.0, -0.031280517578125, 0.0, 0.0, 0.0, 0.0, -1.8303730487823486, 324.0
120367, 0.0, 0.0, -19.41486358642578, 0.0, 0.0, 0.09765625, 0.0, 0.0, 0.0, 0.0, -1.8303730487823486, 331.0
120387, 0.0, 0.0, -19.426698684692383, 0.0, 0.0, -0.5605697631835938, 0.0, 0.0, 0.0, 0.0, -1.8319774866104126, 331.0
120427, 0.0, 0.0, -19.443754196166992, 0.0, 0.0, -0.279998779296875, 0.0, 0.0, 0.0, 0.0, -1.8331269025802612, 331.0
120447, 0.0, 0.0, -19.44490623474121, 0.0, 0.0, -0.0545501708984375, 0.0, 0.0, 0.0, 0.0, -1.831714153289795, 331.0
120467, 0.0, 0.0, -19.440122604370117, 0.0, 0.0, 0.226593017578125, 0.0, 0.0, 0.0, 0.0, -1.833580493927002, 327.0
120487, 0.0, 0.0, -19.43832778930664, 0.0, 0.0, 0.0850677490234375, 0.0, 0.0, 0.0, 0.0, -1.8332265615463257, 327.0
120507, 0.0, 0.0, -19.441028594970703, 0.0, 0.0, -0.12798309326171875, 0.0, 0.0, 0.0, 0.0, -1.8333243131637573, 327.0
120527, 0.0, 0.0, -19.45204734802246, 0.0, 0.0, -0.5218505859375, 0.0, 0.0, 0.0, 0.0, -1.8333243131637573, 327.0
120587, 0.0, 0.0, -19.439706802368164, 0.0, 0.0, -0.2033233642578125, 0.0, 0.0, 0.0, 0.0, -1.8356260061264038, 325.0
120627, 0.0, 0.0, -19.460573196411133, 0.0, 0.0, -0.7005691528320312, 0.0, 0.0, 0.0, 0.0, -1.8362525701522827, 325.0
120647, 0.0, 0.0, -19.474111557006836, 0.0, 0.0, -0.6412506103515625, 0.0, 0.0, 0.0, 0.0, -1.8340823650360107, 325.0
120667, 0.0, 0.0, -19.47832489013672, 0.0, 0.0, -0.1995086669921875, 0.0, 0.0, 0.0, 0.0, -1.8322185277938843, 330.0
120687, 0.0, 0.0, -19.48485565185547, 0.0, 0.0, -0.3093719482421875, 0.0, 0.0, 0.0, 0.0, -1.8342523574829102, 330.0
120707, 0.0, 0.0, -19.494300842285156, 0.0, 0.0, -0.4474639892578125, 0.0, 0.0, 0.0, 0.0, -1.8351225852966309, 330.0
120727, 0.0, 0.0, -19.48221206665039, 0.0, 0.0, 0.5725860595703125, 0.0, 0.0, 0.0, 0.0, -1.8351225852966309, 330.0
120747, 0.0, 0.0, -19.48021125793457, 0.0, 0.0, 0.09479522705078125, 0.0, 0.0, 0.0, 0.0, -1.8356684446334839, 330.0
120767, 0.0, 0.0, -19.466123580932617, 0.0, 0.0, 0.6673812866210938, 0.0, 0.0, 0.0, 0.0, -1.8354010581970215, 328.0
120787, 0.0, 0.0, -19.44951820373535, 0.0, 0.0, 0.786590576171875, 0.0, 0.0, 0.0, 0.0, -1.8354010581970215, 328.0
120807, 0.0, 0.0, -19.437625885009766, 0.0, 0.0, 0.5632400512695312, 0.0, 0.0, 0.0, 0.0, -1.8354010581970215, 328.0
120827, 0.0, 0.0, -19.434226989746094, 0.0, 0.0, 0.160980224609375, 0.0, 0.0, 0.0, 0.0, -1.8354010581970215, 328.0
120887, 0.0, 0.0, -19.42336654663086, 0.0, 0.0, -0.35457611083984375, 0.0, 0.0, 0.0, 0.0, -1.8398611545562744, 323.0
120907, 0.0, 0.0, -19.42579460144043, 0.0, 0.0, -0.11501312255859375, 0.0, 0.0, 0.0, 0.0, -1.8391550779342651, 323.0
120927, 0.0, 0.0, -19.431915283203125, 0.0, 0.0, -0.2899169921875, 0.0, 0.0, 0.0, 0.0, -1.840105414390564, 323.0
120967, 0.0, 0.0, -19.416004180908203, 0.0, 0.0, 0.717926025390625, 0.0, 0.0, 0.0, 0.0, -1.8417420387268066, 323.0
120987, 0.0, 0.0, -19.41775131225586, 0.0, 0.0, -0.0827789306640625, 0.0, 0.0, 0.0, 0.0, -1.8415141105651855, 319.0
121007, 0.0, 0.0, -19.410856246948242, 0.0, 0.0, 0.3265380859375, 0.0, 0.0, 0.0, 0.0, -1.8424482345581055, 319.0
121027, 0.0, 0.0, -19.40994644165039, 0.0, 0.0, 0.0431060791015625, 0.0, 0.0, 0.0, 0.0, -1.8424482345581055, 319.0
121047, 0.0, 0.0, -19.42115592956543, 0.0, 0.0, -0.531005859375, 0.0, 0.0, 0.0, 0.0, -1.8432821035385132, 319.0
121067, 0.0, 0.0, -19.42400360107422, 0.0, 0.0, -0.13484954833984375, 0.0, 0.0, 0.0, 0.0, -1.8427517414093018, 327.0
121087, 0.0, 0.0, -19.430465698242188, 0.0, 0.0, -0.30612945556640625, 0.0, 0.0, 0.0, 0.0, -1.843626618385315, 327.0
121107, 0.0, 0.0, -19.42998695373535, 0.0, 0.0, 0.02269744873046875, 0.0, 0.0, 0.0, 0.0, -1.845686912536621, 327.0
121127, 0.0, 0.0, -19.423362731933594, 0.0, 0.0, 0.31375885009765625, 0.0, 0.0, 0.0, 0.0, -1.8462883234024048, 327.0
121147, 0.0, 0.0, -19.40709114074707, 0.0, 0.0, 0.7707595825195312, 0.0, 0.0, 0.0, 0.0, -1.847253441810608, 327.0
121167, 0.0, 0.0, -19.39598846435547, 0.0, 0.0, 0.5258560180664062, 0.0, 0.0, 0.0, 0.0, -1.8460707664489746, 322.0
121187, 0.0, 0.0, -19.384916305541992, 0.0, 0.0, 0.5245208740234375, 0.0, 0.0, 0.0, 0.0, -1.8449054956436157, 322.0
121207, 0.0, 0.0, -19.375947952270508, 0.0, 0.0, 0.42476654052734375, 0.0, 0.0, 0.0, 0.0, -1.8460050821304321, 322.0
121227, 0.0, 0.0, -19.362449645996094, 0.0, 0.0, 0.63934326171875, 0.0, 0.0, 0.0, 0.0, -1.8460050821304321, 322.0
121247, 0.0, 0.0, -19.361906051635742, 0.0, 0.0, 0.02574920654296875, 0.0, 0.0, 0.0, 0.0, -1.8460050821304321, 322.0
121267, 0.0, 0.0, -19.360946655273438, 0.0, 0.0, 0.0453948974609375, 0.0, 0.0, 0.0, 0.0, -1.8460050821304321, 331.0
121287, 0.0, 0.0, -19.37055778503418, 0.0, 0.0, -0.45528411865234375, 0.0, 0.0, 0.0, 0.0, -1.8537023067474365, 331.0
121327, 0.0, 0.0, -19.4104061126709, 0.0, 0.0, -1.07574462890625, 0.0, 0.0, 0.0, 0.0, -1.8536808490753174, 331.0
121407, 0.0, 0.0, -19.420795440673828, 0.0, 0.0, 0.25482177734375, 0.0, 0.0, 0.0, 0.0, -1.8544631004333496, 320.0
121427, 0.0, 0.0, -19.43358039855957, 0.0, 0.0, -0.6055831909179688, 0.0, 0.0, 0.0, 0.0, -1.8543800115585327, 320.0
121447, 0.0, 0.0, -19.430431365966797, 0.0, 0.0, 0.1491546630859375, 0.0, 0.0, 0.0, 0.0, -1.851287603378296, 320.0
121467, 0.0, 0.0, -19.430997848510742, 0.0, 0.0, -0.02689361572265625, 0.0, 0.0, 0.0, 0.0, -1.851287603378296, 324.0
121487, 0.0, 0.0, -19.433534622192383, 0.0, 0.0, -0.1201629638671875, 0.0, 0.0, 0.0, 0.0, -1.854977011680603, 324.0
121507, 0.0, 0.0, -19.42052459716797, 0.0, 0.0, 0.6162643432617188, 0.0, 0.0, 0.0, 0.0, -1.8552229404449463, 324.0
121527, 0.0, 0.0, -19.400636672973633, 0.0, 0.0, 0.9420394897460938, 0.0, 0.0, 0.0, 0.0, -1.8552229404449463, 324.0
121547, 0.0, 0.0, -19.4006290435791, 0.0, 0.0, 0.0003814697265625, 0.0, 0.0, 0.0, 0.0, -1.8554189205169678, 324.0
121567, 0.0, 0.0, -19.426076889038086, 0.0, 0.0, -1.2054443359375, 0.0, 0.0, 0.0, 0.0, -1.8554189205169678, 326.0
121587, 0.0, 0.0, -19.45707893371582, 0.0, 0.0, -1.4684677124023438, 0.0, 0.0, 0.0, 0.0, -1.8568682670593262, 326.0
121607, 0.0, 0.0, -19.464529037475586, 0.0, 0.0, -0.3528594970703125, 0.0, 0.0, 0.0, 0.0, -1.8564395904541016, 326.0
121627, 0.0, 0.0, -19.45965576171875, 0.0, 0.0, 0.2307891845703125, 0.0, 0.0, 0.0, 0.0, -1.8564395904541016, 326.0
121647, 0.0, 0.0, -19.45155143737793, 0.0, 0.0, 0.38394927978515625, 0.0, 0.0, 0.0, 0.0, -1.8573265075683594, 326.0
121667, 0.0, 0.0, -19.454856872558594, 0.0, 0.0, -0.15659332275390625, 0.0, 0.0, 0.0, 0.0, -1.8577609062194824, 330.0
121727, 0.0, 0.0, -19.45037078857422, 0.0, 0.0, 0.37078857421875, 0.0, 0.0, 0.0, 0.0, -1.8580676317214966, 330.0
121767, 0.0, 0.0, -19.43674659729004, 0.0, 0.0, 0.49266815185546875, 0.0, 0.0, 0.0, 0.0, -1.8616493940353394, 321.0
121787, 0.0, 0.0, -19.411697387695312, 0.0, 0.0, 1.1865615844726562, 0.0, 0.0, 0.0, 0.0, -1.8615796566009521, 321.0
121807, 0.0, 0.0, -19.391407012939453, 0.0, 0.0, 0.9611129760742188, 0.0, 0.0, 0.0, 0.0, -1.8606648445129395, 321.0
121827, 0.0, 0.0, -19.391077041625977, 0.0, 0.0, 0.0156402587890625, 0.0, 0.0, 0.0, 0.0, -1.8617619276046753, 321.0
121867, 0.0, 0.0, -19.40357780456543, 0.0, 0.0, -0.6048202514648438, 0.0, 0.0, 0.0, 0.0, -1.8612442016601562, 332.0
121887, 0.0, 0.0, -19.41807746887207, 0.0, 0.0, -0.6868362426757812, 0.0, 0.0, 0.0, 0.0, -1.8608653545379639, 332.0
121907, 0.0, 0.0, -19.43865203857422, 0.0, 0.0, -0.9746551513671875, 0.0, 0.0, 0.0, 0.0, -1.8603812456130981, 332.0
121927, 0.0, 0.0, -19.46622657775879, 0.0, 0.0, -1.30615234375, 0.0, 0.0, 0.0, 0.0, -1.8616411685943604, 332.0
121947, 0.0, 0.0, -19.485963821411133, 0.0, 0.0, -0.9349822998046875, 0.0, 0.0, 0.0, 0.0, -1.8618717193603516, 332.0
121967, 0.0, 0.0, -19.49883460998535, 0.0, 0.0, -0.609588623046875, 0.0, 0.0, 0.0, 0.0, -1.8618717193603516, 323.0
121987, 0.0, 0.0, -19.510297775268555, 0.0, 0.0, -0.5430221557617188, 0.0, 0.0, 0.0, 0.0, -1.8631592988967896, 323.0
122007, 0.0, 0.0, -19.531530380249023, 0.0, 0.0, -1.0057449340820312, 0.0, 0.0, 0.0, 0.0, -1.8631592988967896, 323.0
122027, 0.0, 0.0, -19.54041862487793, 0.0, 0.0, -0.42095184326171875, 0.0, 0.0, 0.0, 0.0, -1.8637149333953857, 323.0
122107, 0.0, 0.0, -19.510501861572266, 0.0, 0.0, 0.37059783935546875, 0.0, 0.0, 0.0, 0.0, -1.8645737171173096, 316.0
122127, 0.0, 0.0, -19.507282257080078, 0.0, 0.0, 0.152587890625, 0.0, 0.0, 0.0, 0.0, -1.8644659519195557, 316.0
122167, 0.0, 0.0, -19.49907112121582, 0.0, 0.0, -0.02994537353515625, 0.0, 0.0, 0.0, 0.0, -1.8674430847167969, 324.0
122187, 0.0, 0.0, -19.4881534576416, 0.0, 0.0, 0.5170822143554688, 0.0, 0.0, 0.0, 0.0, -1.8685204982757568, 324.0
122207, 0.0, 0.0, -19.478271484375, 0.0, 0.0, 0.4680633544921875, 0.0, 0.0, 0.0, 0.0, -1.869933009147644, 324.0
122227, 0.0, 0.0, -19.45572280883789, 0.0, 0.0, 1.068115234375, 0.0, 0.0, 0.0, 0.0, -1.869807481765747, 324.0
122247, 0.0, 0.0, -19.448366165161133, 0.0, 0.0, 0.34847259521484375, 0.0, 0.0, 0.0, 0.0, -1.869807481765747, 324.0
122267, 0.0, 0.0, -19.431499481201172, 0.0, 0.0, 0.7989883422851562, 0.0, 0.0, 0.0, 0.0, -1.869124174118042, 321.0
122287, 0.0, 0.0, -19.405370712280273, 0.0, 0.0, 1.2376785278320312, 0.0, 0.0, 0.0, 0.0, -1.8696335554122925, 321.0
122307, 0.0, 0.0, -19.39875030517578, 0.0, 0.0, 0.313568115234375, 0.0, 0.0, 0.0, 0.0, -1.870564579963684, 321.0
122347, 0.0, 0.0, -19.400970458984375, 0.0, 0.0, 0.03452301025390625, 0.0, 0.0, 0.0, 0.0, -1.8671598434448242, 321.0
122367, 0.0, 0.0, -19.397262573242188, 0.0, 0.0, 0.17566680908203125, 0.0, 0.0, 0.0, 0.0, -1.8671598434448242, 319.0
122387, 0.0, 0.0, -19.391143798828125, 0.0, 0.0, 0.2899169921875, 0.0, 0.0, 0.0, 0.0, -1.8671598434448242, 319.0
122407, 0.0, 0.0, -19.402809143066406, 0.0, 0.0, -0.5525588989257812, 0.0, 0.0, 0.0, 0.0, -1.8720581531524658, 319.0
122427, 0.0, 0.0, -19.416414260864258, 0.0, 0.0, -0.6444931030273438, 0.0, 0.0, 0.0, 0.0, -1.872821569442749, 319.0
122467, 0.0, 0.0, -19.437623977661133, 0.0, 0.0, -0.40874481201171875, 0.0, 0.0, 0.0, 0.0, -1.8738758563995361, 323.0
122507, 0.0, 0.0, -19.449068069458008, 0.0, 0.0, -0.03871917724609375, 0.0, 0.0, 0.0, 0.0, -1.873976469039917, 323.0
122567, 0.0, 0.0, -19.39988899230957, 0.0, 0.0, 0.8426666259765625, 0.0, 0.0, 0.0, 0.0, -1.8749089241027832, 319.0
122587, 0.0, 0.0, -19.39430809020996, 0.0, 0.0, 0.2643585205078125, 0.0, 0.0, 0.0, 0.0, -1.8761248588562012, 319.0
122607, 0.0, 0.0, -19.385114669799805, 0.0, 0.0, 0.43544769287109375, 0.0, 0.0, 0.0, 0.0, -1.8760097026824951, 319.0
122627, 0.0, 0.0, -19.37662696838379, 0.0, 0.0, 0.402069091796875, 0.0, 0.0, 0.0, 0.0, -1.8758763074874878, 319.0
122647, 0.0, 0.0, -19.37131118774414, 0.0, 0.0, 0.25177001953125, 0.0, 0.0, 0.0, 0.0, -1.876116156578064, 319.0
122667, 0.0, 0.0, -19.35713768005371, 0.0, 0.0, 0.67138671875, 0.0, 0.0, 0.0, 0.0, -1.876116156578064, 332.0
122687, 0.0, 0.0, -19.351369857788086, 0.0, 0.0, 0.27313232421875, 0.0, 0.0, 0.0, 0.0, -1.8785862922668457, 332.0
122707, 0.0, 0.0, -19.365917205810547, 0.0, 0.0, -0.6891250610351562, 0.0, 0.0, 0.0, 0.0, -1.8785862922668457, 332.0
122727, 0.0, 0.0, -19.382896423339844, 0.0, 0.0, -0.8043289184570312, 0.0, 0.0, 0.0, 0.0, -1.8785862922668457, 332.0
122747, 0.0, 0.0, -19.39041519165039, 0.0, 0.0, -0.35610198974609375, 0.0, 0.0, 0.0, 0.0, -1.8780850172042847, 332.0
122767, 0.0, 0.0, -19.381441116333008, 0.0, 0.0, 0.42514801025390625, 0.0, 0.0, 0.0, 0.0, -1.8780850172042847, 332.0
122807, 0.0, 0.0, -19.384464263916016, 0.0, 0.0, -0.11844635009765625, 0.0, 0.0, 0.0, 0.0, -1.8833152055740356, 323.0
122827, 0.0, 0.0, -19.37662124633789, 0.0, 0.0, 0.371551513671875, 0.0, 0.0, 0.0, 0.0, -1.8835023641586304, 323.0
122887, 0.0, 0.0, -19.39845085144043, 0.0, 0.0, -0.5403518676757812, 0.0, 0.0, 0.0, 0.0, -1.8856607675552368, 326.0
122947, 0.0, 0.0, -19.40041732788086, 0.0, 0.0, 0.36258697509765625, 0.0, 0.0, 0.0, 0.0, -1.885560154914856, 326.0
122967, 0.0, 0.0, -19.398895263671875, 0.0, 0.0, 0.0720977783203125, 0.0, 0.0, 0.0, 0.0, -1.8865727186203003, 326.0
123007, 0.0, 0.0, -19.387033462524414, 0.0, 0.0, 0.1834869384765625, 0.0, 0.0, 0.0, 0.0, -1.8873999118804932, 326.0
123027, 0.0, 0.0, -19.386493682861328, 0.0, 0.0, 0.0255584716796875, 0.0, 0.0, 0.0, 0.0, -1.8875432014465332, 326.0
123047, 0.0, 0.0, -19.393850326538086, 0.0, 0.0, -0.34847259521484375, 0.0, 0.0, 0.0, 0.0, -1.8882482051849365, 326.0
123067, 0.0, 0.0, -19.410198211669922, 0.0, 0.0, -0.774383544921875, 0.0, 0.0, 0.0, 0.0, -1.8882482051849365, 322.0
123107, 0.0, 0.0, -19.43804359436035, 0.0, 0.0, -1.01165771484375, 0.0, 0.0, 0.0, 0.0, -1.8891867399215698, 322.0
123127, 0.0, 0.0, -19.441837310791016, 0.0, 0.0, -0.1796722412109375, 0.0, 0.0, 0.0, 0.0, -1.8880765438079834, 322.0
123147, 0.0, 0.0, -19.442832946777344, 0.0, 0.0, -0.04711151123046875, 0.0, 0.0, 0.0, 0.0, -1.8890217542648315, 322.0
123167, 0.0, 0.0, -19.440521240234375, 0.0, 0.0, 0.1094818115234375, 0.0, 0.0, 0.0, 0.0, -1.8890217542648315, 326.0
123187, 0.0, 0.0, -19.453195571899414, 0.0, 0.0, -0.600433349609375, 0.0, 0.0, 0.0, 0.0, -1.8874787092208862, 326.0
123207, 0.0, 0.0, -19.47021484375, 0.0, 0.0, -0.8062362670898438, 0.0, 0.0, 0.0, 0.0, -1.8859009742736816, 326.0
123227, 0.0, 0.0, -19.476207733154297, 0.0, 0.0, -0.2838134765625, 0.0, 0.0, 0.0, 0.0, -1.8859009742736816, 326.0
123247, 0.0, 0.0, -19.489892959594727, 0.0, 0.0, -0.6483078002929688, 0.0, 0.0, 0.0, 0.0, -1.8855767250061035, 326.0
123267, 0.0, 0.0, -19.50409507751465, 0.0, 0.0, -0.6727218627929688, 0.0, 0.0, 0.0, 0.0, -1.887115240097046, 330.0
123307, 0.0, 0.0, -19.500865936279297, 0.0, 0.0, -0.04024505615234375, 0.0, 0.0, 0.0, 0.0, -1.8879598379135132, 330.0
123327, 0.0, 0.0, -19.493762969970703, 0.0, 0.0, 0.336456298828125, 0.0, 0.0, 0.0, 0.0, -1.8881598711013794, 330.0
123347, 0.0, 0.0, -19.51554298400879, 0.0, 0.0, -1.0316848754882812, 0.0, 0.0, 0.0, 0.0, -1.888354778289795, 330.0
123367, 0.0, 0.0, -19.548246383666992, 0.0, 0.0, -1.5491485595703125, 0.0, 0.0, 0.0, 0.0, -1.888354778289795, 327.0
123387, 0.0, 0.0, -19.58148956298828, 0.0, 0.0, -1.57470703125, 0.0, 0.0, 0.0, 0.0, -1.8883562088012695, 327.0
123407, 0.0, 0.0, -19.60529899597168, 0.0, 0.0, -1.1278152465820312, 0.0, 0.0, 0.0, 0.0, -1.8883562088012695, 327.0
123427, 0.0, 0.0, -19.619911193847656, 0.0, 0.0, -0.6921768188476562, 0.0, 0.0, 0.0, 0.0, -1.8883345127105713, 327.0
123447, 0.0, 0.0, -19.628108978271484, 0.0, 0.0, -0.388336181640625, 0.0, 0.0, 0.0, 0.0, -1.8894295692443848, 327.0
123467, 0.0, 0.0, -19.629554748535156, 0.0, 0.0, -0.06847381591796875, 0.0, 0.0, 0.0, 0.0, -1.8899811506271362, 325.0
123487, 0.0, 0.0, -19.635921478271484, 0.0, 0.0, -0.30155181884765625, 0.0, 0.0, 0.0, 0.0, -1.8900821208953857, 325.0
123507, 0.0, 0.0, -19.621337890625, 0.0, 0.0, 0.6908416748046875, 0.0, 0.0, 0.0, 0.0, -1.8900821208953857, 325.0
123527, 0.0, 0.0, -19.61368179321289, 0.0, 0.0, 0.36258697509765625, 0.0, 0.0, 0.0, 0.0, -1.8922115564346313, 325.0
123547, 0.0, 0.0, -19.6043643951416, 0.0, 0.0, 0.4413604736328125, 0.0, 0.0, 0.0, 0.0, -1.894213318824768, 325.0
123567, 0.0, 0.0, -19.601491928100586, 0.0, 0.0, 0.13599395751953125, 0.0, 0.0, 0.0, 0.0, -1.894213318824768, 326.0
123587, 0.0, 0.0, -19.591373443603516, 0.0, 0.0, 0.47931671142578125, 0.0, 0.0, 0.0, 0.0, -1.8937129974365234, 326.0
123607, 0.0, 0.0, -19.57694435119629, 0.0, 0.0, 0.6834030151367188, 0.0, 0.0, 0.0, 0.0, -1.8957667350769043, 326.0
123627, 0.0, 0.0, -19.572528839111328, 0.0, 0.0, 0.20923614501953125, 0.0, 0.0, 0.0, 0.0, -1.8962831497192383, 326.0
123707, 0.0, 0.0, -19.51556968688965, 0.0, 0.0, 0.6395339965820312, 0.0, 0.0, 0.0, 0.0, -1.8957372903823853, 323.0
123747, 0.0, 0.0, -19.52581024169922, 0.0, 0.0, -0.46176910400390625, 0.0, 0.0, 0.0, 0.0, -1.8955296277999878, 323.0
123767, 0.0, 0.0, -19.53786277770996, 0.0, 0.0, -0.5708694458007812, 0.0, 0.0, 0.0, 0.0, -1.8992197513580322, 326.0
123787, 0.0, 0.0, -19.544509887695312, 0.0, 0.0, -0.31490325927734375, 0.0, 0.0, 0.0, 0.0, -1.8963466882705688, 326.0
123807, 0.0, 0.0, -19.54729652404785, 0.0, 0.0, -0.131988525390625, 0.0, 0.0, 0.0, 0.0, -1.8977192640304565, 326.0
123827, 0.0, 0.0, -19.543838500976562, 0.0, 0.0, 0.16384124755859375, 0.0, 0.0, 0.0, 0.0, -1.8971954584121704, 326.0
123847, 0.0, 0.0, -19.5509090423584, 0.0, 0.0, -0.334930419921875, 0.0, 0.0, 0.0, 0.0, -1.8971954584121704, 326.0
123867, 0.0, 0.0, -19.560791015625, 0.0, 0.0, -0.4680633544921875, 0.0, 0.0, 0.0, 0.0, -1.8971954584121704, 316.0
123887, 0.0, 0.0, -19.568796157836914, 0.0, 0.0, -0.379180908203125, 0.0, 0.0, 0.0, 0.0, -1.8968883752822876, 316.0
123907, 0.0, 0.0, -19.56540870666504, 0.0, 0.0, 0.16040802001953125, 0.0, 0.0, 0.0, 0.0, -1.8968883752822876, 316.0
123927, 0.0, 0.0, -19.56578254699707, 0.0, 0.0, -0.01773834228515625, 0.0, 0.0, 0.0, 0.0, -1.8975257873535156, 316.0
123947, 0.0, 0.0, -19.573877334594727, 0.0, 0.0, -0.3833770751953125, 0.0, 0.0, 0.0, 0.0, -1.8961659669876099, 316.0
123967, 0.0, 0.0, -19.58095359802246, 0.0, 0.0, -0.33512115478515625, 0.0, 0.0, 0.0, 0.0, -1.8961659669876099, 316.0
123987, 0.0, 0.0, -19.582008361816406, 0.0, 0.0, -0.0499725341796875, 0.0, 0.0, 0.0, 0.0, -1.899101972579956, 324.0
124007, 0.0, 0.0, -19.579748153686523, 0.0, 0.0, 0.10700225830078125, 0.0, 0.0, 0.0, 0.0, -1.8974007368087769, 324.0
124027, 0.0, 0.0, -19.573760986328125, 0.0, 0.0, 0.28362274169921875, 0.0, 0.0, 0.0, 0.0, -1.8971344232559204, 324.0
124047, 0.0, 0.0, -19.570470809936523, 0.0, 0.0, 0.15583038330078125, 0.0, 0.0, 0.0, 0.0, -1.8975335359573364, 324.0
124067, 0.0, 0.0, -19.562091827392578, 0.0, 0.0, 0.39691925048828125, 0.0, 0.0, 0.0, 0.0, -1.8974053859710693, 324.0
124087, 0.0, 0.0, -19.56777000427246, 0.0, 0.0, -0.2689361572265625, 0.0, 0.0, 0.0, 0.0, -1.8973227739334106, 324.0
124147, 0.0, 0.0, -19.568157196044922, 0.0, 0.0, -0.11272430419921875, 0.0, 0.0, 0.0, 0.0, -1.8974130153656006, 322.0
124227, 0.0, 0.0, -19.571931838989258, 0.0, 0.0, -0.2227783203125, 0.0, 0.0, 0.0, 0.0, -1.9013997316360474, 322.0
124247, 0.0, 0.0, -19.55963897705078, 0.0, 0.0, 0.5823135375976562, 0.0, 0.0, 0.0, 0.0, -1.9001494646072388, 322.0
124267, 0.0, 0.0, -19.557472229003906, 0.0, 0.0, 0.1026153564453125, 0.0, 0.0, 0.0, 0.0, -1.8992341756820679, 328.0
124287, 0.0, 0.0, -19.552600860595703, 0.0, 0.0, 0.2307891845703125, 0.0, 0.0, 0.0, 0.0, -1.9002734422683716, 328.0
124307, 0.0, 0.0, -19.55696678161621, 0.0, 0.0, -0.206756591796875, 0.0, 0.0, 0.0, 0.0, -1.9002734422683716, 328.0
124327, 0.0, 0.0, -19.559982299804688, 0.0, 0.0, -0.14286041259765625, 0.0, 0.0, 0.0, 0.0, -1.9006938934326172, 328.0
124347, 0.0, 0.0, -19.570737838745117, 0.0, 0.0, -0.5094528198242188, 0.0, 0.0, 0.0, 0.0, -1.9013619422912598, 328.0
124367, 0.0, 0.0, -19.571657180786133, 0.0, 0.0, -0.043487548828125, 0.0, 0.0, 0.0, 0.0, -1.9010872840881348, 332.0
124387, 0.0, 0.0, -19.57396125793457, 0.0, 0.0, -0.109100341796875, 0.0, 0.0, 0.0, 0.0, -1.9020168781280518, 332.0
124407, 0.0, 0.0, -19.57322883605957, 0.0, 0.0, 0.0347137451171875, 0.0, 0.0, 0.0, 0.0, -1.9029573202133179, 332.0
124427, 0.0, 0.0, -19.581466674804688, 0.0, 0.0, -0.3902435302734375, 0.0, 0.0, 0.0, 0.0, -1.9024865627288818, 332.0
124447, 0.0, 0.0, -19.596969604492188, 0.0, 0.0, -0.7343292236328125, 0.0, 0.0, 0.0, 0.0, -1.901410460472107, 332.0
124507, 0.0, 0.0, -19.571426391601562, 0.0, 0.0, 0.89569091796875, 0.0, 0.0, 0.0, 0.0, -1.9053680896759033, 324.0
124527, 0.0, 0.0, -19.558189392089844, 0.0, 0.0, 0.6269454956054688, 0.0, 0.0, 0.0, 0.0, -1.9053654670715332, 324.0
124547, 0.0, 0.0, -19.554738998413086, 0.0, 0.0, 0.16345977783203125, 0.0, 0.0, 0.0, 0.0, -1.9048172235488892, 324.0
124567, 0.0, 0.0, -19.566490173339844, 0.0, 0.0, -0.5565643310546875, 0.0, 0.0, 0.0, 0.0, -1.9055149555206299, 324.0
124587, 0.0, 0.0, -19.583280563354492, 0.0, 0.0, -0.7953643798828125, 0.0, 0.0, 0.0, 0.0, -1.9059172868728638, 324.0
124607, 0.0, 0.0, -19.59272575378418, 0.0, 0.0, -0.4474639892578125, 0.0, 0.0, 0.0, 0.0, -1.9059172868728638, 324.0
124627, 0.0, 0.0, -19.587390899658203, 0.0, 0.0, 0.25272369384765625, 0.0, 0.0, 0.0, 0.0, -1.9056748151779175, 324.0
124647, 0.0, 0.0, -19.58982276916504, 0.0, 0.0, -0.115203857421875, 0.0, 0.0, 0.0, 0.0, -1.9061943292617798, 324.0
124667, 0.0, 0.0, -19.607894897460938, 0.0, 0.0, -0.85601806640625, 0.0, 0.0, 0.0, 0.0, -1.9065526723861694, 328.0
124707, 0.0, 0.0, -19.63056182861328, 0.0, 0.0, 0.18558502197265625, 0.0, 0.0, 0.0, 0.0, -1.9054758548736572, 328.0
124727, 0.0, 0.0, -19.637258529663086, 0.0, 0.0, -0.31719207763671875, 0.0, 0.0, 0.0, 0.0, -1.9060460329055786, 328.0
124747, 0.0, 0.0, -19.64060401916504, 0.0, 0.0, -0.15850067138671875, 0.0, 0.0, 0.0, 0.0, -1.9059087038040161, 328.0
124767, 0.0, 0.0, -19.648508071899414, 0.0, 0.0, -0.37441253662109375, 0.0, 0.0, 0.0, 0.0, -1.906207799911499, 321.0
124787, 0.0, 0.0, -19.649715423583984, 0.0, 0.0, -0.057220458984375, 0.0, 0.0, 0.0, 0.0, -1.906207799911499, 321.0
124807, 0.0, 0.0, -19.655887603759766, 0.0, 0.0, -0.29239654541015625, 0.0, 0.0, 0.0, 0.0, -1.906207799911499, 321.0
124827, 0.0, 0.0, -19.653615951538086, 0.0, 0.0, 0.107574462890625, 0.0, 0.0, 0.0, 0.0, -1.907628059387207, 321.0
124847, 0.0, 0.0, -19.64917755126953, 0.0, 0.0, 0.2101898193359375, 0.0, 0.0, 0.0, 0.0, -1.9077515602111816, 321.0
124867, 0.0, 0.0, -19.656490325927734, 0.0, 0.0, -0.34637451171875, 0.0, 0.0, 0.0, 0.0, -1.9068926572799683, 327.0
124907, 0.0, 0.0, -19.67079734802246, 0.0, 0.0, -0.643157958984375, 0.0, 0.0, 0.0, 0.0, -1.9071274995803833, 327.0
124947, 0.0, 0.0, -19.69914436340332, 0.0, 0.0, -0.20656585693359375, 0.0, 0.0, 0.0, 0.0, -1.9072834253311157, 327.0
124967, 0.0, 0.0, -19.698524475097656, 0.0, 0.0, 0.0293731689453125, 0.0, 0.0, 0.0, 0.0, -1.9077469110488892, 328.0
124987, 0.0, 0.0, -19.686594009399414, 0.0, 0.0, 0.5651473999023438, 0.0, 0.0, 0.0, 0.0, -1.9092168807983398, 328.0
125007, 0.0, 0.0, -19.689395904541016, 0.0, 0.0, -0.13275146484375, 0.0, 0.0, 0.0, 0.0, -1.9092168807983398, 328.0
125027, 0.0, 0.0, -19.694782257080078, 0.0, 0.0, -0.2552032470703125, 0.0, 0.0, 0.0, 0.0, -1.9119925498962402, 328.0
125047, 0.0, 0.0, -19.694990158081055, 0.0, 0.0, -0.009918212890625, 0.0, 0.0, 0.0, 0.0, -1.9119925498962402, 328.0
125067, 0.0, 0.0, -19.696197509765625, 0.0, 0.0, -0.057220458984375, 0.0, 0.0, 0.0, 0.0, -1.9119925498962402, 328.0
125087, 0.0, 0.0, -19.69146156311035, 0.0, 0.0, 0.22430419921875, 0.0, 0.0, 0.0, 0.0, -1.9124391078948975, 328.0
125107, 0.0, 0.0, -19.686065673828125, 0.0, 0.0, 0.255584716796875, 0.0, 0.0, 0.0, 0.0, -1.9124391078948975, 328.0
125147, 0.0, 0.0, -19.688472747802734, 0.0, 0.0, -0.17337799072265625, 0.0, 0.0, 0.0, 0.0, -1.9127522706985474, 328.0
125187, 0.0, 0.0, -19.70410919189453, 0.0, 0.0, -0.1819610595703125, 0.0, 0.0, 0.0, 0.0, -1.9145890474319458, 329.0
125207, 0.0, 0.0, -19.69683074951172, 0.0, 0.0, 0.3448486328125, 0.0, 0.0, 0.0, 0.0, -1.9145890474319458, 329.0
125247, 0.0, 0.0, -19.69205093383789, 0.0, 0.0, 0.29163360595703125, 0.0, 0.0, 0.0, 0.0, -1.9156934022903442, 329.0
125267, 0.0, 0.0, -19.70212745666504, 0.0, 0.0, -0.4772186279296875, 0.0, 0.0, 0.0, 0.0, -1.915819764137268, 323.0
125307, 0.0, 0.0, -19.704113006591797, 0.0, 0.0, 0.243377685546875, 0.0, 0.0, 0.0, 0.0, -1.916751742362976, 323.0
125327, 0.0, 0.0, -19.69735336303711, 0.0, 0.0, 0.32024383544921875, 0.0, 0.0, 0.0, 0.0, -1.916751742362976, 323.0
125367, 0.0, 0.0, -19.692834854125977, 0.0, 0.0, -0.0946044921875, 0.0, 0.0, 0.0, 0.0, -1.9173128604888916, 329.0
125407, 0.0, 0.0, -19.695859909057617, 0.0, 0.0, -0.09136199951171875, 0.0, 0.0, 0.0, 0.0, -1.9161831140518188, 329.0
125427, 0.0, 0.0, -19.68183708190918, 0.0, 0.0, 0.6643295288085938, 0.0, 0.0, 0.0, 0.0, -1.9167495965957642, 329.0
125447, 0.0, 0.0, -19.673595428466797, 0.0, 0.0, 0.39043426513671875, 0.0, 0.0, 0.0, 0.0, -1.9157449007034302, 329.0
125467, 0.0, 0.0, -19.65445327758789, 0.0, 0.0, 0.9067535400390625, 0.0, 0.0, 0.0, 0.0, -1.915314793586731, 326.0
125487, 0.0, 0.0, -19.657127380371094, 0.0, 0.0, -0.12664794921875, 0.0, 0.0, 0.0, 0.0, -1.9157721996307373, 326.0
125507, 0.0, 0.0, -19.646827697753906, 0.0, 0.0, 0.4878997802734375, 0.0, 0.0, 0.0, 0.0, -1.9155391454696655, 326.0
125527, 0.0, 0.0, -19.648874282836914, 0.0, 0.0, -0.096893310546875, 0.0, 0.0, 0.0, 0.0, -1.9180330038070679, 326.0
125547, 0.0, 0.0, -19.65312957763672, 0.0, 0.0, -0.20160675048828125, 0.0, 0.0, 0.0, 0.0, -1.9171473979949951, 326.0
125607, 0.0, 0.0, -19.72452735900879, 0.0, 0.0, -1.10931396484375, 0.0, 0.0, 0.0, 0.0, -1.9211887121200562, 322.0
125647, 0.0, 0.0, -19.754188537597656, 0.0, 0.0, -0.5064010620117188, 0.0, 0.0, 0.0, 0.0, -1.9230858087539673, 322.0
125687, 0.0, 0.0, -19.753957748413086, 0.0, 0.0, 0.3719329833984375, 0.0, 0.0, 0.0, 0.0, -1.9268187284469604, 333.0
125707, 0.0, 0.0, -19.75227165222168, 0.0, 0.0, 0.07991790771484375, 0.0, 0.0, 0.0, 0.0, -1.9271094799041748, 333.0
125747, 0.0, 0.0, -19.769617080688477, 0.0, 0.0, -0.51727294921875, 0.0, 0.0, 0.0, 0.0, -1.9289989471435547, 333.0
125767, 0.0, 0.0, -19.770671844482422, 0.0, 0.0, -0.0499725341796875, 0.0, 0.0, 0.0, 0.0, -1.9293136596679688, 321.0
125787, 0.0, 0.0, -19.772045135498047, 0.0, 0.0, -0.06504058837890625, 0.0, 0.0, 0.0, 0.0, -1.9295367002487183, 321.0
125807, 0.0, 0.0, -19.766403198242188, 0.0, 0.0, 0.26721954345703125, 0.0, 0.0, 0.0, 0.0, -1.9302598237991333, 321.0
125827, 0.0, 0.0, -19.759756088256836, 0.0, 0.0, 0.31490325927734375, 0.0, 0.0, 0.0, 0.0, -1.928675651550293, 321.0
125847, 0.0, 0.0, -19.764760971069336, 0.0, 0.0, -0.23708343505859375, 0.0, 0.0, 0.0, 0.0, -1.930193543434143, 321.0
125867, 0.0, 0.0, -19.77452850341797, 0.0, 0.0, -0.4627227783203125, 0.0, 0.0, 0.0, 0.0, -1.9309720993041992, 321.0
125887, 0.0, 0.0, -19.778804779052734, 0.0, 0.0, -0.2025604248046875, 0.0, 0.0, 0.0, 0.0, -1.9324207305908203, 329.0
125907, 0.0, 0.0, -19.774995803833008, 0.0, 0.0, 0.1804351806640625, 0.0, 0.0, 0.0, 0.0, -1.934029459953308, 329.0
125927, 0.0, 0.0, -19.770872116088867, 0.0, 0.0, 0.1953125, 0.0, 0.0, 0.0, 0.0, -1.9336870908737183, 329.0
125947, 0.0, 0.0, -19.768569946289062, 0.0, 0.0, 0.109100341796875, 0.0, 0.0, 0.0, 0.0, -1.9336870908737183, 329.0
125967, 0.0, 0.0, -19.76722526550293, 0.0, 0.0, 0.0637054443359375, 0.0, 0.0, 0.0, 0.0, -1.936203122138977, 329.0
125987, 0.0, 0.0, -19.76509666442871, 0.0, 0.0, 0.10089874267578125, 0.0, 0.0, 0.0, 0.0, -1.9370791912078857, 314.0
126007, 0.0, 0.0, -19.76441192626953, 0.0, 0.0, 0.0324249267578125, 0.0, 0.0, 0.0, 0.0, -1.9370791912078857, 314.0
126027, 0.0, 0.0, -19.77060890197754, 0.0, 0.0, -0.29354095458984375, 0.0, 0.0, 0.0, 0.0, -1.9370791912078857, 314.0
126047, 0.0, 0.0, -19.770954132080078, 0.0, 0.0, -0.0164031982421875, 0.0, 0.0, 0.0, 0.0, -1.9366408586502075, 314.0
126087, 0.0, 0.0, -19.767053604125977, 0.0, 0.0, 0.0011444091796875, 0.0, 0.0, 0.0, 0.0, -1.9389066696166992, 32766.0
126147, 0.0, 0.0, -19.74707794189453, 0.0, 0.0, 0.356292724609375, 0.0, 0.0, 0.0, 0.0, -1.9412624835968018, 32766.0
126207, 0.0, 0.0, -19.746042251586914, 0.0, 0.0, -0.4146575927734375, 0.0, 0.0, 0.0, 0.0, -1.9411559104919434, 326.0
126227, 0.0, 0.0, -19.747419357299805, 0.0, 0.0, -0.0652313232421875, 0.0, 0.0, 0.0, 0.0, -1.9411559104919434, 326.0
126247, 0.0, 0.0, -19.760482788085938, 0.0, 0.0, -0.618743896484375, 0.0, 0.0, 0.0, 0.0, -1.9411559104919434, 326.0
126267, 0.0, 0.0, -19.77106475830078, 0.0, 0.0, -0.501251220703125, 0.0, 0.0, 0.0, 0.0, -1.9411559104919434, 322.0
126287, 0.0, 0.0, -19.778076171875, 0.0, 0.0, -0.33206939697265625, 0.0, 0.0, 0.0, 0.0, -1.9436110258102417, 322.0
126307, 0.0, 0.0, -19.780637741088867, 0.0, 0.0, -0.121307373046875, 0.0, 0.0, 0.0, 0.0, -1.9441677331924438, 322.0
126367, 0.0, 0.0, -19.805564880371094, 0.0, 0.0, -0.0873565673828125, 0.0, 0.0, 0.0, 0.0, -1.9445515871047974, 323.0
126387, 0.0, 0.0, -19.811735153198242, 0.0, 0.0, -0.292205810546875, 0.0, 0.0, 0.0, 0.0, -1.944482684135437, 323.0
126407, 0.0, 0.0, -19.816213607788086, 0.0, 0.0, -0.21209716796875, 0.0, 0.0, 0.0, 0.0, -1.944482684135437, 323.0
126427, 0.0, 0.0, -19.81308937072754, 0.0, 0.0, 0.14801025390625, 0.0, 0.0, 0.0, 0.0, -1.9454489946365356, 323.0
126447, 0.0, 0.0, -19.801206588745117, 0.0, 0.0, 0.5628585815429688, 0.0, 0.0, 0.0, 0.0, -1.9454489946365356, 323.0
126487, 0.0, 0.0, -19.788312911987305, 0.0, 0.0, -0.06656646728515625, 0.0, 0.0, 0.0, 0.0, -1.9463258981704712, 318.0
126507, 0.0, 0.0, -19.78061866760254, 0.0, 0.0, 0.36449432373046875, 0.0, 0.0, 0.0, 0.0, -1.9463258981704712, 318.0
126587, 0.0, 0.0, -19.737329483032227, 0.0, 0.0, 0.09613037109375, 0.0, 0.0, 0.0, 0.0, -1.9488710165023804, 320.0
126607, 0.0, 0.0, -19.730491638183594, 0.0, 0.0, 0.3238677978515625, 0.0, 0.0, 0.0, 0.0, -1.951136827468872, 320.0
126627, 0.0, 0.0, -19.733264923095703, 0.0, 0.0, -0.13141632080078125, 0.0, 0.0, 0.0, 0.0, -1.9520295858383179, 320.0
126647, 0.0, 0.0, -19.716291427612305, 0.0, 0.0, 0.8039474487304688, 0.0, 0.0, 0.0, 0.0, -1.952012300491333, 320.0
126667, 0.0, 0.0, -19.719165802001953, 0.0, 0.0, -0.1361846923828125, 0.0, 0.0, 0.0, 0.0, -1.953744888305664, 325.0
126687, 0.0, 0.0, -19.70539093017578, 0.0, 0.0, 0.6525039672851562, 0.0, 0.0, 0.0, 0.0, -1.9560095071792603, 325.0
126707, 0.0, 0.0, -19.694751739501953, 0.0, 0.0, 0.5039215087890625, 0.0, 0.0, 0.0, 0.0, -1.9552758932113647, 325.0
126727, 0.0, 0.0, -19.699119567871094, 0.0, 0.0, -0.20694732666015625, 0.0, 0.0, 0.0, 0.0, -1.9553896188735962, 325.0
126747, 0.0, 0.0, -19.710451126098633, 0.0, 0.0, -0.5367279052734375, 0.0, 0.0, 0.0, 0.0, -1.9553896188735962, 325.0
126787, 0.0, 0.0, -19.739234924316406, 0.0, 0.0, -0.8548736572265625, 0.0, 0.0, 0.0, 0.0, -1.9575762748718262, 323.0
126807, 0.0, 0.0, -19.74346351623535, 0.0, 0.0, -0.2002716064453125, 0.0, 0.0, 0.0, 0.0, -1.9577481746673584, 323.0
126847, 0.0, 0.0, -19.749767303466797, 0.0, 0.0, 0.35572052001953125, 0.0, 0.0, 0.0, 0.0, -1.9589885473251343, 323.0
126867, 0.0, 0.0, -19.74056625366211, 0.0, 0.0, 0.43582916259765625, 0.0, 0.0, 0.0, 0.0, -1.9598286151885986, 324.0
126887, 0.0, 0.0, -19.724802017211914, 0.0, 0.0, 0.7467269897460938, 0.0, 0.0, 0.0, 0.0, -1.9593957662582397, 324.0
126907, 0.0, 0.0, -19.716188430786133, 0.0, 0.0, 0.40798187255859375, 0.0, 0.0, 0.0, 0.0, -1.9599689245224, 324.0
126987, 0.0, 0.0, -19.700410842895508, 0.0, 0.0, 0.20236968994140625, 0.0, 0.0, 0.0, 0.0, -1.9644476175308228, 324.0
127087, 0.0, 0.0, -19.748817443847656, 0.0, 0.0, -0.9609222412109375, 0.0, 0.0, 0.0, 0.0, -1.9671553373336792, 321.0
127107, 0.0, 0.0, -19.75486183166504, 0.0, 0.0, -0.28629302978515625, 0.0, 0.0, 0.0, 0.0, -1.9676158428192139, 321.0
127127, 0.0, 0.0, -19.743654251098633, 0.0, 0.0, 0.5308151245117188, 0.0, 0.0, 0.0, 0.0, -1.9697831869125366, 321.0
127147, 0.0, 0.0, -19.745485305786133, 0.0, 0.0, -0.08678436279296875, 0.0, 0.0, 0.0, 0.0, -1.9697831869125366, 321.0
127427, 0.0, 0.0, -19.817251205444336, 0.0, 0.0, -0.200653076171875, 0.0, 0.0, 0.0, 0.0, -1.9773750305175781, 331.0
127447, 0.0, 0.0, -19.816526412963867, 0.0, 0.0, 0.034332275390625, 0.0, 0.0, 0.0, 0.0, -1.9773750305175781, 331.0
127467, 0.0, 0.0, -19.808147430419922, 0.0, 0.0, 0.39691925048828125, 0.0, 0.0, 0.0, 0.0, -1.9796723127365112, 323.0
127547, 0.0, 0.0, -19.761001586914062, 0.0, 0.0, 1.1186599731445312, 0.0, 0.0, 0.0, 0.0, -1.9828885793685913, 323.0
127567, 0.0, 0.0, -19.748626708984375, 0.0, 0.0, 0.5861282348632812, 0.0, 0.0, 0.0, 0.0, -1.9837448596954346, 321.0
127587, 0.0, 0.0, -19.732370376586914, 0.0, 0.0, 0.7699966430664062, 0.0, 0.0, 0.0, 0.0, -1.9833178520202637, 321.0
127607, 0.0, 0.0, -19.719202041625977, 0.0, 0.0, 0.6237030029296875, 0.0, 0.0, 0.0, 0.0, -1.9833695888519287, 321.0
127627, 0.0, 0.0, -19.73139190673828, 0.0, 0.0, -0.5773544311523438, 0.0, 0.0, 0.0, 0.0, -1.9838498830795288, 321.0
127647, 0.0, 0.0, -19.729318618774414, 0.0, 0.0, 0.09822845458984375, 0.0, 0.0, 0.0, 0.0, -1.9838498830795288, 321.0
127687, 0.0, 0.0, -19.75050163269043, 0.0, 0.0, -0.5170822143554688, 0.0, 0.0, 0.0, 0.0, -1.9838498830795288, 327.0
127707, 0.0, 0.0, -19.75102996826172, 0.0, 0.0, -0.02498626708984375, 0.0, 0.0, 0.0, 0.0, -1.9847571849822998, 327.0
127727, 0.0, 0.0, -19.76184844970703, 0.0, 0.0, -0.5125045776367188, 0.0, 0.0, 0.0, 0.0, -1.9845664501190186, 327.0
127827, 0.0, 0.0, -19.75690269470215, 0.0, 0.0, -0.29392242431640625, 0.0, 0.0, 0.0, 0.0, -1.98618483543396, 325.0
127847, 0.0, 0.0, -19.762969970703125, 0.0, 0.0, -0.28743743896484375, 0.0, 0.0, 0.0, 0.0, -1.9855942726135254, 325.0
127867, 0.0, 0.0, -19.755416870117188, 0.0, 0.0, 0.357818603515625, 0.0, 0.0, 0.0, 0.0, -1.9855942726135254, 329.0
127887, 0.0, 0.0, -19.75916862487793, 0.0, 0.0, -0.177764892578125, 0.0, 0.0, 0.0, 0.0, -1.9878640174865723, 329.0
127907, 0.0, 0.0