whisker1_1,whisker1_2,whisker1_3,whisker2_1,whisker2_2,whisker2_3,WhiskerGT1,WhiskerGT2
-3.7834979593753815e-10,-2.764863893389702e-10,-3.7834979593753815e-10,-5.820766091346741e-11,-2.9103830456733704e-11,-5.820766091346741e-11,0.0,0.0
-0.3063451779598836,0.35366679009166546,-3.7834979593753815e-10,1.6927456197154243,-1.6509797627513763,0.3906336045183707,0.0,0.0
-0.5114728052576538,-0.473010183457518,-3.7834979593753815e-10,2.68959053728031,-2.431811453832779,0.6416521607898176,0.0,0.0
-0.6478437087207567,-1.143497007273254,0.30634517717408016,2.7941548444214277,-2.036910481780069,2.66058924086974,0.0,0.0
-0.4311727590393275,-0.5274456191982608,0.2076182381133549,4.971800205734326,-1.9631456922215875,5.122237696923548,0.0,0.0
0.02233080376754515,-0.9418938290036749,-0.776015702955192,6.33801108651096,-2.3829568518558517,7.362895778642269,0.0,0.0
-0.2853133181342855,-0.7420096884452505,-1.435318849660689,5.105539181473432,-2.9832295962551143,9.916352388710948,0.0,0.0
-0.18503710514050908,-0.7209626989933895,-1.5679536030220333,3.6340363128110766,-2.463623789662961,11.354416430636775,0.0,0.0
-0.11697810314944945,-1.535110451935907,-1.348310684086755,4.500016469886759,-2.86825396399945,12.642467050609412,0.0,0.0
-0.6835033635725267,-0.42293907249404583,-1.8089037403697148,7.187683148426004,-1.8657349039858673,13.934996429336024,0.0,0.0
-1.0624717297032475,1.3901777903083712,-2.4168485080299433,9.040751895372523,-0.6224472266039811,14.225035262934398,0.0,0.0
-1.6178915640339255,2.012824337260099,-2.2054383577487897,9.271672930801287,0.23054128143121488,15.302619272610173,0.0,0.0
-1.9863935298926663,1.948338745860383,-2.3624782145780046,10.492138738714857,1.277409238187829,17.298037417669548,0.0,0.0
-2.2279558791487943,1.5450416618259624,-2.766908424877329,12.918179390951991,2.229919897625223,18.789474394754507,0.0,0.0
-2.076993715541903,0.32231882952328306,-2.723796666774433,14.654922761459602,2.261783535039285,19.7270248165878,0.0,0.0
-1.9687695377215277,-1.2099426208005752,-2.686061423359206,15.313130033755442,1.764456309232628,20.70616960906773,0.0,0.0
-2.8061913068813737,-1.5221669650345575,-2.9584096227772534,17.223137180146296,2.086313493695343,23.05708833123208,0.0,0.0
-3.3606161256320775,-1.257873260852648,-2.5219645960605703,19.448202648811275,3.046112857904518,24.59742885560263,0.0,0.0
-3.4165181447169743,-1.3151233755197609,-2.2202410637692083,20.67380479790154,4.903396474226611,24.829867134714732,0.0,0.0
-3.7495245519676246,-0.9945143462828128,-2.313979903701693,22.137341240479145,6.090239411161747,23.51322767516831,0.0,0.0
-3.657700152893085,-1.1292875988874584,-2.063286184275057,22.439585841202643,6.689115480519831,24.028656226815656,0.0,0.0
-3.2778527007612865,-2.0469627632410266,-1.8880064144323114,22.550677192164585,5.456402210489614,25.4618072451849,0.0,0.0
-3.6219852628128137,-2.187089935716358,-2.0703721886093263,23.051282278756844,3.634170359262498,25.016840565484017,0.0,0.0
-3.8419098772574216,-0.7351604786672397,-2.7991230686893687,23.287394760147436,4.017562358145369,25.60337173944572,0.0,0.0
-3.9775623744062614,0.12201579063548706,-2.6702568775508553,22.561429672758095,4.994734886306105,25.98338624072494,0.0,0.0
-4.362426898587728,-0.9566770670935512,-2.2686523512529675,21.548567272664513,6.452107292541768,28.45207147533074,0.0,0.0
-4.607382963091368,-2.1500824883114547,-2.907726325240219,21.111739568645135,7.329383874865016,30.511621349141933,0.0,0.0
-4.45107818316319,-3.3010284660122124,-3.0220318919455167,22.233891611278523,7.357190636743326,29.93519139441196,0.0,0.0
-4.3316506962582935,-3.2341880336753093,-2.782906232168898,24.878944195457734,9.577908231003676,31.549271663156105,0.0,0.0
-4.543762236338807,-1.9995479315839475,-2.613103131792741,26.012827838974772,10.814508114301134,32.828541440714616,0.0,0.0
-4.67190869449405,-0.691746483251336,-2.184139372431673,25.449004012189107,11.316228779498488,34.54178021964617,0.0,0.0
-5.04949780984316,0.1903610791923711,-2.5012223102967255,24.082988761743763,11.896126391511643,37.00025239770184,0.0,0.0
-4.981011773459613,1.021087498331326,-3.3192302306124475,23.507830945774913,11.286990030290326,36.90523784761899,0.0,0.0
-4.918970450904453,0.7461099856445799,-3.8589491287712008,24.24325017357478,11.987835064617684,36.3145778918406,0.0,0.0
-4.861463978915708,1.0294390300405212,-3.903359859366901,24.70734928926686,12.692543395562097,35.68170935061062,0.0,0.0
-4.500847687391797,2.5181082543276716,-3.9207294380757958,25.111220992839662,11.48739280301379,34.54472857067594,0.0,0.0
-5.160344556410564,1.9724187959509436,-4.2261952028784435,26.4683552030765,10.739369650342269,33.4819459762366,0.0,0.0
-5.893861531134462,1.7209966724622063,-4.111823112529237,26.831417501263786,9.945601320156129,32.8734139384469,0.0,0.0
-6.064628712454578,1.3134517003054498,-4.021695286035538,27.625516907894053,10.082094005891122,35.02865335383103,0.0,0.0
-5.5473939954245,1.272898739844095,-3.9481678865558933,28.601391001750017,12.162285158759914,37.289084395888494,0.0,0.0
-3.9587286437745206,2.182986127969343,-3.8860449271451216,28.81248750805389,13.97401073135552,36.8546647343901,0.0,0.0
-3.7937299240147695,1.9576789698621724,-4.444484345527599,29.876734293269692,14.994008578622015,37.305283680936554,0.0,0.0
-4.280759646120714,1.6840043559786864,-4.805958841461688,29.523711575602647,14.324149572494207,40.10359386718483,0.0,0.0
-3.984514586481964,1.1345852654776536,-5.646446927275974,30.333178451866843,15.054886930360226,42.05891351934406,0.0,0.0
-4.385120754537638,-0.18637846666388214,-6.806522284488892,30.98481750988867,17.288129795138957,42.72196423087735,0.0,0.0
-4.9469402632676065,-0.1280950406944612,-6.9525177061441354,29.171810941887088,17.591450779058505,43.61488328393898,0.0,0.0
-5.00273337168619,1.2128730144177098,-6.722116065968294,29.5139562394761,17.090019078808837,42.21049198770197,0.0,0.0
-5.024237607198302,1.9953775090398267,-6.5455575806845445,30.353462529892568,17.333122048788937,39.70745402754983,0.0,0.0
-5.328948501148261,2.039745779664372,-6.405790700548096,30.933618222537916,16.618452910130145,40.15117090145941,0.0,0.0
-5.820734022447141,1.8252061862440314,-6.597570382960839,31.943996480229544,16.83078009003657,42.61148965853499,0.0,0.0
-6.132952894869959,2.5056328270147787,-7.011800393258454,31.835853601776762,18.31797310805996,45.971768736926606,0.0,0.0
-6.3233584447880276,2.6004822887771297,-7.574367700028233,30.780776965169935,19.25342290473054,46.063294290885096,0.0,0.0
-6.431197591125965,3.126688269592705,-8.2349335453182,30.68839407831547,21.07949590103817,44.70240687576006,0.0,0.0
-6.17928576702252,4.0634649839339545,-7.733935156225925,32.04771780435112,23.28743856048095,45.534649004112,0.0,0.0
-6.904049248230876,3.8500876250036526,-7.065730823873309,32.377998620591825,24.35067084399634,45.033313885272946,0.0,0.0
-7.06319886885467,4.164913284097565,-6.899862017453415,33.17578201714787,22.92991346740746,46.308696297201095,0.0,0.0
-6.5374380988650955,3.892654608556768,-6.766151644289494,33.39543722762028,20.003540630685166,47.07829319618759,0.0,0.0
-6.7729532221273985,3.697002898043138,-6.960851218813332,33.05232768764836,17.67430837993743,45.27696568914689,0.0,0.0
-6.909701226919424,4.732823910191655,-6.763191089266911,34.00579189209384,15.763491916819476,45.33261360958568,0.0,0.0
-6.675705747620668,6.356008302827831,-6.302184315631166,34.31749121527537,15.66256185452221,46.39652697654674,0.0,0.0
-6.80322324228473,6.719139438748243,-6.584510598622728,34.20303490923834,16.85295184527058,46.933327582344646,0.0,0.0
-7.781267595360987,6.116282524119015,-7.0597023383306805,34.59721893421374,17.641011022642488,45.828966558212414,0.0,0.0
-8.718213239480974,7.821795172741986,-7.356786077725701,35.14026142677176,18.72148843834293,45.82563859311631,0.0,0.0
-8.710450455750106,8.468491262610769,-7.5330863824056,35.07900696643628,18.820911324582994,48.916204670618754,0.0,0.0
-8.067111460870365,7.814202601948637,-7.627558399864938,34.41171049323748,18.8716534236155,49.07146843514056,0.0,0.0
-7.608417547802674,8.179571131098783,-7.973018637276255,35.43908095540246,19.066825430840254,48.29152212108602,0.0,0.0
-7.885622920817696,8.039283241290832,-8.179891728213988,35.298161531303776,19.739925475383643,49.1641313926375,0.0,0.0
-8.353199323260924,8.981377647156478,-7.986515009455616,34.30588019563584,21.567882828472648,50.417544457508484,0.0,0.0
-8.337159311631694,9.110728536863462,-7.8308146225172095,36.60327860884718,22.122745084867347,51.51222279324429,0.0,0.0
-8.29964750513318,9.761322148071486,-8.313652286829893,39.81515870784642,20.49888705665944,50.23713839708944,0.0,0.0
-8.247809669293929,12.060622492819675,-8.918206562259002,41.83818665103172,20.42642441895441,49.01584030725644,0.0,0.0
-8.796699142752914,12.267596951991436,-8.683678845292889,41.700564940983895,20.731359858589713,48.116929752752185,0.0,0.0
-8.831454673898406,12.95407171381521,-8.191712468484184,39.634606457839254,20.402584963914705,46.65839667941327,0.0,0.0
-8.520188813534332,14.200053486114484,-7.834462916478515,38.77813119563507,20.33123019876075,46.04983781906776,0.0,0.0
-8.589807241834933,14.877027995578828,-7.568995986046502,37.937176483887015,20.6380193780642,46.967831699003,0.0,0.0
-7.998917083401466,15.046964050547103,-7.978821685508592,36.45301008905517,21.756171668850584,48.66762126603862,0.0,0.0
-7.879583942500176,14.642347175482428,-8.228981346823275,36.44004105820204,21.279201975936303,49.203009741555434,0.0,0.0
-7.774042880744673,15.623291657146183,-8.677260916418163,38.05339111527428,21.665534778352594,49.26728250042652,0.0,0.0
-7.678119400632568,16.588112852856284,-9.257399117050227,39.92577593278838,23.38617208818323,49.690725188847864,0.0,0.0
-8.19917381493724,17.423180668905843,-9.005357141810236,40.37558084158809,23.952426000178093,50.553035305812955,0.0,0.0
-8.219607522943988,17.574263127637096,-9.11326654534787,39.79814283779706,24.812910185719375,51.5989790923486,0.0,0.0
-8.207012029684847,16.08038949042384,-9.156660696404288,38.948362573748454,26.732833866175497,53.418497371982085,0.0,0.0
-8.172234813391697,15.378684784969664,-8.850164646370104,39.41188303151284,27.10729654855095,54.850538632046664,0.0,0.0
-8.428990340733435,15.210956006907509,-9.228279835428111,39.24793789620162,25.66251370619284,55.528023616469,0.0,0.0
-9.184921168052824,13.86382678366499,-9.453100189071847,39.33863178937463,22.479188407218317,56.993484366714256,0.0,0.0
-9.053875604935456,11.971592728659743,-8.961372682941146,40.10837324289605,20.72388045300613,56.58643375165411,0.0,0.0
-8.630345702229533,12.432196807771106,-8.601817131391726,41.524676909903064,21.159728789003566,56.01517471452826,0.0,0.0
-9.23427943122806,15.299954928006628,-8.945029755064752,43.6200370156148,21.579804507811787,57.92287860676879,0.0,0.0
-9.917356749036117,16.471772147982847,-9.147275414637988,44.867244935943745,23.3235413528746,58.000606943824096,0.0,0.0
-10.34514758203295,15.551124906764016,-8.028649418003624,45.45368962007342,24.188189092557877,57.54558292441652,0.0,0.0
-10.599810285144486,15.235538638924481,-7.556650222133612,43.819553468812956,25.344347998208832,58.130481094209244,0.0,0.0
-10.4308307961619,15.800020457420032,-8.133905482914997,44.19353151138057,25.41477517056046,57.9173891855753,0.0,0.0
-9.977365843747975,17.54632428997138,-8.496214942686493,45.27045255841222,24.103099557105452,57.78158525394974,0.0,0.0
-9.946642373513896,17.363660632749088,-9.019092579605058,44.047926639876096,23.344609326741192,55.742347797960974,0.0,0.0
-10.506783580727642,16.831448062235722,-10.258524654665962,42.24404422575026,22.853958295483608,54.621472781611374,0.0,0.0
-10.849973759031855,19.735679826917476,-10.753193111508153,39.385802476492245,23.706485720991623,55.97717591654509,0.0,0.0
-10.739753915462643,21.510585812924546,-9.828653310076334,38.52724172922899,25.63432067760732,56.20070956781274,0.0,0.0
-10.63117762946058,22.038058180594817,-9.175121489621233,39.86217828473309,26.412705646071117,57.93354389775777,0.0,0.0
-10.52405511130928,21.96241840007133,-8.70601872826228,39.749718094506534,26.326417639356805,58.862230723461835,0.0,0.0
-10.722108577319887,21.72408097438165,-8.36250352836214,38.33019057373167,27.399951643892564,57.78445651518996,0.0,0.0
-10.210795793420402,22.67838856417802,-8.714784495707136,38.81880299738259,26.723678487876896,58.531401436863234,0.0,0.0
-9.530204352951841,22.89409840031294,-9.53406901442213,39.16230387147516,25.681702231726376,59.88878287668922,0.0,0.0
-9.345612391509349,23.081667557387846,-10.361073824256891,38.83186894361279,25.363533437921433,59.97613385959994,0.0,0.0
-9.495321146707283,23.8424679463933,-11.190622358495602,39.24110899772495,24.4688592509483,58.54091255998355,0.0,0.0
-10.178303851687815,24.986500756058376,-11.406533308443613,40.70447189302649,23.80204823447275,59.369256703328574,0.0,0.0
-10.605194710224168,24.96132199643762,-10.905041525868,40.09363555803429,24.06616525174468,59.48260452051181,0.0,0.0
-11.162273041176377,25.457147709603305,-10.53268722112989,36.953310632001376,25.678354798816144,57.17105416132836,0.0,0.0
-11.197447143873433,27.958173285034718,-9.942064977978589,37.42044145002728,26.040814217180014,56.06139662521309,0.0,0.0
-11.185225221182918,29.197595670935698,-9.20897529265494,39.1545642283163,24.809650118433638,56.3263695956266,0.0,0.0
-11.141154359851498,29.467178751670872,-9.602782315894729,38.82529208986671,24.48365006421227,56.91293316043448,0.0,0.0
-10.465596990543418,28.961348708806327,-9.836959899956128,38.84473750711186,23.518121980829164,56.14047257049242,0.0,0.0
-10.587739262526156,29.1147452382138,-9.656642882502638,38.88088449725183,24.61460193322273,53.4976608758152,0.0,0.0
-11.246183459152235,27.469628578881384,-10.42092134791892,39.409069012035616,25.71105511620408,53.48002356002689,0.0,0.0
-11.34679711269564,24.619742341295932,-10.291530784917995,40.37584573874483,25.455526186240604,55.27154311025515,0.0,0.0
-11.378124350012513,24.63210830341268,-9.558802584739169,40.136736842337996,26.814346355793532,56.778759843611624,0.0,0.0
-11.362735192204127,24.561483798825066,-9.645386463933391,41.76954501523869,26.43245153868338,56.21732123201946,0.0,0.0
-11.012109936360503,26.091505992459133,-9.979072540794732,43.03816483350238,26.3604809739918,55.274236132449005,0.0,0.0
-10.740915684553329,26.682373252158868,-10.477939863194479,41.967563828773564,26.38900746201398,54.78538622986525,0.0,0.0
-10.524031878565438,25.808863292375463,-10.473652154789306,41.94858201444731,25.500239974237047,54.09104602067964,0.0,0.0
-10.344383311807178,27.26418551997631,-10.437199989857618,42.615600711869774,26.058386984455865,54.16719278934761,0.0,0.0
-9.884017248288728,28.98158588829392,-10.379224362579407,42.24220431866706,25.8321652894374,54.17178723265533,0.0,0.0
-9.542604700021911,29.812544166023144,-10.306953529274324,41.98097310043522,26.43425992372795,54.31376090995036,0.0,0.0
-9.892518184991786,28.858908923182753,-10.83798684089561,40.70787663914962,27.883322892856086,54.246684464334976,0.0,0.0
-10.402580730471527,27.885712216972024,-10.854186525277328,39.30113401164999,27.26527917571366,53.74385901121423,0.0,0.0
-11.018757059442578,27.490257808822207,-10.523953539464856,40.270593872788595,25.942974045698065,54.34009273548145,0.0,0.0
-11.09166172237019,29.146014265992562,-10.574388921959326,40.30473856063327,24.769992454210296,54.56753778998973,0.0,0.0
-11.409018572914647,30.88015840589651,-10.880776848265668,40.84666900910088,23.426109654014,52.713234602531884,0.0,0.0
-12.196171250368934,30.525784957790165,-11.358388033608207,41.623592206073226,23.713455633551348,54.02922965094331,0.0,0.0
-12.382826102286344,31.375059761106968,-11.336977387429215,41.42478696021135,24.109251353365835,53.44403725830489,0.0,0.0
-12.775066743139178,36.21442995518737,-11.28623798469198,41.982787510962225,23.30852619750658,52.518288579798536,0.0,0.0
-13.301878059573937,44.30937071470544,-11.82861912707449,41.36865659052273,22.896305394155206,53.545093289692886,5.184414923000844,6.815585076999156
-13.613685742864618,50.56008119696344,-12.46196908885031,40.95777724761865,21.016087855939986,52.10812681823154,5.161905548435328,6.838094451564672
-14.086184548825258,56.61344894141075,-12.848147969663842,41.47096844180487,20.97854769026162,52.02150415588403,5.132848167979233,6.867151832020767
-14.052591872605262,63.33405465474061,-12.760446961241541,39.745211436384125,23.695186511875363,52.70417086002999,5.106657773096913,6.893342226903087
-13.984953012084588,68.36252971869544,-12.660545184888178,38.0536391424248,26.843123294762336,52.5260429084592,5.072550142639301,6.927449857360699
-13.284424867655616,73.54274665607954,-12.859100072004367,37.28157855392783,31.11308181952336,51.78667983991909,17.045799345897308,18.954200654102692
-12.464187683275668,79.15091250254773,-12.951475467096316,34.85526304790983,34.980807525804266,50.47995354779414,17.025088073791977,18.974911926208023
-12.17872926031123,84.32045024467516,-13.278462278627558,32.15881247370271,37.379816606029635,50.10969460621709,17.004797557952827,18.995202442047173
-12.253985577495769,90.83954804376117,-12.843212459381903,29.708176678803284,37.16768158195191,49.66387499452685,16.98660715495103,19.01339284504897
-12.87554462760454,97.77003161642642,-12.202868943742942,28.447394673130475,36.48497632180806,48.390166635625064,16.971229669571443,19.028770330428557
-12.642265340138692,102.47443557222141,-12.345625908637885,27.980261330929352,39.26624175425968,46.685564227373106,28.95796344793797,31.04203655206203
-12.444797068048501,107.0832106496091,-12.095760861673625,27.038146340753883,40.33833809636417,46.97207365534268,28.946410765410803,31.053589234589197
-12.88225511208293,112.08360117579286,-11.582540002942551,26.40564012801042,39.89098023995757,46.302913037798135,28.942585443494693,31.057414556505307
-13.135290659382008,116.74490622716257,-11.812813375727274,25.074235265958123,42.32154666588758,44.23498093034141,28.944336055991386,31.055663944008614
-13.263435542001389,122.45825275647803,-12.236227470159065,23.994044101506006,43.336731368501205,46.77449386997614,28.94835769423645,31.05164230576355
-13.307143122685375,126.4962679490418,-11.869194351806073,23.304810214729514,44.157997596630594,48.27251928381156,35.95711465249673,38.04288534750327
-13.293901093944442,128.21487199848343,-11.277868789620697,21.97304563119542,45.6140562784276,46.90672729240032,35.9702688897213,38.0297311102787
-13.852585475862725,131.5579380671552,-11.456569665606366,22.322403196274536,45.53477733352338,47.503251113550505,35.99195406172316,38.00804593827684
-14.18407241787645,135.0417790016363,-12.15277263140888,21.411743345990544,46.876513069844805,47.92987574703875,36.01666436875959,37.98333563124041
-14.05778365835431,136.36512727400986,-12.275884874601616,20.65033397395746,48.075892875756836,47.250154974812176,36.056262313964936,37.943737686035064
-13.927762109989999,137.644073810181,-12.932061881001573,20.993096356396563,48.47015161142917,46.42934036781662,45.09672000205467,46.90327999794533
-13.7956458471308,139.95876536700234,-13.025747032806976,20.093881523323944,48.25666290833033,46.12292514293222,45.145534949097964,46.854465050902036
-13.356198504159693,141.42120078347216,-12.12799630445079,19.055856433231384,47.08289764460642,47.331149347504834,45.19254737290075,46.80745262709925
-13.32158654529485,142.18351017056557,-12.404154492833186,19.418297248601448,46.427188099740306,46.08904676238308,45.24399462535774,46.75600537464226
-13.561949913215358,142.35651725724165,-12.243854386586463,20.904261826479342,45.73011794505874,43.94596312273643,45.304479369619514,46.695520630380486
-13.070001776941353,143.67292952051503,-11.790418309130473,20.933616554248147,45.117430545185925,43.58490076972521,27.365384753646765,28.634615246353235
-13.003475067846011,145.75440729424008,-12.060248725785641,19.707156536052935,45.54995796555886,44.18799094177666,27.428298359454743,28.571701640545257
-13.223385676275939,146.2107426674629,-11.896793482359499,18.85018470705836,44.23652142172796,45.2331158144807,27.481820358502574,28.518179641497426
-13.022616539383307,147.11266056698514,-12.055037287733285,19.154206934414105,42.25789292805712,44.508611569792265,27.541626841408174,28.458373158591826
-13.149656704888912,147.36504413919465,-12.429213480907492,19.03762266220292,41.34147865048726,43.50673302690848,27.60310117147634,28.39689882852366
-13.803185428347206,147.17961127619492,-12.641124884103192,20.39640710828826,39.37447341842926,41.3451093629119,24.655804085013955,25.344195914986045
-14.504987271502614,147.29172939210548,-12.74318515768391,21.132274310075445,38.006034078105586,40.130581746896496,24.705739542726775,25.294260457273225
-14.930672926071566,147.72572082086117,-12.158319992799079,20.577122106653405,35.812230261042714,40.03181730906363,24.7315905652452,25.2684094347548
-14.862877767678583,148.369896906559,-12.338545642589452,23.021189661783865,34.2344128958357,38.02090212487383,24.785848743683204,25.214151256316796
-15.075975694373483,147.73501788813155,-12.726602623763029,23.95466337489779,34.13486617463059,38.02541857439792,24.81108518942176,25.18891481057824
-14.867176154133631,146.12456490994373,-12.946899926435435,22.40945817361353,32.81738863576902,38.658515820337925,24.82063280190431,25.17936719809569
-14.372702013351955,145.3983676743228,-12.747277077141916,21.918676402652636,31.283524630795,40.47920537937898,24.836408716920516,25.163591283079484
-14.297810122428928,145.51350619534787,-12.26577116799308,22.816603063984076,30.965197342127794,42.062974086322356,24.852087347494233,25.147912652505767
-14.811798930255463,144.41478582187847,-12.515192688792013,23.526811311370693,32.04070173724904,41.22001213324256,24.856566837718248,25.143433162281752
-15.720340156229213,143.32853850661195,-12.336548246559687,25.19411557816784,31.873304636363173,40.17960097582545,24.86568561111639,25.13431438888361
-15.367170904384693,142.2554097407119,-11.87047299745609,27.16337755744462,29.943687880353536,38.33193999729701,31.87544135171089,32.12455864828911
-14.776452788937604,141.78731192728446,-11.518852837238228,28.03919017102453,28.71153572833282,36.943409872299526,31.883718812346586,32.116281187653414
-14.94185900548473,141.964388033477,-12.16191005523433,27.40528645867016,27.5647286666499,37.068290366238216,31.893077910090597,32.1069220899094
-15.005256820848444,140.32594858235097,-13.47212658263743,27.328831067687133,26.593016140541295,40.04686456648051,31.900852027886145,32.099147972113855
-15.303674628288718,138.30314307738445,-14.310464701236924,28.70401657142793,26.413212480925722,41.91200135590043,31.907352070148505,32.092647929851495
-14.845203479431802,136.26109068885853,-14.524781010200968,28.389044819108676,26.57691483819508,41.46380009598215,13.915939500115002,14.084060499884998
-14.185310979606584,135.27612460177625,-14.622422309446847,28.843777172703994,28.272966221760726,40.86311071191449,13.923389861277457,14.076610138722543
-13.999725972360466,136.89963415947568,-14.641251572349574,29.49466254116851,28.838892917410703,41.63892311931704,13.931731074155948,14.068268925844052
-13.523650723072933,136.96041346994753,-14.606995645532152,28.27126901279553,26.860110707988497,42.434219267364824,13.937583833281366,14.062416166718634
-13.46634939746582,135.9695909916627,-14.840988286654465,26.921671241812874,27.076950661605224,41.57940035997308,13.943851393217983,14.056148606782017
-13.994837939855643,136.99417238034948,-14.950854424241697,26.896038272825535,29.322693964728387,41.79222803626908,31.95004769194921,32.04995230805079
-14.609407737036236,138.90071094421728,-14.366656226688065,27.64873275483842,30.547935761860572,41.52689603649196,31.953285782199373,32.04671421780063
-14.365869149827631,139.38335259330051,-13.623708114319015,28.118155179312453,29.931166163732996,40.767517234024126,31.96273878248948,32.03726121751052
-13.545774622616591,138.55278087260376,-13.38653369282838,27.485145956132328,28.60756795477937,41.95162631047424,31.9669404540804,32.0330595459196
-12.646746018290287,138.9683213391545,-13.184059436665848,26.260996428580256,28.38487278096727,42.138255240162835,31.97060278743777,32.02939721256223
-12.001346357428702,139.27323840520694,-13.005580415105214,25.934662912331987,27.41367186617572,40.77067606250057,21.976888626671524,22.023111373328476
-12.442711363284616,138.6771130473062,-12.84381743328413,26.37912191063515,28.25142145701102,39.876249356457265,21.975806838420056,22.024193161579944
-13.006129407061962,141.49901277619938,-12.997674031736096,25.875692193949362,30.680764451652067,38.60926043699146,21.977114920784317,22.022885079215683
-13.039659434609348,144.83322393713752,-13.363386804208858,23.669516562484205,30.567910326702986,38.793932038970524,21.983424599329823,22.016575400670177
-13.324281769106165,146.0182936120109,-13.872955218219431,21.249762945924886,30.23480364869465,40.70772059459705,21.990588609488782,22.009411390511218
-13.47307257988723,147.17202303359227,-14.477676765382057,20.681918853282696,32.4689124916913,42.258806344121695,27.990814410925566,28.009185589074434
-13.836344072740758,146.8838112888625,-14.53178901821957,21.150985555083025,34.03741303482093,44.24695226934273,27.984743568430446,28.015256431569554
-14.340263581398176,146.81315954097954,-14.521622354601277,21.116282568400493,34.83969336078735,45.20773140894016,27.97918269367713,28.02081730632287
-13.716796744818566,147.71350119066483,-14.16438676737016,20.541012831614353,35.72555764031131,42.954238994658226,27.96712853690849,28.03287146309151
-13.559711141919252,149.0313708085887,-13.57229705149075,21.49088308418868,35.21346951241139,39.10542112070834,27.953413193054928,28.046586806945072
-14.020765470981132,151.09665562896407,-13.43429451843258,23.427618969639298,35.72361969639314,37.869695003231755,31.933202676452794,32.066797323547206
-14.589882343396312,152.94337787372933,-13.604735348199029,24.20605482600513,35.35138840012951,38.26785651198588,31.90158754906625,32.09841245093375
-15.232370467012515,153.92855341242102,-13.982151031930698,23.4310305895051,33.91473289462738,36.50971038968419,31.86687180503901,32.13312819496099
-15.311963988700882,155.3993939577631,-13.884919725096552,23.250376984011382,32.289861942845164,35.825399999070214,31.84518098962485,32.15481901037515
-15.010095568053657,156.95442324744363,-13.775002087582834,23.5517534071696,31.022960279660765,36.90840567808482,31.7762603812059,32.2237396187941
-14.75889169034781,156.31208915320167,-13.963246526487637,22.77446372259874,29.720362405729247,38.05173512501642,31.72207018813296,32.27792981186704
-15.152779821190052,155.97172107970982,-14.045146319054766,24.654009674792178,28.724320033419644,38.348817947204225,31.695717442866453,32.30428255713355
-15.67307915186393,156.06723384739598,-14.055234808154637,26.07329845338245,29.844744461996015,37.007553511473816,31.63931422821142,32.36068577178858
-15.669051447388483,155.0385439413949,-14.016976223472739,25.516193552524783,31.666295659466414,35.50916992785642,31.57901878906182,32.42098121093818
-15.61612328919,153.73373790743062,-13.946312279411359,25.544336215039948,32.58613744121976,33.41716490726685,31.512598766944194,32.487401233055806
-16.14066421581083,153.31083337690507,-13.854072439775337,25.439229336974677,32.41604289566749,33.78926283866167,31.437744693956148,32.56225530604385
-16.137991682393476,154.0753942019801,-13.441266754060052,26.638720870018005,32.02601922224858,35.1946865428763,31.34919629350614,32.65080370649386
-15.474272617488168,153.37993918645952,-13.120452133036451,27.89160405014991,31.39104426911217,35.60627007295261,31.268444302585266,32.731555697414734
-14.978127485723235,153.00700211242656,-13.475247768656118,27.59712624931126,30.70647589408327,37.40908178221434,31.168396275469945,32.831603724530055
-15.206516177306185,153.0975759823923,-13.977112611115444,27.863374336913694,29.99756784387864,37.84565114797442,31.06218384148505,32.93781615851495
-16.227985398028977,151.3727283856715,-14.576317367260344,27.49350894030067,29.357297292881412,35.935842707636766,24.957696252185485,27.042303747814515
-16.25302184734028,150.79059963754844,-14.32005660131108,26.532376913295593,27.533760068268748,34.259886760875816,24.85024581534134,27.14975418465866
-15.91143132498837,150.03148177918047,-13.18271361279767,26.28405537639628,25.83453806419857,33.54057098244084,24.736970389624503,27.263029610375497
-15.630613640503725,148.32385419501225,-13.294293507060502,24.633083880791673,25.47259939322248,34.718660147540504,24.623551805743745,27.376448194256255
-15.085238827683497,148.47290673413954,-13.93944759882288,24.439808835450094,24.159810051321983,37.03117886983091,24.50585256537113,27.49414743462887
-14.973817261547083,146.91803885559784,-14.022487911832286,26.468074749194784,23.117384801007574,37.2309119864658,23.436674804258615,26.563325195741385
-14.54700798491831,146.22545101003197,-13.727071185741806,28.56756095547462,24.094586375926156,35.030899564007996,23.304303948570094,26.695696051429906
-14.2132278989302,146.47013811687066,-13.790665205859113,29.51194979873253,25.401677239395212,35.131374103948474,23.170884450190044,26.829115549809956
-14.24696228679386,145.92748308261798,-13.789253142604139,29.1757133527135,23.948704125039512,35.77068288027658,23.046732145193346,26.953267854806654
-14.22399822002626,146.28147198676015,-12.8250738925708,29.002825187519193,22.148784906428773,35.76495515881106,22.92136445541658,27.07863554458342
-14.469306133250939,144.27749820580357,-12.441614438488614,29.42042597080581,22.997967114497442,37.68340960366186,16.7782485155613,21.2217514844387
-14.5879764186393,142.70467513729818,-13.062783355999272,29.042706469772384,24.1581167448021,39.366766364488285,16.642878874076757,21.357121125923243
-14.927409585943678,142.25260925390467,-13.438841242546914,28.05806590351858,23.397619255876634,39.910775973519776,16.510252909981745,21.489747090018255
-15.41428445299971,140.8997826941486,-13.955128036439419,27.171892995393137,22.905026049615117,38.61923410103191,16.37104571683517,21.62895428316483
-15.386107534199255,139.53802433848614,-14.564106359845027,26.96504588908283,22.414255864539882,38.39708516129758,16.21166332493428,21.78833667506572
-15.01149339202675,139.1160720409971,-14.314460398512892,28.07986232350231,22.21303142560646,38.761964162957156,21.126752669487587,26.873247330512413
-14.101141871971777,137.4386462483526,-14.406966505164746,28.476518626121106,23.083225902053528,37.55107253798633,20.899844595283014,27.100155404716986
-13.749808069725987,134.806098835601,-14.42303132583038,30.874941568734357,23.09649938440998,36.912834300572285,20.746808452571088,27.253191547428912
-13.163017780985683,133.90546210961475,-14.081269682967104,33.648418612836394,23.187575404474046,37.14092911820626,20.66097285183085,27.33902714816915
-12.726037857239135,133.81803159139236,-14.112547597644152,32.58809096229379,23.36042803429882,37.63110295482329,20.49871536680405,27.50128463319595
-13.614141138794366,134.16219408302277,-14.088361602945952,32.59614028237411,22.631505637953524,37.68751967680873,35.34221236644902,42.65778763355098
-14.168025754916016,133.60885367175797,-14.333282108156709,32.99864848377183,21.706779114349047,35.71259954938432,35.1657561481353,42.8342438518647
-14.188927264534868,132.2155921614467,-14.45212769327918,31.873346935986774,22.88092003937345,35.76804189183167,35.00076102078697,42.99923897921303
-13.851170041045407,131.2093734913651,-14.179423833906185,30.67053416822455,24.61382173214224,36.73639599679154,34.849551724437475,43.150448275562525
-14.189734155545011,131.64608703042904,-13.644158984447131,28.733520109934034,24.684639948187396,35.46292955707759,34.70762949816262,43.29237050183738
-15.288588269468164,131.63380456718733,-13.850503161927918,28.30196989743854,23.873240295622963,35.290033543045865,19.563998002955856,28.436001997044144
-15.978899830166483,130.37179879762698,-14.557632173266029,28.077063372096745,23.34169485300663,36.80498425848782,19.425667750901994,28.574332249098006
-16.088276445050724,130.52328938776918,-14.682878663821612,28.078506825404475,23.594151672528824,37.84404962020926,19.299101851237225,28.700898148762775
-15.500103530735942,131.27661112858914,-14.413741799915442,29.31643702549627,25.024959236732684,36.99436062059249,19.18284035438151,28.81715964561849
-15.054703163477825,130.41503625026962,-13.880125855619553,30.565184246574063,27.88068436825415,37.08064801883302,19.085118380175317,28.914881619824683
-15.316987580095883,128.3476781162899,-13.47662341594696,32.1992950263666,28.75078639521962,36.12256876719766,25.03312299138264,34.96687700861736
-16.054562658449868,127.13817612665298,-13.468299892992945,32.1007797063794,28.770505081600277,33.59562584577361,24.893051641657962,35.10694835834204
-16.499350302881794,126.27186390264251,-13.72587994870264,31.744141348201083,27.87721832963871,34.16495524838683,24.80359563030794,35.19640436969206
-16.745724655134836,123.51224472165632,-14.159044147934765,32.31362882681424,24.954856078809826,35.695002620719606,24.72378453230317,35.27621546769683
-16.55396209913306,120.0791706583841,-15.01529850703082,31.821660150919342,25.424361308774678,37.35411482051131,24.648181034057814,35.351818965942186
-16.3718896000355,117.5003611654538,-15.543264505366096,31.30173781735357,27.646226446231594,38.57191794301616,35.57915493940055,46.42084506059945
-16.500774681277107,114.91802799783181,-15.542320381646277,32.16024314970127,29.055066105996957,39.99257105405559,35.520891967520356,46.479108032479644
-16.53460480258218,111.50973617003183,-15.188018459273735,31.85678406941588,29.453235698398203,40.838770003727404,35.467576802649404,46.532423197350596
-16.810718574153725,109.32997678664105,-14.90096702016308,29.710563033499056,28.232006925187306,39.3458162038296,35.42446265625111,46.57553734374889
-16.63626582658617,109.52420468791388,-14.963936343847308,26.77688387344824,28.051278581900988,38.111068953818176,19.388029193731313,30.611970806268687
-16.46557561150985,109.89662883474375,-14.958343724632869,23.93261763639748,28.091767433885252,37.33265154736,19.370181061311598,30.629818938688402
-16.604309062153334,110.74266215354146,-14.906640462722862,22.96423917604261,28.559085570974275,37.25274233520031,19.330299398158445,30.669700601841555
-16.948287924722536,111.898402344028,-14.824079604586586,22.844383822841337,29.197015067271423,36.54992067551939,19.322381037919342,30.677618962080658
-17.125399177486543,113.49666302670084,-15.027367494389182,22.585986899066484,28.597616365208523,36.04722997211502,19.29791333721917,30.70208666278083
-16.57947430553031,113.49964647353045,-15.115978100831853,24.41426656016847,30.082312802580418,36.67157175287139,19.277766435944244,30.722233564055756
-15.85269398521632,111.48163814477448,-14.51694994274294,27.586494459595997,30.13222710604896,36.73872625667718,30.26387657650028,41.73612342349972
-15.009053773974301,109.99825473131204,-14.067397097678622,29.335473593178904,28.082939566898858,39.083966341335326,30.243071406278574,41.756928593721426
-14.39334845173289,109.59537254346651,-13.719852230860852,31.490889042412164,27.36205554875778,41.02757015771931,30.22124256904806,41.77875743095194
-14.236825889674947,108.03161563824688,-14.054742682288634,31.923745304666227,27.337288332288153,39.4693072999944,30.198000764944027,41.80199923505597
-14.085889179666992,105.21488037132076,-14.845212612330215,29.47243112369324,28.82481897441903,38.28125649053254,30.17311346128548,41.82688653871452
-14.855739302467555,103.80820773962478,-15.023118695913581,28.302445664594416,29.174031630012905,36.75011449618614,12.147393538744552,23.852606461255448
-15.632428970042383,103.47677537497657,-14.788320828782162,28.98482185069588,28.59724077710416,36.78395449212985,12.110902704751908,23.889097295248092
-15.49468612993951,102.56723865844833,-14.2766077053966,28.694647315336624,29.21965437749168,38.41403377064853,12.08312766685927,23.91687233314073
-15.046007902245037,102.56803069965099,-13.88657081371639,27.07614872328122,30.825880108808633,37.9443757274712,12.048593751562947,23.951406248437053
-15.306114837818313,103.4266158081009,-14.192338251654292,25.39369928787346,32.49430651785224,36.58764879734372,12.019869893865547,23.980130106134453
-15.738405184063595,102.25439421080227,-14.352573450363707,25.16834827407729,33.483465770521434,36.7400178736134,23.982053841120717,36.01794615887928
-15.978810118074762,101.84658201318234,-13.801690465625143,25.81082202278776,34.402070355659816,37.39667259037378,23.9373777306472,36.0626222693528
-17.003398118598852,101.71651912192465,-13.082967552181799,25.141532994923182,36.4256823376636,37.17418871136033,23.89152690804724,36.10847309195276
-17.638247482624138,101.77374317777867,-12.253625172015745,24.707608576514758,39.357302360760514,37.27818477366236,23.844088601819834,36.155911398180166
-17.09479120996548,103.4972337691288,-12.879260522167897,24.31002271527541,41.403801594657125,36.029621373309055,23.794964723177515,36.205035276822485
-16.064165642281296,104.0872451170726,-13.869111353473272,24.636211374541745,41.864042613859056,34.39467178360792,28.760896426902832,41.23910357309717
-15.929474500357173,105.32991694193333,-14.184289515862474,25.55504755215952,41.28315667633433,33.5826673831034,28.727654665225202,41.2723453347748
-16.398000911751296,106.41495145655063,-14.35088205820648,26.1580256872694,42.24383976732497,32.535143222805345,28.70646143335739,41.29353856664261
-16.354326378845144,106.33318545763905,-13.804281723569147,27.11712225919473,43.91702171796351,33.02882170912926,28.695603825374093,41.30439617462591
-15.966182341449894,106.53014755388722,-14.004976799507858,26.728003956290195,43.434892919816775,36.296650682983454,28.694257919285917,41.30574208071408
-15.960213093960192,107.26891912937572,-15.014155187207507,25.85425041016424,42.60436780191958,39.085920613171766,33.71271565862199,46.28728434137801
-15.905045508494368,108.60147997093736,-15.0323219850834,26.634225619665813,42.432764997007325,39.66666004891158,33.73913806877593,46.26086193122407
-15.510608846583636,109.97560545965098,-14.38367663990357,27.524164262256818,41.431625628552865,38.886043010948924,33.78059475877984,46.21940524122016
-15.501865997066488,112.20515585437533,-13.594823240098776,28.47551671860856,39.22875570136239,36.830651265452616,33.83631279119106,46.16368720880894
-15.752646479260875,114.8798064453731,-13.939546609326499,28.5467599236581,37.32196245377418,38.38516374467872,33.88828397760949,46.11171602239051
-15.870885692216689,116.31113245800952,-15.04583712448948,28.254913761804346,37.74440595560009,40.00382246487425,47.938835624481044,60.061164375518956
-16.50977175720618,117.494126192556,-14.516549197491258,29.389711099211127,37.573348832083866,39.41448156317347,47.97807048691169,60.02192951308831
-17.190556951944018,117.68061260670947,-14.420264134882018,30.177003799122758,39.05505990670645,39.669484036101494,48.013866738018464,59.986133261981536
-16.983295753481798,117.07525524614903,-15.228302919713315,29.85291115846485,41.21268022223376,38.2850213284255,48.05870023159093,59.94129976840907
-16.78941976002534,119.36865609162487,-15.110456394555513,29.195948575477814,40.69148001429858,36.8979993913963,48.099670551703866,59.900329448296134
-16.909025276923785,122.30116015802196,-15.289086221193429,29.50574310508091,39.76472628567717,36.518301423609955,38.14578836993758,49.85421163006242
-16.935303677717457,124.34543904941529,-15.360268057935173,30.235729469248326,39.84880608145613,37.51973870230722,38.200784056450146,49.799215943549854
-16.898707249667495,126.8577751959674,-15.358930610498646,30.4458743215946,40.30843849355006,39.110998021642445,38.24669814594361,49.75330185405639
-17.12627101977705,128.49641930186772,-15.002461200783728,32.66694611101411,40.799572322081076,39.089206298813224,38.29035042840738,49.70964957159262
-17.224487618514104,129.89565727757872,-14.408200994890649,35.30310836085118,39.96653477085056,38.7932787782338,38.32567899127565,49.67432100872435
-16.929019312316086,127.11322746114456,-13.962204567884328,35.91448678332381,39.05066701938631,40.001913339976454,38.37806012708029,49.62193987291971
-16.675971411634237,126.1364048174728,-13.61738959926879,34.71196055129985,38.76216076381388,41.30870885393233,38.42641126055159,49.57358873944841
-16.45227501881891,125.7847622771078,-13.648099938494852,30.764220623328583,36.67160479049198,40.38432705253945,38.475968740916414,49.524031259083586
-15.945188725920161,122.66315048361139,-13.625020603445591,28.992673230270157,34.3772718476539,40.175165346619906,38.541057616313054,49.458942383686946
-15.859262253565248,123.83099677322025,-13.872170649206964,30.631792079628212,31.97678034150158,41.33575379967806,38.61757220381304,49.38242779618696
-16.664677191874944,123.27217728471442,-14.300339282635832,30.343853653001133,29.95293391047744,41.21456044574734,36.66188401760627,47.33811598239373
-16.84680702869082,120.01922923923121,-15.152779776486568,27.832638100982876,29.612247780052712,42.50884130914346,36.814545640297325,47.185454359702675
-17.22169645843678,116.85197668785986,-15.677739182458026,24.679897487862036,30.94221294746967,43.33340334848617,36.93737727921899,47.06262272078101
-17.725073302688543,114.94055256449792,-16.287031591695268,23.28703473432688,31.937098256137688,42.66888044041116,37.081320513808805,46.918679486191195
-17.70059300484718,115.05948187857575,-16.338420259504346,25.062286499654874,32.312717646040255,41.81897204674897,37.239886021258656,46.760113978741344
-17.32104817547952,113.46814970106061,-15.710431282088393,26.926867101254174,31.22463109882665,40.25835235300474,26.403138118560406,35.596861881439594
-17.010177050280618,110.13848596348544,-15.237568527343683,29.4862275874475,31.021850499528227,40.142859085521195,26.569046747385357,35.43095325261464
-17.35670575100812,109.67227888169873,-14.870590397244086,30.597848050267203,31.29276289959671,40.67476685278234,26.654819137500027,35.34518086249997
-17.534223585098516,110.19265238811204,-15.186227469384903,29.874188567424426,30.993388586881338,41.23096917232033,26.905742971170838,35.09425702882916
-17.59746174933389,110.18959993518365,-15.349917619401822,29.830103335436434,32.15712377146701,40.71547766745789,27.067024839732852,34.93297516026715
-17.889954902551835,110.1893076775159,-15.106998494651634,30.626835468719946,31.58666450495366,38.512174787174445,16.212629850107533,23.787370149892467
-17.72555395224481,109.59810795397789,-15.19899978057947,30.696677352127153,30.941999009577557,37.18603242497193,16.341949274462223,23.658050725537777
-16.947935756645165,108.84909302627784,-15.212186540855328,29.80598517661565,30.927123396337265,36.75185980979586,16.456448416098084,23.543551583901916
-16.674290707567707,107.17066275114485,-15.478649698081426,29.35120579454815,29.985625956731383,33.594797950499924,16.55251468481171,23.44748531518829
-16.13039673480671,106.40776165747957,-15.912172944284976,28.5827252525487,30.664911111380206,31.130334042885806,16.64285200360024,23.35714799639976
-15.408912682440132,107.7974913668877,-15.8465052828833,29.524543164327042,31.028417440946214,31.40371769212652,29.723249059294204,36.276750940705796
-16.094512152427342,108.74068605614593,-15.751536951138405,30.48613005594234,30.792775506182807,31.11938601807924,29.785615596129816,36.214384403870184
-16.504202502634143,104.88736590470944,-15.02695971284993,30.540231884398963,33.3665881746565,32.21776748733828,29.81772504201828,36.18227495798172
-16.11674805349321,96.87286156020127,-14.491302730253665,30.997255508613307,34.655401389318286,34.99176649498986,29.892917603797542,36.10708239620246
-16.71846934116911,97.08168666932033,-14.694668038282543,31.0197306634509,34.98477925895713,36.30142021217034,29.9706864198682,36.0293135801318
-17.376071772916475,105.53727574092045,-14.784397012350382,31.059737315459643,36.0507952675398,36.246571217285236,14.020567884290585,19.979432115709415
-17.76281836137059,107.690022310926,-15.103728911315557,31.11074310904951,37.68945093496586,36.56463342989446,14.079802278095684,19.920197721904316
-17.65974810134503,108.20671446534107,-15.882859703560825,31.95206655396032,39.96597531164298,36.52105652898899,14.151408726905771,19.84859127309423
-17.533803923462983,116.60962688123982,-16.04981120719458,33.99591678316938,41.755877778399736,35.759785796370124,14.191354647545637,19.808645352454363
-18.00307353021344,122.59797001276456,-15.804352599865524,34.719148155127186,44.72439984884113,35.13730935039348,14.22750439974996,19.77249560025004
-18.26110004200018,125.28509369651147,-15.588555776601424,32.51562780531822,47.193294636992505,34.79485169207328,35.26439921357485,40.73560078642515
-18.07232039279188,131.53321151123964,-15.087061878701206,30.597102487663506,47.7876235396252,34.04024989079335,35.28420107672355,40.71579892327645
-17.277188811654923,134.49100562770036,-15.007648219092516,29.853367975971196,46.83608032707707,34.61442681768676,35.303605134040964,40.696394865959036
-16.68685093196109,134.7548605120537,-15.518810400128132,29.70794615946943,46.81763667790801,36.46907380007906,35.336602266359534,40.663397733640466
-16.542535700718872,139.22643642494222,-16.425674552301643,30.04425970686134,49.44923534739064,36.26034713775152,35.36421091839529,40.63578908160471
-16.69627701229183,142.13614705301006,-16.37048036622582,28.910666458454216,50.09381595236482,36.6593450801156,36.39642910693934,41.60357089306066
-17.05005843230174,141.3879997150798,-15.668188940704567,28.219090659171343,46.931768823968014,36.48580928429146,36.438473285403575,41.561526714596425
-16.929584124387475,143.03668495695456,-15.451815961365355,28.69961922816583,45.46552615473047,34.94953980992432,36.477380765990404,41.522619234009596
-17.404470352979843,144.99008876692096,-14.95037266734289,29.673741249280283,45.33531698337174,35.00382987281773,36.53484207058787,41.46515792941213
-18.278393964516,145.36893192674324,-14.565085956739495,29.475429307087325,43.9706147077668,34.624328977573896,36.60040455517671,41.39959544482329
-17.893735535704764,146.9312351035769,-14.565529547369806,26.51723531400785,43.89510163827799,34.65579824446468,49.68230387697284,54.31769612302716
-16.96738880345947,147.38940955312864,-14.212801222398411,26.534477619890822,44.276017098192824,34.65612239969778,49.786190992428146,54.213809007571854
-16.289762084401445,147.22529625095194,-14.542624366062228,28.584778545133304,43.89469533084775,33.25532969151391,49.89753994933025,54.10246005066975
-16.695700582873542,146.75884631280496,-14.717921631003264,29.46237852112972,43.51286841792171,33.11618207034189,50.032393687527616,53.967606312472384
-17.525507631653454,145.02574253710918,-14.482346684351796,28.812770185322734,42.57017065351829,35.669090693292674,50.17351269154196,53.82648730845804
-17.41743503973703,145.16822489867627,-15.502817256347043,26.296756294032093,40.957115893863374,37.216654543270124,51.299175967207844,54.700824032792156
-16.982556706672767,146.81124614358123,-15.527015320025384,26.39225464835181,40.36662197954138,36.2231986966508,51.429935297498304,54.570064702501696
-17.245741713995812,146.14356266528193,-14.880842357873917,27.623287181864725,40.66117370701977,33.16334968715091,51.493938469678056,54.506061530321944
-17.97774117666995,144.98686483224446,-14.704749351280043,25.959071821795078,39.703580754227005,32.032882091793,51.61349031697222,54.38650968302778
-17.80241413062322,143.62814988644095,-14.84549113275716,24.955226605175994,38.14424800709821,31.603607232187642,51.71894959786806,54.28105040213194
-16.713343944837106,141.1901945910795,-15.198948713834397,25.056346274446696,38.1136269136623,31.247684207803104,44.826592282335156,47.173407717664844
-16.53725061073783,140.0451069844712,-14.775353426783113,24.218604330992093,37.821031378931366,31.425522146077128,44.943406037876855,47.056593962123145
-16.975973688269733,138.35512933805876,-14.443003884633072,26.523000273271464,36.79538839843008,32.250302857893985,45.05729950826333,46.94270049173667
-16.912885677738814,135.59414102495066,-14.173109760537045,30.07272198057035,34.24573272856651,34.36332230034168,45.172962478289946,46.827037521710054
-16.816235257225344,131.99938414977805,-14.252445896127028,31.34399475401733,32.09490662283497,33.17429721791996,45.28174178684077,46.71825821315923
-16.697313760989346,127.8551876409474,-15.17918070408632,30.413784617121564,31.080654359189793,31.130631534557324,25.400164047292293,26.599835952707707
-16.86764395746286,122.17530489679484,-15.44769563281443,29.35595507841208,27.906019105023006,31.379671643546317,25.52260073512727,26.47739926487273
-16.928182614821708,115.4804140679189,-15.578843953146134,30.8829645611695,24.826794085500296,33.032861468032934,25.659286431339638,26.340713568660362
-16.610804789321264,109.54123891767813,-16.229841869149823,33.47668347382569,20.971893663925584,33.332496291259304,25.801953666924277,26.198046333075723
-16.34403599210782,104.24660368909827,-16.30947334691882,36.34712382478756,16.549415883608162,30.187656516151037,25.948322793875235,26.051677206124765
-16.416026560094906,97.63051488003111,-16.310778686689446,38.49246113275876,13.66527542177937,29.245677989383694,22.090286813482805,21.909713186517195
-16.715704155591084,90.6222612222773,-16.565727090346627,38.35171341127716,9.785396686580498,29.756530972430483,22.222806605762116,21.777193394237884
-16.559900306659983,85.14593471269473,-16.9880191811244,39.16103701200336,6.356290142983198,29.136123829201097,22.35034263111578,21.64965736888422
-16.70834701959393,77.40408390868106,-17.52154690856696,40.012557825190015,4.112907526810886,28.084907665848732,22.483944425396913,21.516055574603087
-17.058527543005766,67.21511991515581,-17.52049506548792,39.70232709424454,1.5419862611452118,28.14739940688014,22.60628991346138,21.39371008653862
-16.933112792903557,56.954078217662754,-16.853435567812994,40.99155199658708,0.924619181372691,28.72673032808234,5.732040110445524,4.267959889554476
-16.794464032253018,48.21039972426661,-16.350622858881252,40.26089039092767,2.5168382395931985,27.681812883209204,5.861251088984375,4.138748911015625
-16.95370094969985,40.6389134064957,-16.266272268869216,39.00315799438977,3.425838419731008,29.224838466616347,5.986173485356346,4.013826514643654
-17.006500226969365,32.46194260189077,-15.851043533853954,38.80595403155894,3.132513195858337,30.372153185482603,6.100329518401537,3.899670481598463
-16.9875188995793,24.49034663576458,-15.520875500631519,38.51897034351714,3.6773018734529614,27.817177581920987,6.213585069884289,3.7864149301157113
-17.226649497199105,16.921574268111726,-15.859194332675543,39.748994674446294,5.611736065999139,26.20588637437322,0.0,0.0
-17.33232656630571,9.648079588936525,-16.339842551387846,40.95731720258482,6.42546985525405,26.015018168807728,0.0,0.0
-16.737677491182694,5.67121874645818,-16.307000591652468,40.083212784840725,4.486438180407276,28.045836925011827,0.0,0.0
-16.283953608421143,5.220200956784538,-15.928787011245731,38.73371090402361,3.370616718311794,30.904640314838616,0.0,0.0
-17.14689802718931,6.202614831738174,-15.623273660574341,38.749892820225796,3.3742995363136288,31.416603076591855,0.0,0.0
-17.366188288113335,8.377921710343799,-15.367652272369014,41.35240036351024,4.007412120001391,30.779696013138164,0.0,0.0
-17.151724361727247,9.453481749849743,-15.450272079644492,41.77912646665936,5.042491603613598,29.30756047606701,0.0,0.0
-17.25880773787503,8.257693576349993,-15.760196223272942,37.90483577363193,4.321147741895402,28.296360807784367,0.0,0.0
-17.275540195114445,6.840161377898767,-15.918203174020164,37.09661663300358,2.45886526000686,26.999347289820435,0.0,0.0
-17.535285373509396,4.801030559363426,-15.363293888658518,36.7346662429336,2.058541449398035,26.520757710997714,0.0,0.0
-17.653842801752035,1.163446407954325,-15.247056979045738,35.36695600653184,4.76208592945477,25.684265918971505,0.0,0.0
-17.98337413187255,-1.6425659291853663,-15.730186527362093,34.4456118302769,6.6837873426266015,24.832292338949628,0.0,0.0
-18.453792857646476,-3.286091778165428,-15.6984773070144,32.345856570173055,7.862197112961439,26.44447389242123,0.0,0.0
-18.100948227540357,-2.9629233682790073,-15.626830679975683,31.674067699874286,8.92590749275405,26.88628975499887,0.0,0.0
-17.80554150196258,-0.25410518948046956,-15.834888912911993,32.428769349324284,9.027314534294419,27.33818841294851,0.0,0.0
-17.853580401308136,2.5106567191542126,-15.924120957788546,32.32689857578953,10.81697319803061,28.75685605921899,0.0,0.0
-17.218481703283032,4.833471240985091,-15.933120601781411,33.83993314881809,11.189250974537572,29.04460943376762,0.0,0.0
-16.432147746992996,7.566303913030424,-15.58425636976608,36.38944619643735,9.75242671748856,28.61584902301547,0.0,0.0
-16.154291790298885,9.147835710246,-14.689393754699267,34.57515092185349,10.244258582883049,27.214689074113267,0.0,0.0
-16.219431020668708,6.161482399387751,-14.344104987278115,33.06873909168644,11.992468085663859,26.247729034366785,0.0,0.0
-15.601074792997679,2.831168397082365,-14.676022043771809,33.65377585191163,13.588941715861438,26.775321926601464,0.0,0.0
-15.441388623352395,1.1742204447946278,-14.548445998603711,32.460814960621065,14.11393856414361,27.49350236984901,0.0,0.0
-16.50486237491714,-1.6018414031132124,-14.722330998745747,30.81366665934911,14.572711345652351,28.239452233799966,0.0,0.0
-16.250926977896597,-4.0572111832443625,-15.095991490699816,27.80043606722029,14.211264286685036,27.91127580049215,0.0,0.0
-15.417795972753083,-4.51563443413761,-14.382464154070476,24.803526060451986,14.088749816030031,25.11020790587645,0.0,0.0
-15.724396187259117,-3.5082455358060542,-13.552452560950769,26.081009447807446,14.792311131983297,23.944852131360676,0.0,0.0
-16.18662670845515,-1.6336983062938089,-13.867129826976452,27.784637457836652,14.124124155176105,23.95225094226771,0.0,0.0
-16.749593477085,2.4757681540359044,-14.338256408605957,27.693058947188547,15.246504209964769,23.972829118341906,0.0,0.0
-16.76833171059843,4.755735946135246,-14.302932623832021,28.088500228273915,15.697085977793904,25.475877615011996,0.0,0.0
-16.42334281615331,3.4314268021844327,-15.152362277673092,28.014258985989727,15.805853110010503,27.029656539903954,0.0,0.0
-15.834743492276175,0.7573624702490633,-15.368952146964148,28.11750681596459,18.293854033894604,26.2519548147975,0.0,0.0
-15.387983736261958,-2.1076698602118995,-14.54638205311494,26.372692918463144,21.280039609147934,25.249921144655673,0.0,0.0
-15.038085667329142,-4.854150098835817,-14.865371100138873,24.131924528890522,23.650290987308836,26.641017021174775,0.0,0.0
-14.754477671696804,-6.686428424713085,-15.032344787672628,23.342399239743827,24.535367056902032,27.32644658983918,0.0,0.0
-15.126578415423864,-6.596413796796696,-15.400361764826812,21.460560677514877,24.3618146465451,26.09731853895937,0.0,0.0
-15.022103392868303,-5.096307670130045,-15.598606898012804,19.40455805158126,25.684065965469927,24.29312162360293,0.0,0.0
-15.207522138836794,-3.129249891557265,-14.765449023601832,19.791927604092052,26.527418099722126,23.305863536312245,0.0,0.0
-15.89373272121884,-2.3885472128895344,-13.853722402942367,21.380678920599166,24.16305426886538,22.68315246689599,0.0,0.0
-16.30447771391482,-1.643447645532433,-12.889566039666533,24.041482306667604,22.538030593364965,21.225403887045104,0.0,0.0
-16.22471811255673,-0.19044426159234717,-12.809769856918138,25.104701465403195,21.875560040818527,21.79353680292843,0.0,0.0
-15.815201990335481,0.19498324955930002,-13.021373558673076,24.323594352812506,22.03023469762411,22.661193552514305,0.0,0.0
-15.488992280588718,-0.49275777165894397,-13.122008137463126,24.005536163022043,21.587721210467862,21.18652336410014,0.0,0.0
-15.830076461599674,-2.965060134680243,-13.454005192412296,21.64066262121196,20.091370944399387,20.179051694489317,0.0,0.0
-15.702478787803557,-5.799475342035294,-13.63425402296707,19.354847637587227,21.1193954119517,19.462258488725638,0.0,0.0
-14.956105712946737,-7.334219934520661,-13.405483582086163,18.20184851734666,23.757826336921426,19.84584980236832,0.0,0.0
-14.71235672259354,-8.581145804782864,-13.51494797959458,16.83836328916368,26.050458706653444,20.64285145449685,0.0,0.0
-15.111409653152805,-8.798566395955277,-12.935081479634391,15.567034805251751,27.627718813018873,20.617504232010106,0.0,0.0
-15.63531645675539,-8.092256106931018,-12.809835589141585,14.248251355165849,27.66412864526501,21.439914986374788,0.0,0.0
-15.631346280744765,-7.946026532139513,-13.601060200162465,13.606869325274602,26.588510953675723,20.04347290005535,0.0,0.0
-16.18877741441247,-6.281733542418806,-13.78346146349213,14.595688663772307,25.569320018199505,17.417832101986278,0.0,0.0
-16.818279000319308,-4.786950346431695,-13.55566098188865,14.67913078609854,24.70232808680157,18.738415478001116,0.0,0.0
-16.27385268220678,-5.4221727947006,-13.969151226716349,13.382878525502747,24.227756236185087,20.854584078246262,0.0,0.0
-15.855405266425805,-5.832173586328281,-14.815268128935713,13.338940451852977,23.629910636285786,20.611513476032997,0.0,0.0
-15.826912287884625,-6.21137086924864,-14.726854973443551,13.542662537802244,22.958477016189136,19.51768565873499,0.0,0.0
-15.757017926662229,-6.092921468080021,-14.620171851012856,12.247700149106095,22.632564693136374,17.396056357072666,0.0,0.0
-15.355638100591023,-7.057192109539756,-15.111738326988416,11.34589636939927,22.256566142081283,15.892197668959852,0.0,0.0
-15.036375374736963,-8.276102297095349,-14.781342392438091,11.407366398838349,21.746603718784172,16.793119662848767,0.0,0.0
-15.383584104187321,-8.4768968502176,-13.901478560786927,12.098522217245772,20.87248137712595,18.264615269057686,0.0,0.0
-15.871737758308882,-8.82267714777845,-13.87764200172387,12.105212002497865,19.281492572132265,18.802247753425036,0.0,0.0
-15.842955100379186,-9.02704247411748,-14.123472950595897,12.749785902211443,18.783094277285272,17.575006215076428,0.0,0.0
-15.468959859979805,-8.66488312454021,-14.547458074812312,14.892549671931192,19.885191119625233,16.86318719625706,0.0,0.0
-15.777958074817434,-8.038539335786481,-14.479746976547176,14.548399760446046,19.28722963554901,18.153019727527862,0.0,0.0
-15.935285133862635,-6.998605926375603,-14.083929624874145,12.760116985620698,17.61077967711026,17.791818747034995,0.0,0.0
-15.37986366977566,-6.398547203250928,-14.078830261569237,12.885545997938607,16.89936982971267,16.83591717807576,0.0,0.0
-14.956883883016417,-5.02664239553269,-14.03027764763101,13.117040819197427,16.619136271823663,17.364413492701715,0.0,0.0
-14.624366656702477,-2.786168589780573,-13.952645236742683,14.110484325530706,17.5014917247463,18.285669959965162,0.0,0.0
-14.353778458345914,-2.688248409773223,-14.159551272983663,14.593339277256746,19.804952326667262,19.180338771257084,0.0,0.0
-14.735923154454213,-4.740733881510096,-14.863577212876407,13.559499982220586,20.691910317429574,19.629340869694715,0.0,0.0
-15.249657485750504,-4.688052015961148,-14.98575541836908,14.987315957114333,19.867424872296397,19.78135265412857,0.0,0.0
-14.936224702891195,-3.8119450652593514,-13.797038586024428,16.137140068167355,19.477997546928236,21.628944385185605,0.0,0.0
-14.37362249189755,-5.105637221757206,-12.953049684379948,18.661304088600446,18.992191404511686,21.409751531959046,0.0,0.0
-14.559236172004603,-4.65832743588544,-13.260244046687149,19.305800515197916,18.449070210714126,20.80362177884672,0.0,0.0
-14.941310444031842,-2.3312786282622255,-13.728281151037663,18.142525602364913,16.715262081299443,23.078973509866046,0.0,0.0
-15.15048457426019,-1.350930952175986,-13.695324304891983,18.040735360293183,14.996662852237932,23.604071380657842,0.0,0.0
-15.242660868709208,-1.3968462721531978,-13.01905850757612,17.153381227632053,16.578414988674922,24.66040788506507,0.0,0.0
-14.951970877562417,-1.5390747780184029,-12.522340722585795,17.45763829810312,16.955145735497354,25.84060275682714,0.0,0.0
-15.318673892092193,-1.6298336697218474,-13.37090512784198,18.32439500692999,16.823773894662736,26.122335149528226,0.0,0.0
-15.516296793910442,-1.8027315862564137,-13.59262231356115,19.549002747720806,18.36864987036097,25.697257963533048,0.0,0.0
-14.379129513632506,-2.737672202201793,-12.78168552040006,19.9958193396742,16.557677888136823,25.989006846473785,0.0,0.0
-13.87181222147774,-2.2931911425694125,-13.11166659661103,18.874338978668675,14.967337891837815,26.95525270557846,0.0,0.0
-14.402575116226217,-0.6854498090688139,-13.595510813727742,19.398057604732458,14.626159036211902,26.57764612842584,0.0,0.0
-14.713513762602815,-0.7883387089095777,-13.267269357049372,21.473803014232544,13.173025554977357,25.62230702509987,0.0,0.0
-14.875557822932024,-0.861262450562208,-13.310252490307903,19.828489514969988,13.404797437979141,25.265726366225863,0.0,0.0
-14.633051499782596,0.04011221167456824,-13.600367653445574,18.123522455018247,14.068254002864705,24.82369533716701,0.0,0.0
-14.72684948911774,1.2391951952886302,-13.751969208882656,19.362649493443314,16.269163189455867,23.45881298117456,0.0,0.0
-15.352958029543515,3.4603713626856916,-13.199693007016322,19.63937346235616,17.23411553769256,22.680511172511615,0.0,0.0
-15.72499943675939,4.350925915365224,-12.785816665185848,20.8553333011223,15.936604173970409,24.457322474947432,0.0,0.0
-15.618566591263516,2.9249792217015056,-13.076582125097048,21.61758513341192,17.114538952271687,25.720806461613392,0.0,0.0
-15.19304735190235,2.073284738085931,-12.923954722820781,21.94857233701623,19.230309488630155,26.03144284847076,0.0,0.0
-15.16440986719681,1.1387067116884282,-13.392536705272505,24.04729138559196,20.772687035612762,27.579527592286468,0.0,0.0
-15.096541560196783,-0.4414056752430042,-13.664877059782157,24.833487686904846,19.70547269572853,26.703134291776223,0.0,0.0
-15.00249621720286,-0.43960173754021525,-13.497967774193967,24.660479491227306,18.311510431638453,26.11515497713117,0.0,0.0
-14.584795161237707,-0.19912578063667752,-13.342410855984781,24.163959406490903,18.624267519364366,26.68351444529253,0.0,0.0
-13.646822248789249,1.5037479765014723,-12.888645198167069,23.46406086042407,18.401756001025205,24.874375386163592,0.0,0.0
-13.278360802360112,4.178840794294956,-12.848388947808417,22.33717151323799,17.755414890503744,23.604284663684666,0.0,0.0
-13.291757714294363,5.488301846839022,-12.476271653111326,22.51164727509604,15.677288409147877,24.930364610860124,0.0,0.0
-13.258171936438885,5.880993814644171,-11.879579806205584,23.837921086058486,14.413910695904633,25.89571550677647,0.0,0.0
-13.803283526474843,5.88849591370672,-12.050251181877684,24.20951833081199,16.69112573110033,24.65545968565857,0.0,0.0
-14.125796685664682,5.403945564321475,-12.739149177679792,22.68666170196957,18.371723879943602,24.932171083055437,0.0,0.0
-14.297511689452222,4.234982528330875,-13.468157682946185,21.33259304429521,18.403704835101962,26.382642041135114,0.0,0.0
-14.671073723846348,2.4872522272344213,-14.221816166565986,20.67502362583764,18.695333186420612,24.94553899622406,0.0,0.0
-14.571532334404765,0.5948265777115012,-14.376953405881068,20.997005991317565,18.175617619068362,23.22771845603711,0.0,0.0
-14.76420509806485,1.093008869269397,-14.739107292552944,23.526143306371523,18.676416798873106,24.083442113216734,0.0,0.0
-14.236317508184584,3.435852099515614,-14.629181831638562,24.68865133469808,18.98909606350935,27.48544526193291,0.0,0.0
-13.835527541523334,5.001108462616685,-12.98159357206896,25.461373160069343,17.24389619345311,28.09617099969182,0.0,0.0
-14.13173327545519,6.508912313904148,-12.137833989138016,26.451373181771487,16.850538007944124,27.079276268050307,0.0,0.0
-13.675529838073999,6.909738640853902,-12.141450174269266,23.82273289389559,16.675846136611653,27.954963568947278,0.0,0.0
-13.324766353558516,5.85468019793916,-12.411315750447102,20.73159018397564,15.410553720255848,27.324433313071495,0.0,0.0
-13.656266928563127,2.9990896278613945,-12.246759014960844,20.516680119588273,15.841914666700177,26.88999251194764,0.0,0.0
-14.139388057112228,1.778056783543434,-11.790449762542266,21.70267629547743,16.71028229960939,25.805309494346147,0.0,0.0
-14.41911675746087,3.6705931284232065,-11.752001824817853,23.700531475711614,18.525063520210097,23.315382891509216,0.0,0.0
-14.561106248118449,4.338119317108067,-11.382124405092327,24.336383505084086,21.040894050704082,24.627833787788404,0.0,0.0
-14.303624369902536,3.1170719829387963,-11.709481754078297,25.25014777854085,20.04250855796272,29.106011433294043,0.0,0.0
-14.084548012440791,1.5769808039040072,-11.89220007089898,24.548852890118724,17.886216649290873,31.30101937407744,0.0,0.0
-14.19835824391339,1.7150556841952493,-11.977019453392131,23.317285458557308,16.648679130739765,30.710521306784358,0.0,0.0
-14.229425084398827,3.3366725025261985,-12.302045639080461,23.930021682172082,16.31208420242183,29.660211931564845,0.0,0.0
-14.204722493741428,5.242642250639619,-11.86860606141272,22.74518308331608,16.492940872558393,28.802968009462347,0.0,0.0
-14.448922503273934,4.851922456815373,-11.538949207839323,22.00227008506772,15.35931965149939,29.072336394921876,0.0,0.0
-14.260567540244665,4.933388873847434,-11.586519216303714,23.127288716001203,14.897191056952579,28.422385890007718,0.0,0.0
-14.088137857965194,5.565153855874087,-11.88773550192127,21.714793246239424,15.680921931372723,27.26939551110263,0.0,0.0
-14.233320529514458,6.443095731156063,-12.052294784545666,19.447006702015642,14.951479673298309,25.98266566285747,0.0,0.0
-14.285382737609325,7.605891949526267,-12.124383651156677,20.56989713353687,15.146878472703975,26.00685333344154,0.0,0.0
-14.274626517581055,7.893120879671187,-12.440372435899917,20.45404777370277,16.92549202014925,26.40469171467703,0.0,0.0
-13.915295270766364,8.415984032602864,-13.223299253353616,19.261085803300375,18.27454475144623,25.17762609233614,0.0,0.0
-13.932793658721494,8.380901047465159,-13.094983272312675,18.465721127256984,19.04394227580633,24.94821789872367,0.0,0.0
-14.510112623946043,9.278114475004259,-12.05013859909377,17.996501206536777,18.859794384305133,25.104197058302816,0.0,0.0
-14.241829861799488,11.869420170973171,-11.614890958997421,19.652778697782196,19.4689075210772,24.036454525514273,0.0,0.0
-13.711830136337085,12.272223705673241,-11.591175956942607,20.805900165636558,19.25098406887264,22.841390437009977,0.0,0.0
-13.311300070607103,10.724357062455965,-11.53807149027125,21.490761309541995,17.435502995795105,22.96281403012108,0.0,0.0
-13.303015604411485,11.0669825161458,-11.159018771373667,22.772527642024215,16.81452993673156,22.954276911739726,0.0,0.0
-13.561151663190685,11.501131078563049,-10.868227651109919,22.950738359621027,16.80331795164966,25.92197986089741,0.0,0.0
-13.081163575378014,10.337963338606642,-11.554295940644806,22.795247623260366,16.00219856892363,29.237304871843662,0.0,0.0
-13.020157218794338,10.10878895415226,-11.978852817468578,24.206857334589586,16.241416410979582,28.80500442199991,0.0,0.0
-12.633528718550224,11.101506500068353,-12.226103789114859,24.236837868316798,16.51496113021858,27.28135780338198,0.0,0.0
-12.332914891827386,12.332820560535765,-12.046925510076107,22.969165183778387,16.21563528594561,28.00726639831555,0.0,0.0
-13.00518961076159,14.069401958957314,-12.194109672505874,22.955566554999677,15.26240954201785,28.449994129216066,0.0,0.0
-12.80561638897052,15.308498122729361,-12.866744382539764,23.853760188794695,15.231505339965224,27.71204832199146,0.0,0.0
-12.936647250666283,15.855247542218422,-12.361511893861461,24.944936281943228,16.861011471628444,27.89062179173925,0.0,0.0
-12.67948929121485,15.695334176300094,-11.981972942157881,23.48874120041728,15.228944416652666,27.58343860966852,0.0,0.0
-12.159490938764066,14.944676237093518,-11.381871990364743,20.866677140904358,12.226106488786172,26.247060935245827,0.0,0.0
-12.991064446425298,14.391735837460146,-10.635299916175427,20.29381386426394,11.558087771671126,27.107791086717043,0.0,0.0
-12.898712932452327,14.682171087377355,-10.711610124097206,19.980473393341526,12.143478456418961,28.130953398125712,0.0,0.0
-12.488893978559645,14.592667516859365,-11.034966882230947,19.23631631740136,14.59865270848968,26.211664596339688,0.0,0.0
-12.783340872789267,14.014955307211494,-11.217155373480637,18.521222810493782,17.29760917215026,25.337623065221123,0.0,0.0
-12.940475341601996,13.464293995202752,-11.303781763912411,18.226719050464453,18.190594618499745,24.46518510687747,0.0,0.0
-13.31106739898678,13.998333685594844,-11.325836213334696,18.906240816490026,17.70926997769857,24.594237364508444,0.0,0.0
-13.517741105199093,14.906783303711563,-11.914575635630172,19.608323424239643,16.127862455672584,25.561445971543435,0.0,0.0
-13.3071227723849,16.17879301258654,-12.576349413546268,21.707403930980945,17.09070870548021,27.365449581237044,0.0,0.0
-12.818915428622859,17.098564259766135,-12.674940116587095,21.914746871741954,17.518203558283858,29.99543560598977,0.0,0.0
-13.059564811817836,16.239203470162465,-12.700649696198525,19.613866995612625,16.63702468617703,30.459331180754816,0.0,0.0
-14.093673273629975,16.08593081511208,-12.373387794796145,20.445328227215214,17.514056120679015,30.192950263794046,0.0,0.0
-14.134053755813511,15.57634228724055,-11.80969506377005,22.319424998160684,16.823939440888353,28.879360320977867,0.0,0.0
-13.505723310867324,15.06028400521609,-11.696447087218985,21.92267357747187,15.963986296381336,28.758265093376394,0.0,0.0
-13.039696765132248,14.902665421934216,-11.58276732856757,20.31471921209595,16.088992182165384,29.721222182823112,0.0,0.0
-12.990707262331853,14.748857334023342,-11.469161402725149,19.807708004198503,16.6507499536674,27.834578837355366,0.0,0.0
-12.916112668986898,15.307930089606089,-11.355969251482747,21.024687571130926,18.15993313436047,26.06100851832889,0.0,0.0
-12.518184829939855,15.867886190215359,-10.63321851802175,21.480953701102408,20.015756197681185,25.67475235342863,0.0,0.0
-12.210338462813525,17.141447397254524,-10.723071815387812,20.043403675575973,21.098621344572166,25.898815525055397,0.0,0.0
-12.270430835807929,18.06540377633064,-11.3593582144822,19.43738760164706,21.06823561861529,25.738378369977,0.0,0.0
-12.57788029173389,18.629144390608417,-11.444701354397694,18.508128176239552,19.742118750466034,26.59101017843932,0.0,0.0
-12.74442138944869,18.35595913947327,-11.465440792933805,18.073618773079943,18.92269818551722,28.695998515497195,0.0,0.0
-12.509280224650865,17.403505864640465,-11.442648306343472,21.803138830786338,19.813046730996575,29.433636093483074,0.0,0.0
-12.614840054186061,17.293455839011585,-11.390640530909877,23.68322130048182,19.981469918828225,29.56739633003599,0.0,0.0
-12.645431088312762,16.80907751295308,-11.01528878544923,23.27667386858957,18.30698602553457,29.81538057772559,0.0,0.0
-12.321630408172496,16.42931510474591,-10.727448330493644,22.039344903983874,17.559126356005436,27.250877501559444,0.0,0.0
-12.370632014441071,16.238214266399154,-10.803262665198417,20.147684004507028,18.48299365962157,26.121601271239342,0.0,0.0
-12.057608094182797,16.17963887231599,-10.515792314661667,18.882086785219144,18.689123284304515,27.146381487575127,0.0,0.0
-12.11221588240005,17.036052117065992,-10.288679433782818,17.829936738766264,18.423085402988363,24.940093884099042,0.0,0.0
-12.720336937578395,17.796747302287258,-10.406757587770699,16.718666172528174,17.644819328561425,23.772918696078705,0.0,0.0
-13.08871372390422,17.180543778522406,-10.759192908735713,15.704720970825292,17.700169901916524,23.98999464584631,0.0,0.0
-13.600954799738247,15.525367744572577,-10.657974767469568,16.245495142473374,18.121077177260304,26.01207120390609,0.0,0.0
-13.291801339859376,13.892525073722936,-10.555716935836244,17.97669122379739,17.513429507846013,27.32673265840276,0.0,0.0
-12.734857924166135,12.632362961026956,-10.453087328845868,19.771154012763873,16.699273114907555,27.381571443140274,0.0,0.0
-12.625676419120282,11.744038290795288,-10.04419133477495,19.22965953615494,17.30741383280838,27.78562659936142,0.0,0.0
-12.818099644588074,12.76000859742635,-10.040749136504019,19.431001535820542,18.379742020915728,26.730517305317335,0.0,0.0
-13.516680797241861,15.41258299726178,-10.312598436197732,18.54865762096597,18.401722371345386,26.894965174695244,0.0,0.0
-13.33316728239879,15.374527069390751,-10.462447785568656,17.269745346915442,18.301109357300447,25.20961262684432,0.0,0.0
-12.860622014151886,14.94598181861511,-10.836080325621879,17.707001066301018,19.07470231523621,22.33609763442655,0.0,0.0
-12.805330018134555,16.266011529034586,-10.748877282370813,15.697379900928354,19.53416415915126,23.9201377464924,0.0,0.0
-12.423234654881526,17.101997746678535,-10.349412312963977,14.2869656982366,19.988967624405632,24.582296103209956,0.0,0.0
-12.432689885463333,17.964551670025685,-10.351337106811116,14.673525988822803,20.53851616565953,23.340993081277702,0.0,0.0
-12.39920539688319,17.77125313479337,-10.319456733675906,15.5362543608353,19.391845597099746,24.29594449949218,0.0,0.0
-12.030593146075262,16.04380285940715,-10.26493437361205,17.309671983792214,19.467913536151173,24.24220842446084,0.0,0.0
-12.047887612570776,15.185064738063375,-9.585153451334918,19.05122998810839,18.436812338186428,23.528973871696508,0.0,0.0
-11.717056072811829,15.622128400180372,-9.709766487998422,18.57209326152224,16.204443489696132,23.655390090920264,0.0,0.0
-12.067119496059604,16.10521616236656,-11.28923178682453,18.03831785861985,15.504582038818626,24.722907362505794,0.0,0.0
-12.567822850076482,16.384848587738816,-12.009371699357871,18.172848496353254,16.486678777087945,23.565876821317943,0.0,0.0
-12.254217917768983,17.11323872455978,-11.845193776709493,18.34760974816163,17.528483194415458,22.73807308828691,0.0,0.0
-12.310295289586065,18.134992676132242,-12.003116736304946,18.725975335284602,17.152403618994867,23.489252046390902,0.0,0.0
-12.9187702506606,17.34590552134614,-11.764553110901034,18.842470012197737,18.32440483791288,24.1838911731611,0.0,0.0
-12.980404001602437,16.643600686322316,-11.259997363493312,19.78366894449573,19.54486410136451,25.916747122013476,0.0,0.0
-12.370070158271119,16.588472891628044,-11.190789185784524,19.860421925375704,17.330740829580463,24.669974948541494,0.0,0.0
-12.226136623852653,16.260364467729232,-11.414705241506454,19.6751732188568,16.93902469763998,22.780252306634793,0.0,0.0
-12.090113959653536,16.103312669351,-11.528772858233424,20.409023030515527,19.083591781643918,22.26597713236697,0.0,0.0
-11.95984968348057,17.009528899361612,-11.568568719201721,19.738285186467692,19.10121811166755,22.056041582778562,0.0,0.0
-11.833877147146268,17.564717929504695,-11.251921723043779,18.976843847049167,18.32120816159295,22.738135324412724,0.0,0.0
-11.711195833107922,17.997769466601312,-11.00281950813951,20.21651043140446,17.876034669665387,22.040305467467988,0.0,0.0
-11.591122043551877,20.713339472640655,-9.883414947486017,20.967456085112644,17.937806966889184,22.978178057732293,0.0,0.0
-11.777041995315813,22.119081563621876,-9.402456915937364,21.03095951670548,18.7482761303836,24.76658685799339,0.0,0.0
-11.864384516346036,21.10484787299356,-9.9652783558995,21.518439570849296,19.341385008126963,24.469002729689237,0.0,0.0
-11.885124083230039,20.239016977138817,-10.008152721798979,20.887053880025633,19.11204275250202,24.67449141354882,0.0,0.0
-12.471186368726194,20.894209690843127,-10.311268337041838,21.403005706262775,18.273462081735488,24.81614611131954,0.0,0.0
-12.825520497077378,20.675294143948122,-9.869467612967128,21.87753432180034,17.40480311505962,24.133077880862402,0.0,0.0
-13.02281199384015,18.805488021404017,-10.150792224507313,21.626505290332716,18.072095574170817,22.800441494066035,0.0,0.0
-12.503612947970396,17.9641616197041,-10.613880332559347,21.510444717278006,16.95556494142511,23.704485774680506,0.0,0.0
-11.810367286758265,17.687982361312606,-10.281230074033374,21.57007889120723,15.53245076330495,24.796347100607818,0.0,0.0
-11.916298949101474,18.863882807738264,-10.024471847893437,22.618615623912774,16.63297670817701,25.307814350322587,0.0,0.0
-11.949378932622494,22.1985066615307,-9.51325159863336,22.82536160858581,18.21243375717313,27.506930283416295,0.0,0.0
-11.62948362386669,22.946271630353294,-9.445157744223252,22.47874623798998,18.926983369048685,28.91973102770862,0.0,0.0
-11.680840444460046,20.424453285959316,-9.979272722295718,22.589755830005743,19.275851300597424,29.89453550768667,0.0,0.0
-11.371611853595823,18.307399370198254,-10.306643057672773,22.394565384660382,19.55815308209276,29.878313436580356,0.0,0.0
-10.823262586083729,18.835537164937705,-9.883666376641486,23.180567879840964,18.454579222598113,28.339080115634715,0.0,0.0
-10.725989776838105,19.24631569995836,-9.567410579271382,25.59440287857433,18.390617218683474,28.37890677867108,0.0,0.0
-10.626168386021163,17.79727654712042,-9.630315492133377,26.17293591776979,18.130704659502953,28.640928171778796,0.0,0.0
-11.132661360054044,18.305764959892258,-9.335428275255254,25.93904316413682,17.745633957121754,27.779998418176547,0.0,0.0
-11.437751037039561,20.24546427783207,-8.494417953363154,26.657691007305402,19.60245265404228,27.58000473829452,0.0,0.0
-11.302503947750665,21.253984299502918,-8.207706195214996,26.025756207993254,20.405879268510034,28.986832810624037,0.0,0.0
-11.175285719364183,22.574224439522368,-9.211391064687632,25.785141773783835,20.19837181433104,29.352556346770143,0.0,0.0
-11.053877045691479,23.976673750861664,-9.857149661256699,25.62658919621026,21.0588598686154,29.634512353804894,0.0,0.0
-11.544475288013928,24.13357561203884,-9.953680191130843,24.737441083532758,22.14621385082137,32.0252145564009,0.0,0.0
-11.227351386885857,23.098301836376777,-9.98672514851205,25.91367344628088,22.312717290158616,30.355276246351423,0.0,0.0
-10.063952745724237,20.91058189816249,-9.97695102103171,26.464652673719684,21.874595830304315,28.600282346946187,0.0,0.0
-10.163016569975298,21.027920368345804,-10.242254047916504,27.206735458254116,21.53487845431664,30.539877659408376,0.0,0.0
-10.807294765341794,22.102963682627887,-10.084069939184701,28.155989464081358,20.492149628174957,29.97551056437078,0.0,0.0
-10.292074991943082,22.988287812942872,-10.251669834629865,26.96438809868414,20.623196238972014,29.852668581646867,0.0,0.0
-9.608594429009827,25.63724103315326,-10.331575318035902,26.560113643674413,22.085933973576175,31.76457798635238,0.0,0.0
-10.032007170870202,26.034704908903223,-9.742024048202438,26.069065387622686,22.395635827386286,33.029836766421795,0.0,0.0
-10.892437016242184,25.510100675033755,-9.618005166354124,25.920140657719458,22.050247438601218,33.07562594919,0.0,0.0
-11.132571229769383,25.430300092542893,-9.19739482481964,27.08525355742313,21.845297843276057,30.63987188556348,0.0,0.0
-11.564799843850778,24.707323416732834,-8.884930560539942,25.65452607165207,20.887087242648704,30.06323378914385,0.0,0.0
-11.51468481766642,25.566347951069474,-8.646228549419902,23.932471746898955,20.012333640595898,30.019766282261116,0.0,0.0
-11.137718351150397,26.29523443178914,-8.764264082914451,23.216990929300664,20.74790690955706,27.952464284637244,0.0,0.0
-11.762453441042453,26.584296948072733,-9.425789382308722,22.866557229455793,21.577849782188423,27.142719629162457,0.0,0.0
-12.451423305348726,25.983753421824076,-9.84065543077304,23.061371904128464,24.15737168941996,25.809422455902677,0.0,0.0
-12.568711951782461,26.67698036796355,-9.784384620434139,22.22015719668707,26.541838577279123,25.02146421081852,0.0,0.0
-12.300996809615754,27.88352396947448,-9.408822036231868,21.88770147730247,27.996482943213778,24.118209917243803,0.0,0.0
-11.473744659742806,28.25101109725074,-10.042533273925073,21.499054537678603,29.672958773066057,23.150209759478457,0.0,0.0
-10.576541121525224,29.35539179488842,-11.049399714742322,21.16914349157014,30.342142926092492,22.81465406739153,0.0,0.0
-10.242858809011523,28.81880750673008,-11.078717820782913,21.30906965403119,32.918912871187786,21.843006613315083,0.0,0.0
-9.985529193043476,27.186126033731853,-10.756591318087885,21.273285984643735,34.8856799704954,21.039027341175824,0.0,0.0
