whisker1_1,whisker1_2,whisker1_3,whisker2_1,whisker2_2,whisker2_3,WhiskerGT1,WhiskerGT2,laser,yaw,pitch
1.8540724511240114e-14,-1.5987211554602254e-14,-4.0245584642661925e-15,-1.0148132334464322e-16,1.9317880628477724e-14,-1.2989609388114332e-14,226.06813162001723,225.93186837998277,0.0,2.13469672203064,0.2048157602548599
-1.1840259796776005,1.1762570159274963,0.033272387736545006,-0.10890715703347731,0.0879102233860567,0.9164847873599677,0.0,0.0,894.0,2.140861988067627,0.094554603099823
-2.8400224531410947,2.9335408237080998,0.4284446715702418,-1.289198955465269,-1.1738731439077956,1.0061785410189832,0.0,0.0,894.0,2.1501753330230717,-0.1901316344738006
-3.295821694323188,3.800654703755794,0.764502626635657,-1.6334970959816961,-1.9157437902506842,1.0086313255686135,0.0,0.0,894.0,2.161386013031006,-0.7029895782470703
-3.536449275384827,4.749005835677446,1.0594364774349705,-1.2077384139028378,-1.249376345063159,2.3626124266300392,0.0,0.0,888.0,2.1741528511047363,-1.3476803302764893
-3.932833023407371,5.990342285410311,1.0221756964223725,-0.7469321773769342,-0.5632949488443348,4.159948090995912,0.0,0.0,888.0,2.1846845149993896,-2.0002737045288086
-4.434985719831005,6.260194845300287,0.45177234791999615,1.2122942160126,0.1965699873002127,3.8293021779655456,0.0,0.0,888.0,2.200446128845215,-2.5578830242156982
-4.705030205940139,6.569190323271962,0.4305971934960045,0.6597960170022894,0.7265940634196442,1.95947080330421,0.0,0.0,891.0,2.2032487392425537,-3.04597806930542
-4.815721060051253,6.790854052339322,0.4817851837526399,-1.0253934603918695,1.4856376971182972,1.6357657570185327,0.0,0.0,891.0,2.212567090988159,-3.375473022460937
-5.426550621188878,5.542327958719806,0.888310500609287,0.14950808736525834,-0.30911178420681584,1.748848104923388,0.0,0.0,891.0,2.2163445949554443,-3.6132051944732666
-6.07488117836047,4.108282610478252,0.9252788536042197,0.3355795442622129,-4.1263407125821026,2.555300872946261,0.0,0.0,890.0,2.215660095214844,-3.766827344894409
-6.135702785941397,2.310881885826948,0.09992907914770394,-0.054129466136602744,-7.385387801633925,2.9611521851857505,0.0,0.0,890.0,2.1966874599456787,-3.8263890743255615
-6.100356680593838,0.04151893213136959,-0.09250385078511483,0.5372138412326415,-9.977160270803955,3.4054236505492383,0.0,0.0,888.0,2.176955223083496,-3.8046529293060303
-5.9992837722702035,-1.3742752701307597,0.757886265149175,0.5206055264385889,-11.22390515205237,3.250890862997677,0.0,0.0,888.0,2.1569247245788574,-3.6645097732543945
-5.244052338478507,-1.2718417043705432,1.4047403994495404,0.9713175782822193,-10.496848393748985,2.292219070499692,0.0,0.0,888.0,2.135889768600464,-3.5838356018066406
-4.348697786057701,0.700596945901038,0.6922457835881228,0.8576133373547776,-8.916682041718946,1.0961520408649923,0.0,0.0,880.0,2.0811879634857178,-3.123690605163574
-4.272131573180164,2.7655068795551347,0.2699039646201271,-1.0162521635916077,-6.3686582085437085,-0.5732593379938904,0.0,0.0,880.0,2.068847179412842,-2.96911883354187
-4.450006587399715,5.127602284671169,0.6563292796795607,-3.012487390276067,-3.938257882520981,0.12111984157355282,0.0,0.0,880.0,2.006154537200928,-2.4345409870147705
-4.498149430425543,6.994991110514421,0.9859427978906249,-4.400079261966555,-3.20183659806842,1.6419118805049144,0.0,0.0,874.0,1.979483962059021,-2.2753326892852783
-4.763361786179645,6.620409302340602,1.5794830448771153,-3.8955338806641855,-3.068342950340927,3.3278538159426185,0.0,0.0,874.0,1.9257689714431765,-1.9493309259414675
-5.174091242892561,6.02269262926313,1.7430129230252287,-1.7075893477141428,-3.952100426074297,4.955622434573039,0.0,0.0,874.0,1.8820269107818604,-1.6934380531311035
-5.074163074730377,5.045298947694382,1.9179286749759763,0.941851216691336,-5.312968569574335,5.296848994888299,0.0,0.0,858.0,1.8475985527038572,-1.5023432970046997
-4.321581259702766,4.150571507401827,1.796819341642166,3.0209218157413704,-4.843688015516992,6.338591601174407,0.0,0.0,858.0,1.7915406227111816,-1.3238807916641235
-4.039292666275997,3.5411895510994795,1.167483866128537,3.721147361277152,-4.285202456504511,6.419164206963044,0.0,0.0,858.0,1.731950044631958,-1.153064489364624
-4.3828114302101335,2.069853093525534,0.4951512925343531,2.790677668250743,-6.20553172529967,4.7391132200625465,0.0,0.0,846.0,1.676952838897705,-0.9550830125808716
-4.847886005658034,1.6733761281313495,0.40661564909498654,1.826983040100897,-7.883731496915648,3.4392887188734527,0.0,0.0,846.0,1.6243687868118286,-0.7392889857292175
-5.091728572552389,2.1266097365393506,0.7176934700487181,1.624594305971081,-6.96518068713095,2.2591420473583037,0.0,0.0,840.0,1.5714924335479736,-0.4743849039077759
-5.183711884194956,2.9222200644203102,0.08030865100673007,0.7666585350815758,-6.312134987054898,-0.3565193141012619,0.0,0.0,840.0,1.5319204330444336,-0.220945656299591
-4.868144828985796,5.2346442273228,0.014054070807858171,1.2308911681280243,-6.33796784893736,0.6225886377180765,0.0,0.0,840.0,1.4880977869033811,0.0327333435416221
-3.9684381540286466,6.590433731619385,0.6446310421531387,1.5181947640428812,-5.3898758551838455,4.789552122530145,0.0,0.0,825.0,1.4472330808639526,0.1849878430366516
-3.8871941924172777,7.061976910929352,1.141317137599903,0.8993021737369591,-3.6663127130113207,5.911171530677428,0.0,0.0,825.0,1.4145166873931885,0.3143925368785858
-4.672037320521237,6.209618229089604,1.5453928292344545,0.6460397384895192,-2.2520201803948394,5.736394320271709,0.0,0.0,825.0,1.3751236200332642,0.3789281845092773
-5.13502083865682,4.454396831212539,1.2758970776799832,1.620454030711033,-3.6525860710990057,4.842740803386948,0.0,0.0,815.0,1.3544765710830688,0.3952815234661102
-4.7699285492173145,2.789354562056773,0.8520159084253704,2.5471654218150763,-4.205620580500823,2.8965180684993874,0.0,0.0,815.0,1.3334461450576782,0.4175677299499511
-3.839001945937349,1.781493971840072,0.6268215699101494,1.5791194112560913,-3.62254275258565,1.9561397432840562,0.0,0.0,815.0,1.3049381971359253,0.4353872239589691
-4.346050432922617,2.395985700478615,0.23209380617834574,0.49347229146880206,-4.367810924887296,2.3522586926508438,0.0,0.0,804.0,1.2822725772857666,0.4653851985931396
-4.92308648527314,3.879938021286547,-0.2778326702427193,-0.5717604956987599,-3.5902654796339064,2.729420314794895,0.0,0.0,804.0,1.2547067403793335,0.5016488432884216
-4.63398952573865,4.4323028373730615,0.0497721056682206,-1.423502765275213,-2.653158253803428,3.1520625790228975,0.0,0.0,804.0,1.2401458024978638,0.5277488231658936
-4.665720612579722,4.358495407847762,0.6462938204733529,-0.8543941885881545,-3.8218244774797467,2.9832421989654136,0.0,0.0,792.0,1.2331862449645996,0.542195200920105
-4.613436340587472,5.506948358587685,0.8162134616922101,0.6857147942200932,-4.881988465349203,3.991541371510305,0.0,0.0,792.0,1.22767972946167,0.5316210389137268
-4.200311663309535,5.120869682273227,0.9973708727904433,1.4141737642033438,-4.53596927827156,5.489862408344924,0.0,0.0,781.0,1.2247973680496216,0.471954196691513
-3.5411328285301584,4.038446684209094,1.1858517088762968,1.9781115001998089,-4.496662834600541,5.346695027547779,0.0,0.0,781.0,1.2256722450256348,0.3978873491287231
-3.321858054473607,3.540185220205216,1.6848926036462613,1.547564597484985,-5.609749640056972,4.056035582537359,0.0,0.0,781.0,1.233198165893555,0.2946487665176391
-3.7099383694398456,2.2707055056746546,1.4776235966478146,0.5361451992686663,-5.468707136701525,2.2320485678747324,0.0,0.0,771.0,1.2249466180801392,0.2031304538249969
-4.209326696205318,1.0682398966706426,1.0934439237541582,-0.18479320723317438,-5.73799935901466,2.7311233394195007,0.0,0.0,771.0,1.2196290493011477,0.1095219701528549
-4.172005442170259,2.6094392597970186,1.5067855665873782,-0.7055295695159212,-8.004653304954893,4.196906142974832,0.0,0.0,771.0,1.2219384908676147,0.0403142794966697
-3.767541878011306,4.387779418692186,1.8530995280074345,-1.7741112417666782,-6.930898498272624,4.11796844893753,0.0,0.0,761.0,1.224520564079285,-0.022096648812294
-3.7245541285189327,4.674244409514536,1.5409951454036435,-1.9398446929078337,-5.3995055761923965,4.53660941935322,0.0,0.0,761.0,1.2265691757202148,-0.0742294192314148
-3.9289754691351546,4.292193876203223,1.0849590820273851,-0.6042651139640375,-5.660117870627973,5.378733892110623,0.0,0.0,761.0,1.2366894483566284,-0.1127082258462905
-3.996332508336061,2.6233105149971774,1.143223968834381,-1.0912981941714994,-5.041797741714726,5.01379994048636,0.0,0.0,753.0,1.2269208431243896,-0.1513305753469467
-3.6638444211698684,1.2480150365338916,2.1626489352219154,-2.138508928764403,-4.1046158581072225,3.82373080748315,0.0,0.0,753.0,1.2319300174713137,-0.1962096989154815
-2.7549899644698383,1.5110293149221032,2.3129309154445314,-1.4056368043041818,-4.7768679018962565,2.550135501157538,0.0,0.0,753.0,1.2441734075546265,-0.2326891422271728
-2.3689398860781394,1.823693650372436,1.5623109966642903,-0.5369298384403557,-6.763585290017605,2.7170684705700276,0.0,0.0,746.0,1.2551323175430298,-0.2720491886138916
-3.2517595920217204,1.1137472655029321,1.4155909024903004,-0.26537863969562586,-8.20729138684604,2.6258207130659996,0.0,0.0,746.0,1.263999581336975,-0.3071568012237549
-3.7846441912235576,1.5941830816501803,1.0754312204588976,0.28539135280652755,-8.287218749435313,2.50120546071951,0.0,0.0,738.0,1.2754288911819458,-0.3278998136520386
-3.4701026584207924,2.988031717587961,1.2129981455731849,0.24153074679075953,-7.648529305102634,2.724087657877214,0.0,0.0,738.0,1.2894688844680786,-0.3265823125839233
-3.1833101743145265,3.127740896207981,1.3712192799018494,-0.8949630825688575,-7.572932963549121,2.0247066365573927,0.0,0.0,738.0,1.3084365129470823,-0.3104808926582336
-3.219544661545484,3.478603925224026,0.9338608105542858,-2.7767455928224756,-7.280767865830666,3.0666770020270677,0.0,0.0,728.0,1.3213542699813845,-0.2911504805088043
-3.173259212735749,4.553016881209262,0.6992801624226135,-4.4787850289253,-6.2809669274334645,6.230572685525589,0.0,0.0,728.0,1.3446909189224243,-0.2719355821609497
-3.374069298061373,4.585733949633414,0.29798408810412974,-4.093006621974784,-5.0161287339750675,7.057732100931524,0.0,0.0,728.0,1.3783890008926392,-0.2670629918575287
-3.743537441719209,3.6786748899071564,0.08936024179315831,-2.866705477556751,-4.130084736333894,5.184064126319237,0.0,0.0,715.0,1.4089481830596924,-0.2611303031444549
-3.3172690241872105,2.0033898842296742,0.3189135582278793,-2.345787528359583,-3.2262092263640234,3.2722370788997655,0.0,0.0,715.0,1.426212191581726,-0.2753528952598572
-2.954341150738405,1.341679175288321,0.541875709029006,-1.033015783367536,-2.69930325068131,1.8167903553012137,0.0,0.0,715.0,1.4447087049484253,-0.2772320508956909
-2.938945609444414,2.6725263523477314,0.45394874820122577,0.9200493620288646,-2.8804091931072366,0.8443039648335497,0.0,0.0,706.0,1.4610830545425415,-0.2740955650806427
-3.1613633379852706,2.418194008940471,0.45941792887881905,1.1460194606281928,-2.215765783647527,0.036453945089376494,0.0,0.0,706.0,1.4653501510620115,-0.2621832489967346
-3.546044591556901,1.557190478339504,1.1381699191238295,0.8781939422912488,-0.8652444531206951,0.9218697408840403,0.0,0.0,706.0,1.4833368062973022,-0.2562677562236786
-4.043437922414869,1.6804927518005315,1.9702841890788894,1.3536752828087664,-1.369779888287869,2.258422749903457,0.0,0.0,697.0,1.4983664751052856,-0.2503849565982818
-4.920408016225075,2.477009966708648,1.9927959600847482,2.3367691744262977,-4.0233116431351075,2.7783838801389638,0.0,0.0,697.0,1.514284610748291,-0.2464812844991684
-5.139994274843675,2.8011767622934594,1.4613309141245177,2.4858797872114815,-5.820225958335924,3.071650994959655,0.0,0.0,687.0,1.5251646041870115,-0.2432722449302673
-4.302429524922143,2.4499342768281056,0.8578358064149203,1.5731091250480342,-5.20170702310522,2.9797748212818895,0.0,0.0,687.0,1.541651725769043,-0.2182182520627975
-3.352642056022505,2.820294295657241,0.8156671754789087,1.8995096872611343,-4.648945693208947,3.8729584948747275,0.0,0.0,687.0,1.5572102069854736,-0.1980433613061905
-3.2408422430805013,3.443079295021735,0.5457849240240715,2.384753180277891,-4.250846665051633,5.295223721822995,0.0,0.0,676.0,1.5697898864746094,-0.1538462042808532
-3.7026205538333863,3.6340933457552165,0.4265747117961352,2.5854176112942,-3.4634689621617696,4.6193125180533965,0.0,0.0,676.0,1.5706816911697388,-0.1112372502684593
-3.337126282470088,3.8944454131758306,1.0200871098955089,1.6114995495650288,-3.294583016211308,2.965616305858173,0.0,0.0,676.0,1.5798355340957642,-0.068133145570755
-3.0157401216865547,5.031917564069338,1.4906560973842018,0.914050146354529,-3.6577665646502635,1.8551695796461711,0.0,0.0,665.0,1.5708565711975098,-0.0219834074378013
-2.4217187501741138,4.879833648759308,1.8761576453255242,1.093042585008005,-3.007577013189725,0.8077913850418715,0.0,0.0,665.0,1.567338466644287,0.0087652234360575
-1.945820750302697,3.8457401113554224,1.8967485668955597,0.4995880120621464,-1.1077662109779385,-0.5298578803581667,0.0,0.0,665.0,1.57228684425354,0.0191461648792028
-2.4645575428661464,2.561832663867057,1.9735550886191418,1.831192377880246,-1.0164090736147346,-1.584780653330925,0.0,0.0,652.0,1.5620492696762085,0.0367796644568443
-2.7499241377828905,2.6330724494350735,1.7852070302889642,3.1030228130008286,-1.9948154537900213,-0.3248305267870307,0.0,0.0,652.0,1.553702473640442,0.0690545365214347
-2.8750427352295693,3.9841684644966806,1.7192821777725984,0.7021766137290646,-0.9325452494812432,1.0188428863353431,0.0,0.0,652.0,1.54275643825531,0.0938552990555763
-2.8902669608550826,3.7398106496084185,1.7372524901116262,-1.3620256320863118,-0.4721277350289136,1.5683811691062557,0.0,0.0,640.0,1.537714958190918,0.1201877370476722
-3.133732992555868,3.109945444630514,1.2031957168520893,-0.3470791524428929,-1.028885416431938,1.6573461098186588,0.0,0.0,640.0,1.5230456590652466,0.1319244056940078
-3.22940883817631,3.049023882473652,0.9019105555015584,0.8111749476072265,-2.339685040317823,1.2632386571600056,0.0,0.0,631.0,1.5082610845565796,0.1267082244157791
-3.223773366923906,3.3762638431771252,1.0664255629128323,1.1818952539475864,-3.887433445570803,0.371639496979264,0.0,0.0,631.0,1.4866756200790403,0.1213598102331161
-3.1488318904214663,2.4326084000791504,0.9374507140288195,1.1092554917941646,-4.26437316909451,0.41204917587702483,0.0,0.0,631.0,1.4644875526428225,0.1109918430447578
-2.7231598830586177,3.2167752826978706,1.2173218541864745,-0.34720776394573893,-4.007251003320916,1.4823400652441028,0.0,0.0,620.0,1.4450443983078003,0.1021866574883461
-2.3618386604893487,4.702907299065151,1.7788286602675838,-1.467083606654179,-2.0955700859612447,1.278911571243024,0.0,0.0,620.0,1.435694694519043,0.0990363210439682
-2.0452753016672873,4.9022972454950136,1.6165765984411828,-1.9621257676429464,-1.5475400066126508,0.6855115085927138,0.0,0.0,620.0,1.4143009185791016,0.1106587648391723
-1.7599740000493873,5.417473351559689,1.2629172647933622,-2.2284980584335616,-2.876088335270784,0.13982052645736148,0.0,0.0,607.0,1.3966927528381348,0.1186929568648338
-1.4966378322774165,4.9510920182289375,0.7814774163030453,-2.434096440447226,-1.943052252202839,1.2068646169343633,0.0,0.0,607.0,1.388818621635437,0.122629664838314
-1.5523239495370882,4.858916628626262,0.21358120447168652,-1.2259495312165134,-1.569018294030573,2.188481240735954,0.0,0.0,607.0,1.3722445964813232,0.130513533949852
-1.826173310369039,3.738795329990726,0.19460197614118835,-0.424701972418558,-4.008375789405608,1.6145602749095675,0.0,0.0,595.0,1.3625918626785278,0.1330520659685135
-2.2487378541933913,2.156927394059188,-0.058161078226281304,-0.882940301807019,-5.491013995494077,3.0515948569420095,0.0,0.0,595.0,1.3457629680633545,0.1309549510478973
-3.078130684531108,1.7993725395507256,-0.773831920618086,-0.8302476397620097,-5.045477343996145,4.36652187404411,0.0,0.0,595.0,1.3389129638671875,0.1466866880655288
-3.574810812778323,1.221798354943114,-0.8894595695899579,-1.1139558808009014,-3.5579025570212286,3.3106465117460226,0.0,0.0,589.0,1.327235460281372,0.1476946473121643
-3.536916709392457,0.14204587880996,-0.5943033765388827,-0.6453224615439561,-0.866929768112161,2.272998040725049,0.0,0.0,589.0,1.316017746925354,0.1445060968399047
-3.135809635366159,0.9499724678493066,-0.6305428658750833,0.7293996598714865,0.04157938289307317,2.123293536781677,0.0,0.0,578.0,1.3140499591827393,0.1233589723706245
-3.0963928908985987,1.3985163162662193,-0.8934507308220097,0.26645737026577665,-0.4884203137386596,1.3971801694093982,0.0,0.0,578.0,1.3173240423202517,0.1331419795751571
-3.911449674610374,2.0788967786492565,-0.6990558589436628,-1.8476319410236899,-0.8395418689989562,0.36203570506053695,0.0,0.0,578.0,1.3149794340133667,0.1461035460233688
-4.3966398753196865,1.7322839600266422,-0.8040250818439607,-0.7671516182665032,-1.1761219945298778,0.9481833040070339,0.0,0.0,569.0,1.3169466257095337,0.1496569216251373
-4.045763908782404,0.33212754024155244,-1.11360795500917,0.7303820621709911,-1.0086389609103557,0.9795636943412693,0.0,0.0,569.0,1.3214348554611206,0.1447204947471618
-3.7329499752724598,0.920449728113271,-1.2566336561316456,0.7437463765145362,-2.7072010969732108,-1.7371791884193013,0.0,0.0,569.0,1.3445779085159302,0.1106965914368629
-4.0562012811826715,0.2738716878746066,-0.9794825010553845,0.7235478960884105,-3.7448231025445176,-3.3384965543930303,0.0,0.0,557.0,1.368017077445984,0.0732562243938446
-4.204605312008979,-0.4971414395329464,-0.10947515864788834,0.6804264440965053,-2.951452156428593,-1.6593567306706063,0.0,0.0,557.0,1.4008828401565552,0.0410606227815151
-3.929616707855154,-1.239481353741127,0.24662136458280542,0.9177689642165576,-3.2754006207934068,-0.7317925176869001,0.0,0.0,557.0,1.4250476360321045,-0.0011985171586275
-3.6689593574559054,-1.8484489432029338,0.25038082793583405,-0.12637645842026768,-4.918281578713904,-0.6311928836823868,0.0,0.0,544.0,1.456533670425415,-0.0247245449572801
-4.025558209503823,-1.885069004094156,0.6249223133170292,-1.948991792501226,-4.859862267356108,0.4848519388109873,0.0,0.0,544.0,1.4926921129226685,-0.0234485249966382
-3.8909108990088206,-1.41652402116141,0.6405386474093024,-3.318625160773017,-4.523243852969098,0.08776071363111693,0.0,0.0,544.0,1.5235093832015991,0.0176157765090465
-2.8134989057312856,-0.36520720916399646,0.10461667033241454,-3.882129478530579,-4.490395106811136,-1.738567528840198,0.0,0.0,529.0,1.565757393836975,0.0384527370333671
-2.312003436495,0.13902793584148035,0.11020127243100272,-3.3057546159396782,-4.944243045468327,-2.0225798732912246,0.0,0.0,529.0,1.599243402481079,0.0483295395970344
-2.50902520610624,-0.43644664636660035,0.1803447164565662,-1.6595087320323259,-6.07064411354561,-2.8322227963919078,0.0,0.0,517.0,1.6491349935531616,0.0282250717282295
-2.8776465617464937,-0.5788252682050375,0.29451791848136977,-0.1653577193054213,-7.376144019892434,-3.521237827725691,0.0,0.0,517.0,1.6951308250427246,0.0122706200927495
-2.450078488504098,-0.18650934150910026,0.74451562639187,0.43715393015035714,-7.084396579225846,-2.066238480027039,0.0,0.0,517.0,1.735639214515686,-0.0036593750119209
-1.7845484672889953,-0.247014248721866,1.1174475717988968,-0.16126577116335988,-5.589375543220445,-1.123442845783432,0.0,0.0,512.0,1.7766032218933103,0.0131957819685339
-1.8704016332142746,-1.5732479019680632,1.1309690103725076,-0.2059413840897148,-4.823474250421011,-1.0116317122467,0.0,0.0,512.0,1.821936845779419,0.0258410368114709
-1.8607871982309214,-3.6382273942880943,0.5950914573172617,-0.06656099079810573,-3.445287491982341,-0.9899753457689411,0.0,0.0,512.0,1.8513764142990112,0.0282825343310832
-2.0893355011823553,-3.4844324107032714,0.2937873358487803,-0.09512409790244836,-4.0317775780109555,-1.197814564721869,0.0,0.0,496.0,1.915310859680176,0.0065636490471661
-2.1769116322243773,-1.938684335658472,0.4570490551999725,0.24996369821139341,-4.693192096703778,-0.3780120957549062,0.0,0.0,496.0,1.9627089500427248,-0.0143093522638082
-2.1678576840100097,-1.3322999748338438,0.6343757014476389,0.26035322622592005,-3.687382374349383,0.2106587699378013,0.0,0.0,496.0,1.990103363990784,-0.0192092210054397
-2.699632408794928,-1.721425542249528,0.8209678466809641,-0.44924700801116263,-3.6473838292703693,0.5561174614951555,0.0,0.0,492.0,2.061277389526367,-0.0686329752206802
-2.993445327002581,-3.497741075362422,0.7100605860393759,-1.7462536696028148,-3.98948492930797,0.9614530587900311,0.0,0.0,492.0,2.0727453231811523,-0.0650582313537597
-3.123851621101973,-4.809600605804127,0.6992899136106285,-2.5592997666525514,-3.98787138463823,0.9307741571737687,0.0,0.0,492.0,2.1289587020874023,-0.0535371825098991
-3.44565417348602,-5.094186511625898,1.366446638905924,-0.7796473121430822,-4.355548650018972,-0.3332237588040965,0.0,0.0,473.0,2.169438123703003,-0.0571177676320076
-3.8977611489924437,-5.028141846953991,1.8867044363972423,0.8040056248289198,-5.0837092100417935,-1.9623459443393774,0.0,0.0,473.0,2.212455034255981,-0.0488759391009807
-3.8311856568444393,-4.484246076885325,1.3900824892228933,1.265957883376049,-7.172206793422612,-1.4053662669340532,0.0,0.0,463.0,2.248363971710205,-0.0470564439892768
-3.4098610549043578,-3.7267574838296307,0.8105708288985157,0.37478837001552234,-8.018589644871197,-0.2863675474992422,0.0,0.0,463.0,2.292513370513916,-0.0341583639383316
-2.7466665131033334,-3.4167783410116583,0.7849070680440712,-2.030046111025928,-7.796296621814358,-0.2826667561053188,0.0,0.0,463.0,2.328326463699341,-0.0056288382038474
-2.526246982306592,-3.652927193860161,0.8323091433967367,-2.914622892907047,-8.392647664141895,-0.02558636150658311,0.0,0.0,453.0,2.355612277984619,0.0081650549545884
-2.609219549317168,-4.262261327307552,1.2330697917069968,-3.0508459311104064,-8.109550652483392,0.40433813953414216,0.0,0.0,453.0,2.3914167881011963,-0.0043169539421796
-2.596143674790475,-5.7054861138485835,0.9619359783028134,-1.9888947998488062,-7.504095620319927,0.3891397852265887,0.0,0.0,453.0,2.4138457775115967,-0.0225669294595718
-2.8208401093460016,-4.769308993903079,0.23163783572720792,-0.8938547259630634,-6.506601961486532,-1.2579214768485085,0.0,0.0,442.0,2.44482159614563,-0.0614708326756954
-2.904305010856398,-4.107987528892265,-0.5078855421772882,-0.8565394880477144,-5.30456656180287,-3.5395514293717056,0.0,0.0,442.0,2.468363046646118,-0.0998502597212791
-2.8909706719906225,-5.285362952889337,-1.2497617153184026,-0.857122207814697,-4.460910432835275,-4.05003182712448,0.0,0.0,442.0,2.496365785598755,-0.1197794079780578
-3.1173626400815193,-4.999576556534081,-0.7729668857363353,-0.9823205696724296,-4.251506403255614,-3.3476588315060427,0.0,0.0,430.0,2.506567001342773,-0.1249488443136215
-2.897926973380738,-3.713268925347045,-0.07517642233836284,-1.4861223216723976,-4.367925528350793,-1.5035353610689421,0.0,0.0,430.0,2.534160614013672,-0.1238594576716423
-2.6773604202568038,-2.914438638750686,0.4689494344098539,-2.149261788049958,-4.70703853767108,-0.06618836181052096,0.0,0.0,430.0,2.574951648712158,-0.0971207320690155
-3.0658571401465298,-1.8722004107883818,0.6033775244224482,-3.3148304206063273,-5.306390603755552,-0.41010024736596096,0.0,0.0,417.0,2.61020827293396,-0.0729539319872856
-3.260900164392795,-2.3160643097505274,0.151288896928421,-3.3489074213762424,-4.752782577048478,-1.493426843732482,0.0,0.0,417.0,2.653837203979492,-0.0425323694944381
-3.3231883527961354,-4.366714564718049,-0.0917913499163111,-3.39330860173702,-5.128587473133248,-1.8937658540504354,0.0,0.0,404.0,2.651644468307495,-0.0069623072631657
-2.988590184631382,-4.806103502232279,0.1120851291069896,-4.621526153856777,-6.8648893327112885,-1.117916921172107,0.0,0.0,404.0,2.702502965927124,0.0284899938851594
-2.3831167346966784,-5.312852464719455,0.6213588459546522,-5.088112166215902,-7.03916377387956,0.15025259849079434,0.0,0.0,404.0,2.708595037460327,0.0249372217804193
-2.2053906907999097,-5.864666929181524,0.42570395458805155,-4.4454597983553805,-5.137737717439506,-0.6207114223544609,0.0,0.0,390.0,2.7436954975128174,0.0323027111589908
-2.6241511354018487,-5.3890178521877985,0.05406004980182412,-3.237600765464312,-3.3199918572458866,-0.5821120571122227,0.0,0.0,390.0,2.7691047191619877,0.0423996858298778
-2.840791771525774,-5.041540221707882,0.1721459826126804,-4.100301572470413,-3.112552784973883,0.01278124955906379,0.0,0.0,390.0,2.8148977756500244,0.0861789062619209
-2.9187046306147266,-4.064511017821312,0.0132084474371848,-5.10241337249573,-3.0623790954397325,-1.1322110549634337,0.0,0.0,386.0,2.834644317626953,0.0742745399475097
-3.2050049598657195,-3.71713043269264,-0.029018755159000736,-3.841737268721604,-4.341159134715504,-2.4488502746712593,0.0,0.0,386.0,2.8738386631011963,0.0868902951478958
-3.3298443166992033,-4.279889130695572,0.6180846859324001,-3.687613544615441,-5.692726785422335,-1.282339840803139,0.0,0.0,386.0,2.901735305786133,0.0879066735506057
-3.3439599455529456,-5.4642313291806754,0.5167397307146029,-5.4677478971146645,-5.435895185100193,-0.8493742451819513,0.0,0.0,372.0,2.9446029663085938,0.0904043540358543
-3.282289734660752,-6.365860817044465,0.20943918371301384,-6.7987496138291075,-4.636693624593676,-2.58451739043689,0.0,0.0,372.0,2.982719659805298,0.1046636402606964
-3.1688911405157874,-6.354291083182612,-0.24062373840334933,-6.741613633109677,-4.565906520035208,-3.512513090757699,0.0,0.0,372.0,3.0181825160980225,0.1099549084901809
-3.0203286750632135,-6.435879950179943,-0.4815273296899893,-5.345013223497325,-5.378523815521703,-4.675880723919035,0.0,0.0,364.0,3.056467294692993,0.1208250895142555
-2.8480067468116927,-6.581043488082916,0.030554303714253054,-5.38845081211234,-5.9131472666019445,-5.687079236651725,0.0,0.0,364.0,3.0813567638397217,0.1387625485658645
-2.9632386403908844,-6.531329745889225,0.14147494825328027,-7.396545390173607,-5.484262734899141,-5.63485971857501,0.0,0.0,349.0,3.1018142700195312,0.1356989294290542
-2.668058000102491,-7.292075092821332,0.28362639776181703,-6.822003281942586,-5.339470235448509,-4.065657366505977,0.0,0.0,349.0,3.097819328308105,0.1333546787500381
-2.3961303571785284,-6.8294376784303115,0.4468592333360814,-5.658418018429283,-5.110555404485846,-2.7298261555353442,0.0,0.0,349.0,3.145925045013428,0.1112218275666236
-2.4441234905702256,-5.657752530646206,0.9301162844606138,-5.6632787439695695,-5.211892117032624,-3.4462183408101783,0.0,0.0,337.0,3.152512311935425,0.0833674445748329
-2.4074477015274005,-6.118901478784222,1.3254298885889046,-6.075301678053449,-5.260192360228002,-5.422203854686288,0.0,0.0,337.0,3.1559975147247314,0.0677246823906898
-2.616377719473695,-5.579472409146327,1.353845301837997,-5.978045855754873,-5.383130360169414,-6.593143343468605,0.0,0.0,337.0,3.185681104660034,0.0454274080693721
-2.689467704887145,-6.119330454716366,1.1336381992382119,-5.142723319896762,-6.499348190220606,-6.562039832277517,0.0,0.0,329.0,3.1810872554779053,0.0474992170929908
-2.3660058191102697,-6.692171180115661,0.4378377976132542,-4.492441133096045,-6.294506686700387,-5.792443140310422,0.0,0.0,329.0,3.18975043296814,0.0245392713695764
-2.378799911058561,-6.115748840718699,0.027431443918669744,-4.754637197363639,-6.13113515428658,-4.605471886747713,0.0,0.0,329.0,3.1812081336975098,0.0351987853646278
-2.6216351008511136,-5.220457607712715,-0.1868798442842597,-5.640623458301835,-5.609120679638493,-3.9248226747898887,0.0,0.0,321.0,3.1916565895080566,0.0277949906885623
-2.4144500202670938,-5.052496103020294,-0.5725198038898915,-6.655559681524204,-4.457896048803099,-5.089547820555358,0.0,0.0,321.0,3.183466672897339,0.0262197963893413
-2.203240729937609,-5.4947701134033275,-1.072137946591686,-5.499211644242388,-3.8234150491767522,-4.605732983728323,0.0,0.0,321.0,3.19607925415039,0.0438716299831867
-2.599096218078105,-5.661633646985318,-1.3452697645992973,-3.6441615335354314,-3.262513084212864,-4.238416205410841,0.0,0.0,315.0,3.1934335231781006,0.0903919115662574
-3.1035782267436067,-5.867937847206683,-1.4628882257330962,-3.9645459220144055,-2.0869485580532827,-5.841404132007504,0.0,0.0,315.0,3.204610586166382,0.1270435452461242
-3.0719728717666035,-4.7907416712202,-1.167937285565579,-4.400971023119906,-2.1511436214148603,-6.837709075019319,0.0,0.0,296.0,3.215783834457397,0.1570279002189636
-2.9795690068978935,-4.259871522961628,-0.8972303212712174,-5.012130706669957,-4.393261717342638,-6.9407458625953655,0.0,0.0,296.0,3.240719079971313,0.1550209075212478
-2.542290683404522,-6.105981494204188,-0.949586874078983,-5.840298073595025,-5.799384086429944,-6.432399194108128,0.0,0.0,296.0,3.246364116668701,0.1201805770397186
-2.1733932944261425,-7.219783008807714,-0.3075567505495845,-4.557807218889217,-5.967010101648834,-6.212380336100995,0.0,0.0,294.0,3.263367891311645,0.0908718854188919
-2.461418534219855,-7.590974893167321,0.1988866031572183,-3.4029106346932805,-6.059142184489828,-7.601303415122405,0.0,0.0,294.0,3.266716718673706,0.0655052736401557
-3.501792707580485,-7.692639054138996,0.30560992502282475,-4.794949788649579,-5.045951904820367,-7.490330698949261,0.0,0.0,294.0,3.266929149627685,0.0515707470476627
-4.14197191061004,-7.270450325536574,0.1410959895178074,-6.157834363234173,-4.827927697795907,-7.145313563495675,0.0,0.0,281.0,3.280115842819214,0.0549388118088245
-3.9001206362756653,-7.182734691293072,0.4007250072838543,-6.809680150572014,-5.603423034686254,-9.322677329046407,0.0,0.0,281.0,3.2854039669036865,0.0666382610797882
-3.6621954099273997,-6.026309409371971,1.2534919984932797,-6.4852164229985645,-5.2314126405552015,-10.144899335976355,0.0,0.0,281.0,3.292274475097656,0.0906403437256813
-3.1215067849771754,-5.325247858889799,1.5950429248909637,-6.966317702386148,-5.451710638907459,-9.248776497549342,0.0,0.0,267.0,3.2863245010375977,0.0996835529804229
-2.3747577428414353,-5.995579064485328,1.2826674564651617,-7.605336616001007,-6.244590452373579,-8.5899907739973,0.0,0.0,267.0,3.3119261264801025,0.1114230155944824
-1.7944579536684855,-6.657939409243586,0.5235046436727487,-6.8782108125705665,-6.161971715497201,-8.657436308204247,0.0,0.0,267.0,3.3113362789154053,0.1127366125583648
-1.6351433612906545,-6.5955620848386145,0.37303522778927484,-5.607646956245405,-6.857185311215931,-7.413195689068458,0.0,0.0,258.0,3.338476657867432,0.0992252752184867
-1.7641889627252914,-6.755391576473369,0.6418056036246015,-4.8510735536514105,-5.80598869340132,-6.2065992521689,0.0,0.0,258.0,3.352921485900879,0.0896365866065025
-2.0878035795726486,-7.419738820637713,0.5874862785353827,-5.432102174070164,-4.013508879909898,-6.693535911288567,0.0,0.0,246.0,3.368214607238769,0.0776652172207832
-2.240427334122024,-7.257263485223775,0.615680455074469,-7.220741905073464,-4.658329821266436,-7.548712644240612,0.0,0.0,246.0,3.4000699520111084,0.068213053047657
-1.97228850475882,-6.302422493891002,0.39434401902419325,-6.984903599698637,-5.358390371540081,-8.488813905871435,0.0,0.0,246.0,3.415916681289673,0.0673545897006988
-2.3271914664095394,-5.2600964029503565,0.002724850741152973,-5.660450698914863,-5.428696564482659,-8.77704504955204,0.0,0.0,235.0,3.44852614402771,0.0590788647532463
-2.804202241608771,-4.865627542301424,-0.5021448045223543,-5.9475221230956645,-6.230021002738294,-7.99448897176826,0.0,0.0,235.0,3.4787845611572266,0.0275578666478395
-3.3637970437568816,-4.109687117263446,-1.3894116947215815,-6.159779938681021,-6.646644340022707,-6.9619762155921805,0.0,0.0,235.0,3.5017664432525635,0.0361921861767768
-4.28222945738872,-1.457412720487049,-2.2330629676490057,-6.912543762179887,-6.303311986822708,-7.003981553814354,3.4612599617660464,4.5387400382339536,222.0,3.5220892429351807,0.0811299681663513
-3.9270141026824343,3.909311725012577,-2.433311116859272,-9.600259710194482,-3.832111694197544,-8.09195320613801,3.465662945116037,4.534337054883963,222.0,3.5120363235473637,0.187063068151474
-3.91740033409575,8.06191070207933,-2.4988673783647197,-14.097418523122837,-0.9634894941028465,-9.668868993383692,3.481364530319496,4.518635469680504,222.0,3.476184606552124,0.3156671524047851
-4.748724847873014,13.025964901335941,-2.4721349657063025,-18.350625370238397,0.7328995428111773,-11.971887718934452,13.482691936156982,14.517308063843018,212.0,3.473153591156006,0.4494307935237884
-4.6339642502415295,16.293775575568947,-2.685774852728392,-20.46446851258732,3.4495312444400956,-13.350903044825484,13.488524464639681,14.511475535360319,212.0,3.459835290908813,0.4871852397918701
-4.178051751123486,17.80229908497871,-3.0659140404665544,-20.328196566764856,6.362832004872153,-14.88689452578835,13.505580912959715,14.494419087040285,212.0,3.4208855628967285,0.7068138122558594
-3.7931047599520924,24.576703668251785,-2.9498133742917463,-20.22178982683849,8.570911723033268,-15.737694803314957,35.51349804825685,36.48650195174315,190.0,3.402805089950561,0.7515659332275391
-4.066881146355641,29.651977917153875,-3.4072732679401243,-21.115499767762735,12.722189975595533,-16.426366435517586,35.53951315246502,36.46048684753498,190.0,3.34338927268982,0.8774292469024658
-4.7908048525955875,33.088169260202385,-3.950311755122249,-23.676090753724285,16.706926869302674,-18.024130161521793,35.564500584582504,36.435499415417496,190.0,3.286313772201538,1.1284985542297363
-5.2118675914775965,37.97786283221208,-3.3320236169601705,-26.584970113546046,18.418300906866193,-19.05642917682046,35.59164479203096,36.40835520796904,190.0,3.224304437637329,1.5445303916931152
-4.815470825069205,42.681506181349604,-2.835722856357652,-28.45075134842187,23.10791710239866,-20.3412189777804,35.62499520670741,36.37500479329259,190.0,3.148107051849365,2.1199440956115723
-4.164029027537593,48.657120792746625,-2.4238873284596854,-30.778388260073477,27.935935062078062,-20.69581167604808,48.67236531708713,49.32763468291287,177.0,3.0398590564727783,2.8227946758270264
-4.254720894697911,54.433780610599875,-2.0706739137587555,-32.72899009260131,30.139950103016822,-21.26688886646732,48.721867975207374,49.278132024792626,177.0,2.9267146587371826,3.4411771297454834
-3.9401444247188424,55.352825408641884,-2.3676744841124426,-34.02540793286753,32.37234754755363,-21.671601860193228,48.771487340194426,49.228512659805574,177.0,2.8132805824279785,4.010984420776367
-3.34645014060059,55.401266058378525,-2.196098899194796,-34.575555605962535,34.619660528393354,-22.440303509050132,55.79729745268742,56.20270254731258,170.0,2.754267692565918,4.237735271453857
-2.8689103342787,58.0415293087343,-2.3136609060034923,-36.28427105342393,35.98939651134803,-23.767359952482042,55.83964841165462,56.16035158834538,170.0,2.6574227809906006,4.571245193481445
-2.168344595985286,58.218591492567974,-2.626346992777856,-38.192578633148784,37.91550135924842,-23.270579795481524,55.891065331651475,56.108934668348525,170.0,2.5398261547088623,4.74977970123291
-1.923522365364277,60.235562156692666,-2.4625144313893004,-38.859381501237955,40.265265215732484,-23.419252444718154,58.90853948524426,59.09146051475574,167.0,2.499855756759644,4.757717609405518
-1.9910145311780818,65.63526998868909,-1.9754447025270072,-40.4443634546154,41.740584842038935,-24.798740824151345,58.934312361628656,59.065687638371344,167.0,2.4408984184265137,4.636037349700928
-1.9685941382230168,70.27926257547013,-1.877590240877941,-41.28015139988815,42.45919988138818,-27.185340210558547,58.95185206711389,59.04814793288611,167.0,2.4007720947265625,4.4371843338012695
-1.8847006523684737,73.09909081763712,-2.349697376104871,-42.386214793681425,43.154528619242456,-30.08842395550248,64.96091644539993,65.03908355460007,161.0,2.380034208297729,4.210974216461182
-2.0648460330035947,75.9616339415166,-2.601428702759506,-44.06478321334943,45.87534233591008,-30.181047275728016,64.9734322615638,65.0265677384362,161.0,2.3513989448547363,3.980136632919312
-2.728746254156081,78.72180173163152,-2.395941062717734,-45.152205925617174,47.48219400727928,-29.845669560691228,76.97365505207046,77.02634494792954,149.0,2.350889205932617,3.690028667449951
-2.8069713151896254,79.51773373666285,-1.878037992744028,-45.73428495113549,49.54734765572067,-31.50273279673141,76.9613580846941,77.0386419153059,149.0,2.379023790359497,3.4172942638397217
-3.093710670024919,82.50728803138455,-1.4533542104123571,-46.16433942217899,51.31991542432033,-31.924217126985454,76.94682835259988,77.05317164740012,149.0,2.4122653007507324,3.135258436203003
-3.828466984896999,86.41313876498546,-1.39923761095581,-48.16225497836625,51.21844238781377,-31.894213837454252,71.92817808529315,72.07182191470685,154.0,2.4549314975738525,2.846715211868286
-4.258882882363695,87.75168563886557,-1.5987728830380028,-52.010967291333756,52.82023304554311,-34.15329699274682,71.89349221115262,72.10650778884738,154.0,2.5342750549316406,2.4974639415740967
-4.176737772519119,88.27467257151487,-1.9689874682103876,-54.663394890003445,53.32423643945532,-34.19184122079926,71.85170009565292,72.14829990434708,154.0,2.6298611164093018,2.1141579151153564
-4.047525712826392,91.53844250000962,-2.151771803157252,-54.236974034399196,55.121402598219994,-32.876311870236606,66.80472453438665,67.19527546561335,159.0,2.7372851371765137,1.7263034582138062
-4.4932959162904895,93.5967771561183,-2.205947285123509,-54.25591833391722,55.86299541207423,-34.024407376063394,66.74253927661445,67.25746072338555,159.0,2.8794610500335693,1.3293296098709106
-4.724645767287359,93.41620827217476,-1.5626270305301642,-54.87560492010909,54.161246561291236,-34.31954780186583,66.6715386592929,67.3284613407071,159.0,3.041748285293579,0.945755422115326
-4.2018972421601,92.535579813861,-1.0527689242671752,-56.198663947102816,55.60464940631711,-34.11438341164817,68.59319912255322,69.40680087744678,157.0,3.2207534313201904,0.57208251953125
-3.4677103862478704,91.05192014626496,-1.5481089402598722,-57.41064773132065,57.82284230289497,-35.31408291296756,68.54979804211013,69.45020195788987,157.0,3.3198976516723637,0.3964323699474334
-3.5007255587827353,91.51357655757225,-1.513890973130435,-58.544188528559864,59.3429543302967,-36.599192640339325,68.45199547735356,69.54800452264644,157.0,3.543241262435913,0.0585909746587276
-3.755132616214012,94.02323786784679,-1.4208800058659192,-60.30764608601496,58.832986050722496,-38.72964331026495,68.35315834345329,69.64684165654671,157.0,3.7688379287719727,-0.2354484498500824
-3.5535782514501633,96.16628846163309,-1.5912928488974833,-61.51906788224405,57.38655511563472,-40.56079991238131,68.24802425385991,69.75197574614009,157.0,4.008678913116455,-0.4915150701999664
-3.3439233711143945,96.03849850272324,-1.6381344739332524,-61.85937421177012,58.7834958474713,-40.68837712905132,66.13889698748753,67.86110301251247,159.0,4.257480621337891,-0.7071440815925598
-3.1291490727365554,94.48431287773354,-1.2968715262370254,-60.03138530136377,60.89933958976229,-40.834348715602786,66.02588889536082,67.97411110463918,159.0,4.514960765838623,-0.908228874206543
-2.6078429210004717,94.1987482423529,-0.9942176894744205,-58.39134280239909,61.01094336325431,-41.92767031979943,65.9056458547351,68.0943541452649,159.0,4.788724422454834,-1.0672839879989624
-2.7882461721886345,92.29977503091739,-0.10919881582946744,-59.143133894902135,58.867769212025614,-43.52140140535193,57.78378875247097,60.21621124752903,167.0,5.065939426422119,-1.2020349502563477
-2.8414713593166243,90.95127561329599,0.8665601102006864,-60.646656489399476,57.959299817545414,-44.35147133142596,57.66078921559577,60.33921078440423,167.0,5.345512390136719,-1.3289601802825928
-2.807573720473388,93.04266151342998,0.9895805072717915,-61.48217246523211,59.83171492996466,-44.49206769761026,57.53336182097789,60.46663817902211,167.0,5.634880542755127,-1.4240503311157229
-3.3210597543557556,93.6037719609178,0.5289075713869208,-61.46913803405164,59.67036263511713,-45.117905058044585,58.40290162017004,61.59709837982996,166.0,5.930837154388428,-1.4718965291976929
-3.601105820113291,93.1043974685418,-0.6336623816238401,-60.9717700705989,59.45010286400606,-45.76361857388272,58.2704041738009,61.7295958261991,166.0,6.231090545654297,-1.5078009366989136
-3.7208668852325664,92.69954670661477,-0.7518795084444981,-60.63252420564947,59.96467558262081,-46.25386084306637,58.11854456600838,61.88145543399162,166.0,6.574797630310059,-1.5246073007583618
-4.036648679194697,92.372521879008,-0.15531016607539938,-60.79443086937701,58.7679284875854,-48.44271194953498,56.97669941736959,61.02330058263041,167.0,6.895410537719727,-1.5297132730484009
-3.8765190682411212,91.87242541093991,-0.899062396259576,-61.40005444816444,58.396184668926935,-50.12646273939535,56.83183809828148,61.16816190171852,167.0,7.22239351272583,-1.492184281349182
-3.388625947606659,91.4819019865503,-1.339580341711469,-60.4453315002095,58.03207807824147,-52.337073019432886,56.68724937520318,61.31275062479682,167.0,7.548290252685547,-1.4616315364837646
-3.286852824331339,90.57501466070194,-1.2658065430417007,-59.00966322592697,57.39760794056061,-54.36339049135261,52.538839065150086,57.461160934849914,171.0,7.882290363311768,-1.3971166610717771
-3.451936153568445,89.44248576773924,-1.4521615167707416,-59.40660522345908,56.47087895064741,-54.67806780742096,52.388401452874916,57.611598547125084,171.0,8.220303535461426,-1.3322910070419312
-3.1898780267183557,88.97695921231855,-0.9007994200393151,-61.157775606033766,56.67832969641087,-56.10807373499261,53.21684046416095,58.78315953583905,170.0,8.605074882507324,-1.2396026849746704
-2.9395601172752057,88.02380821634166,-0.4551944458111798,-61.475827012388905,56.995232562503375,-58.69551947802851,53.05644814391232,58.94355185608768,170.0,8.964092254638672,-1.170119285583496
-3.001242324026342,86.38614076695252,-0.998169314994679,-61.98953646341551,57.539348223533096,-59.303965098668925,52.892298321218306,59.107701678781694,170.0,9.33078670501709,-1.108714580535889
-2.972808662247794,86.52485774108621,-1.6045775422283504,-62.93214000893704,59.076664789450646,-59.6575077009778,53.72889412425607,60.27110587574393,169.0,9.695051193237305,-1.0520459413528442
-3.1887045439069253,87.1730882489874,-1.6437715363815215,-62.00504730131384,58.36436094866841,-60.93875887134605,53.56203729763459,60.43796270236541,169.0,10.066197395324709,-0.9867934584617616
-3.2654059437854643,87.81704867236596,-1.2972646941852604,-61.56707239446848,57.488516124263455,-61.91463872997411,53.391481211936764,60.608518788063236,169.0,10.44469165802002,-0.925887167453766
-3.550177937708386,88.69733782966775,-0.9910221827299046,-59.50323276160538,58.051928698810705,-63.38769324644909,54.219414936716845,61.780585063283155,168.0,10.825605392456056,-0.8604030013084412
-3.06388319016125,88.42624444104781,-0.7129464237798325,-57.80157329171683,60.267551193152634,-64.32456399808842,54.04640809336496,61.95359190663504,168.0,11.207627296447754,-0.7890191078186035
-2.0510043483490206,87.24086060761861,-0.1512409733092554,-57.62914739000604,61.73409615561335,-64.6632396119006,53.87089722170066,62.12910277829934,168.0,11.594149589538574,-0.7156707048416138
-1.5927336916935504,85.20656271161391,-0.003533691794647742,-56.24590908667907,60.68675115952068,-66.00810387034362,55.69340086567783,64.30659913432217,166.0,11.983959197998049,-0.6334244012832642
-1.5173186071942215,84.72471186966939,-0.13938265063931315,-56.78298646833841,59.79656381130738,-67.33061188934184,55.51809209910425,64.48190790089575,166.0,12.367862701416016,-0.5492820143699646
-2.0074685351118022,84.36109229486493,-0.16550476516511473,-58.53664376920549,59.573281286664226,-68.3242916781476,55.338050878525564,64.66194912147444,166.0,12.760958671569824,-0.4735517799854278
-2.5776605389500746,83.83978443347331,-0.1164988869380128,-59.155278472505834,59.97698165780208,-69.09098193488525,54.15692572793077,63.84307427206923,167.0,13.155192375183104,-0.4232672452926636
-2.8980046967945765,84.26882186804437,-0.016189175819557533,-60.17292285542351,58.314537152997225,-69.21971982641153,53.97324719498454,64.02675280501546,167.0,13.553692817687988,-0.3669664561748504
-3.0467562567584476,83.24395553423734,-0.1869092750354261,-60.28714233558586,57.17605135530529,-69.84923613053434,54.79046174023648,65.20953825976352,166.0,13.948933601379396,-0.3100244104862213
-2.4684117265320014,82.04672884342408,0.06666803526397011,-59.0946649135075,59.558806074007585,-69.88505680506663,54.60862395819305,65.39137604180695,166.0,14.34078598022461,-0.257483571767807
-2.003145647228195,82.96308020548581,0.9159683815255131,-58.2836109475621,60.413316635574425,-71.88308495940612,54.42759327939592,65.57240672060408,166.0,14.72954273223877,-0.2157368808984756
-1.6161866869839667,83.2068610305671,1.561757970658646,-57.73516381769505,59.83312966340411,-74.514016028198,50.24535168010161,61.75464831989839,170.0,15.11950397491455,-0.1849264353513717
-1.5870486963725918,82.51011074368839,2.0670023063827028,-57.36749919487959,59.71332048314103,-76.22066106721762,50.06244888990955,61.93755111009045,170.0,15.509443283081056,-0.1548722833395004
-1.8052583777773363,82.83536218359839,1.8656739908872395,-57.71638984013014,60.01729994471734,-76.81283315828443,49.87950039591908,62.12049960408092,170.0,15.898012161254885,-0.1311254948377609
-1.2794090471619042,81.97059085125923,0.8778512056058233,-58.85090585593551,60.00616535226523,-75.79011116935331,56.69761957057426,69.30238042942574,163.0,16.2828311920166,-0.0999387875199318
-1.1559214623391583,80.87066733664533,0.5726845468588192,-58.8479150935741,59.60921662921812,-76.65968877440048,56.51643381164348,69.48356618835652,163.0,16.664684295654297,-0.0679312944412231
-1.0045171599272023,82.32102869328618,0.4292784147502256,-58.55514680720669,60.111133131515565,-78.34359482669177,56.33416038332811,69.66583961667189,163.0,17.047298431396484,-0.0543478839099407
-1.137780078295928,84.46852493978284,0.70030085916192,-59.248946544548815,61.39481000152008,-78.99980987511773,62.15395663116814,75.84604336883186,157.0,17.424034118652344,-0.0346456132829189
-1.1620815042363486,85.32463998541644,1.2543292628440703,-57.18205150039999,63.149099526862834,-79.43018492578035,61.97178934477665,76.02821065522335,157.0,17.803300857543945,-0.0198360886424779
-0.5048573946874172,84.69100496013385,1.3939482269738332,-54.59973599279029,65.11575534108532,-80.57608412510871,61.78110304482789,76.21889695517211,157.0,18.198583602905277,-0.0065499171614646
-0.29304558363167565,83.63148056681656,1.8591379217117388,-53.8287561143185,66.51073153349537,-81.73306972853308,62.68171677269817,77.31828322730183,156.0,18.40390014648437,-0.0001488118141423
-0.38641294129637094,82.87482131056674,2.2402155544520355,-53.61277610661543,66.07091948977425,-82.41914187221687,62.49461233008927,77.50538766991073,156.0,18.789100646972656,-0.0088285105302929
-0.9918584743248551,81.26849165406955,1.953582721312572,-54.8575860104619,63.81904814199735,-83.25779474705253,64.32343258361706,79.67656741638294,154.0,19.13998031616211,-0.0247866194695234
-1.3395224343742202,79.4368626832596,1.5141419600205417,-55.43154969429393,63.32212100803203,-82.70157689227666,64.15474971566988,79.84525028433012,154.0,19.484289169311523,-0.0336543209850788
-0.9031855398051055,79.92442020809901,1.5804283509456523,-56.13254879173665,63.53103017398061,-81.98160403186196,63.971956579349666,80.02804342065033,154.0,19.85575294494629,-0.0518662482500076
-0.5382390922795314,81.05162410328626,1.9950675604294044,-58.584394136678554,63.44775954598744,-82.4808491619201,68.81243910158528,85.18756089841472,149.0,20.178503036499023,-0.0758123993873596
-0.8297992419864645,80.498599111192,2.0378217987155494,-59.288353238590624,65.31612296797469,-82.62903445222793,68.66395603109947,85.33604396890053,149.0,20.477731704711918,-0.0873606875538826
-1.2664916733327267,79.62974568714085,1.5201158457225434,-58.501391672233396,66.40906155148012,-83.01782403229149,68.51972487528167,85.48027512471833,149.0,20.76727867126465,-0.108959287405014
-1.194677981014273,79.25093303903652,1.8387706176936023,-58.55864389206863,65.76526715281794,-84.44383080322284,68.38025260087147,85.61974739912853,149.0,21.046220779418945,-0.1356174200773239
-1.078550853967192,78.37673362577293,1.8137002884555595,-58.60620563349872,64.42793078520684,-85.24435232669362,68.24522637395069,85.75477362604931,149.0,21.315279006958008,-0.1600649505853653
-1.235801116101546,77.74390577024653,1.5535032411453589,-58.84194794722056,64.66159013598079,-86.07172801225822,68.10671672100725,85.89328327899275,149.0,21.59025764465332,-0.1697335243225097
-1.276316970632139,77.9954491555385,1.7448162494899828,-58.717467622693356,63.92683572363272,-87.62142001298925,69.97632981425897,88.02367018574103,147.0,21.848159790039062,-0.1871790289878845
-1.5403436425540913,78.14719511005556,1.3293455828267517,-59.13133491064475,61.86483625236303,-89.74607955725057,69.8509295315192,88.1490704684808,147.0,22.09532356262207,-0.2079870104789734
-1.3498392623723199,79.06179108315888,1.4124051707044325,-60.008925386231795,63.99360831923225,-92.65706152975673,69.72891806561012,88.27108193438988,147.0,22.334980010986328,-0.2409043312072754
-1.1521907354553989,79.08526149445625,2.142322043936273,-60.02518342843321,66.66380768491265,-93.89698725075007,72.61394398262624,91.38605601737376,144.0,22.560062408447266,-0.2723292410373688
-1.5569777883999014,77.8945172404632,2.09456310513741,-60.33533195096034,65.98350107515107,-93.67774083322729,72.49142833120192,91.50857166879808,144.0,22.799102783203125,-0.3089797496795654
-1.4627483406761799,77.87875303368337,1.820743020072806,-61.4355897793488,63.78437063640606,-94.57987138656408,74.37587363704043,93.62412636295957,142.0,23.02379608154297,-0.3561603426933288
-0.7238186260863204,77.36921030101539,2.002195979775893,-62.48456736537933,63.21257603961908,-96.87162504877644,74.2717571817559,93.7282428182441,142.0,23.225608825683597,-0.3794407248497009
0.15126291276883735,78.18572690176342,2.1888518453756163,-62.319500534146904,64.4214980022657,-99.0905947200054,74.15311393086446,93.84688606913554,142.0,23.454837799072266,-0.4073567688465118
-0.09611541564238851,79.07521694465584,2.072761369205422,-62.10867688981488,65.23775268376527,-101.2552887989468,74.04155057435088,93.95844942564912,142.0,23.66966438293457,-0.4343557357788086
-0.2005963056925267,79.53420922891253,1.446303104762027,-62.84890704315771,64.62165791071382,-102.36200446155412,73.94027028919942,94.05972971080058,142.0,23.86408042907715,-0.4598484933376312
0.09636669407891242,80.41690952372561,1.0813062294676765,-65.51388553584901,62.14600894146506,-102.0370049140032,73.84072657119219,94.15927342880781,142.0,24.054595947265625,-0.4468484818935394
-0.24298813172426126,80.41705656011618,1.8087925233058948,-67.13178503375255,60.55442030825084,-103.55552643349716,74.72360851615929,95.27639148384071,141.0,24.278024673461918,-0.4483744204044342
-0.10664075305165654,80.15259532856466,2.065973067160181,-66.95431929504763,61.56686219193718,-105.54282887872264,74.67729938042876,95.32270061957124,141.0,24.366153717041016,-0.420812726020813
0.35490780522560583,80.29974403493051,2.6102428166565876,-66.92303571960208,62.59491400794629,-106.1247750999443,74.51834237164317,95.48165762835683,141.0,24.667724609375,-0.401788055896759
0.43110353869636897,81.55965782215762,3.0439118394883504,-67.08805313746552,61.633160961562254,-108.42335142479878,77.46619393217145,98.53380606782855,138.0,24.76634407043457,-0.385174036026001
0.8504113667561557,80.50305281735172,3.095103142154289,-68.56635641486035,61.248652152463606,-110.39670409925058,77.34677544802531,98.6532245519747,138.0,24.99159049987793,-0.3584046065807342
1.2001687024410292,78.34471236459869,3.4938913103612315,-69.6622334236761,60.702289170035975,-111.18629344167523,77.22670903007378,98.77329096992624,138.0,25.21722984313965,-0.3358649909496307
0.5887793745357681,78.38519025408628,3.2168468262609835,-70.39555588304303,60.26093171034643,-112.74334848443665,79.10308343154202,100.896916568458,136.0,25.448686599731445,-0.309999018907547
-0.06960263479593087,79.56241274759404,3.3932770757686463,-70.68689887051089,60.40548187272613,-114.11675173484291,78.95581185048232,101.04418814951768,136.0,25.723257064819336,-0.2753083705902099
-0.14941681771876744,79.1588714053704,3.573689956703917,-69.49840885697614,59.512256798654576,-115.36172934430819,78.80627628860063,101.19372371139939,136.0,26.000757217407227,-0.2358238250017166
-0.4450721124938042,78.86006013286152,3.7564637866716124,-66.80391029012995,58.51277671083059,-116.5163262315653,78.65683373412662,101.34316626587338,136.0,26.27678108215332,-0.2113926857709884
-0.8878097914004,78.04138636314228,4.246413854477351,-65.24567880220417,55.89322772181125,-116.81725936602004,78.48320253954765,101.51679746045237,136.0,26.59584045410156,-0.1927214711904525
-1.4278211107571934,76.5158675058567,4.030224319136431,-64.27312006161898,55.26681337061179,-117.40688688991848,80.29616398307783,103.70383601692217,134.0,26.937557220458984,-0.1905117481946945
-1.7298353378016438,75.45472944850842,3.6347914589616708,-63.209806841509504,58.49968206266509,-119.91740487550742,80.0969071110886,103.9030928889114,134.0,27.299331665039062,-0.1995283663272857
-1.564939816958001,73.06292272664736,3.423447388576913,-63.65813444644287,60.21676946765147,-122.55289086991314,79.89287693551671,104.10712306448328,134.0,27.66734504699707,-0.2103157490491867
-1.3843789601473797,69.65200558765156,3.338483556149822,-62.68745355788444,60.01004422055273,-123.2306772750994,81.6738075960927,106.3261924039073,132.0,28.059743881225582,-0.2185398936271667
