whisker1_1,whisker1_2,whisker1_3,whisker2_1,whisker2_2,whisker2_3,Laser1,Laser2,laser,yaw,pitch,positionX,positionY,positionZ,velocityX,velocityY,velocityZ,GT,GT1,GT2
-1.2906342661267445e-14,3.3084646133829665e-14,-5.68295410730002e-15,7.424616477180734e-15,-8.01581023779363e-14,-1.8846035843012032e-14,0.0,0.0,750.0,4.41887092590332,0.0239527765661478,0.3930810093879699,-0.652362048625946,1.3543603420257568,0.187944620847702,-0.0209731291979551,-0.0140347564592957,775.826764689019,0.0,0.0
-0.22855831429987788,0.49805746747411905,0.7063141233938072,-0.07560792218266567,-0.6221821889541971,-0.11330164631793668,0.0,0.0,750.0,4.406777381896973,-0.0232039038091897,0.3967256844043731,-0.6538769602775574,1.3541302680969238,0.1870264261960983,-0.0210627149790525,-0.0123763484880328,772.1447250596016,0.0,0.0
-0.6838671570035042,1.058097531499047,0.9304172913684832,-0.05837055788418616,-2.0753404182552595,0.08391868468608565,0.0,0.0,750.0,4.394681453704834,-0.1009645611047744,0.4004540741443634,-0.6553823947906494,1.3538843393325806,0.1867605745792389,-0.0211591981351375,-0.0151234725490212,768.3790604933713,0.0,0.0
-0.6813813609182634,1.3502245079401427,0.08243359133162032,0.1641431973325866,-3.57872468373787,-0.0008116115634433374,0.0,0.0,741.0,4.390337467193604,-0.1407683342695236,0.4044258296489715,-0.6566203832626343,1.3535572290420532,0.1869648098945617,-0.0199030861258506,-0.0148141290992498,764.379860504131,0.0,0.0
-0.47715224481123386,1.9595376874915302,-0.30983528922266695,0.2774079004028329,-4.908795190212151,-0.9127593528559104,0.0,0.0,741.0,4.386759281158447,-0.2159339040517807,0.4086204767227173,-0.6581659913063049,1.3532272577285769,0.1875115036964416,-0.0196156222373247,-0.0150899942964315,760.1540986386688,0.0,0.0
-0.38969871079369334,2.891662422202404,-0.40675144266518454,0.27471651610158276,-6.084547176359514,-1.154335462918409,0.0,0.0,741.0,4.3836870193481445,-0.2710055410861969,0.4107115268707275,-0.6592128872871399,1.3530502319335938,0.187776505947113,-0.0206003487110137,-0.016452694311738,758.0428998441142,0.0,0.0
-0.5535022000572699,3.91256718256013,-0.5860684333576621,0.18831307807936454,-7.1040047213333395,-1.1957046190254303,0.0,0.0,725.0,4.372544288635254,-0.286550223827362,0.4163106083869934,-0.6609116792678833,1.3525749444961548,0.1884082108736038,-0.018915032967925,-0.0167733486741781,752.4016069273217,0.0,0.0
-0.7572721670148285,4.414523510048652,-1.1374970530114716,0.12110127925666025,-8.290221523402604,-1.8325925841304938,0.0,0.0,725.0,4.372553825378418,-0.2777472734451294,0.420299768447876,-0.6624186038970947,1.3522106409072876,0.1890453249216079,-0.018908591940999,-0.0175245720893144,748.3854151141754,0.0,0.0
-1.0421669884243654,4.462293646118232,-1.565325616927557,0.2582033136011167,-9.227004369545828,-2.350623180072133,0.0,0.0,725.0,4.367964744567871,-0.2892498075962066,0.4222199022769928,-0.6634361147880554,1.3520135879516602,0.1893932074308395,-0.0200620181858539,-0.0183940045535564,746.4446410140686,0.0,0.0
-1.4340692299883901,4.61987405469121,-1.5928481568316855,0.25773121895811657,-9.544844841761153,-2.852688587477008,0.0,0.0,725.0,4.370960712432861,-0.2918210625648498,0.4259708523750305,-0.6649406552314758,1.3516584634780884,0.1897486001253128,-0.0203810837119817,-0.0160475932061672,742.6696844390259,0.0,0.0
-1.6355779154917842,4.868154175924713,-1.474015465893568,0.341602052741865,-10.287822861415506,-3.3397743625024177,0.0,0.0,725.0,4.379002571105957,-0.2974435985088348,0.4297796189785003,-0.6661500334739685,1.3513442277908323,0.1903673559427261,-0.0196351706981658,-0.0160706657916307,738.8447905110337,0.0,0.0
-2.0195799450497294,5.042084127321138,-0.9077811976063952,0.5850479924255406,-10.324548136090323,-3.507900933689895,0.0,0.0,714.0,4.39011812210083,-0.295475423336029,0.4338544607162475,-0.6679173707962036,1.3509986400604248,0.1911943405866623,-0.0207746345549821,-0.0155049730092287,734.7486739691999,0.0,0.0
-2.248446672077494,5.346848361861984,-0.7886925891263129,0.6610600235550527,-9.770771849571313,-3.141358107345105,0.0,0.0,714.0,4.387098789215088,-0.2940040230751037,0.4378519654273987,-0.669171154499054,1.3506639003753662,0.1917050182819366,-0.0199744664132595,-0.0147609394043684,730.7247625973375,0.0,0.0
-2.4417130582944804,5.451144128587839,-1.0756599569190401,0.7757016047332332,-10.119586905150442,-3.0201495029857455,0.0,0.0,714.0,4.4004316329956055,-0.281834989786148,0.4417157173156738,-0.6706557869911194,1.3503462076187134,0.1923096626996994,-0.0203536599874496,-0.0162857174873352,726.8454978711368,0.0,0.0
-2.3988317958842935,5.699990376713414,-1.522660573416735,0.8952334785103202,-10.221733667092355,-3.4581274678014196,0.0,0.0,701.0,4.409687042236328,-0.2756923139095306,0.445805013179779,-0.6718834042549133,1.350030541419983,0.1930586397647857,-0.0193515494465827,-0.0139602283015847,722.7400774171352,0.0,0.0
-1.9988817358234692,5.719166798857612,-2.0117462974395828,0.9253966776911272,-10.701028849165837,-3.672469992714208,0.0,0.0,701.0,4.413631916046143,-0.273532897233963,0.4501572549343109,-0.6731243133544922,1.349751591682434,0.1940321177244186,-0.0181988682597875,-0.0134801361709833,718.3665687966692,0.0,0.0
-1.542801231914623,4.972852196671629,-2.2386679547886974,0.980219275847939,-11.80358433000936,-3.5988063798822436,0.0,0.0,701.0,4.420676231384277,-0.3094944357872009,0.4544996321201324,-0.6746709942817688,1.3494195938110352,0.1949181854724884,-0.0183383524417877,-0.0132265174761414,714.0015367539257,0.0,0.0
-1.195861362132762,4.777090042799819,-2.522710026924076,1.103798508457398,-12.915959752342452,-3.4851057839088706,0.0,0.0,683.0,4.420456409454346,-0.3144712448120117,0.4583213329315185,-0.676179826259613,1.3491383790969849,0.1951805502176284,-0.0189379323273897,-0.0133203333243727,710.1527098607747,0.0,0.0
-1.4570573729967133,4.992836280812161,-2.5215143630649126,1.1843163054960346,-12.899141389635538,-3.892831988007622,0.0,0.0,683.0,4.421685218811035,-0.2759006023406982,0.4622572660446167,-0.6773931980133057,1.3488576412200928,0.1958326697349548,-0.0182503275573253,-0.013882995583117,706.1943867715864,0.0,0.0
-1.827624155991769,5.257199433879038,-2.2223149046660873,1.292212114974879,-12.07918607786985,-4.547440905067715,0.0,0.0,683.0,4.428802967071533,-0.2389860898256302,0.4661439061164856,-0.6789007186889648,1.3485894203186035,0.1960236877202987,-0.0186620894819498,-0.0122151337563991,702.2864421492235,0.0,0.0
-2.090531956406659,5.529254656605243,-1.3959321535428795,1.3688075713468288,-11.684802250925205,-4.737737544677556,0.0,0.0,680.0,4.436241149902344,-0.1929497420787811,0.4700357317924499,-0.6803939938545227,1.3483374118804932,0.1961024403572082,-0.01908521912992,-0.0117018464952707,698.3736909520036,0.0,0.0
-2.31411796478551,5.4850035309821665,-0.6645897175600879,1.3050134711592711,-11.000403301945392,-4.515505702848957,0.0,0.0,680.0,4.440411567687988,-0.1483830064535141,0.4740088880062103,-0.6816113591194153,1.3480608463287354,0.1964065432548523,-0.0184926651418209,-0.0126952258870005,694.380298815982,0.0,0.0
-2.615432704153349,5.279543708919663,-0.40800677360201265,1.2103291512054017,-10.780839999559197,-4.269309023250506,0.0,0.0,680.0,4.440043926239014,-0.1171396747231483,0.4762099385261535,-0.6826491951942444,1.3479119539260864,0.1965185701847076,-0.0195206925272941,-0.0116259371861815,692.1612221283162,0.0,0.0
-2.893849223685564,5.092453660858076,-0.5728301479637917,1.0605540463696943,-10.721411878538843,-3.9126009691840133,0.0,0.0,673.0,4.442216873168945,-0.0932253748178482,0.4819286167621612,-0.6846480965614319,1.3475332260131836,0.1956508457660675,-0.0193834006786346,-0.0130048198625445,686.4071389592278,0.0,0.0
-2.619990594710962,5.315218162876258,-1.0572211932544433,1.0772250314232656,-9.70271139431214,-3.673543512642199,0.0,0.0,673.0,4.451225280761719,-0.0747234895825386,0.4859073460102081,-0.6858626008033752,1.34727680683136,0.1957599371671676,-0.0187090300023555,-0.0119333220645785,682.4119515932599,0.0,0.0
-2.366953111019122,5.508470184379091,-0.8269163430000233,1.241337190347548,-9.097203739817877,-3.2870476768920667,0.0,0.0,673.0,4.449331760406494,-0.0679682195186615,0.4897504448890686,-0.6873683929443359,1.3470180034637451,0.1952291429042816,-0.0192625820636749,-0.0122478455305099,678.5402774284996,0.0,0.0
-2.607937788079738,5.359074455223289,-0.5252832954635233,1.3489027908011786,-9.617378053870436,-2.7695896514971023,0.0,0.0,663.0,4.44841194152832,-0.057157214730978,0.4936811923980713,-0.6886099576950073,1.3467496633529663,0.1951030790805816,-0.0187149159610271,-0.0114681776612997,674.584941517814,0.0,0.0
-2.8222606520898954,5.495692319255941,-0.6504905110362617,1.3960862617757048,-9.78205879913029,-2.909502421384627,0.0,0.0,663.0,4.449793815612793,-0.0404743440449237,0.4955696761608124,-0.6896471977233887,1.3466311693191528,0.1946401596069336,-0.0200606267899274,-0.0109572149813175,672.6804254774373,0.0,0.0
-2.8999863470449343,5.647623447942793,-0.7005312275317682,1.3997952576101695,-10.010095241610017,-3.2378030306617123,0.0,0.0,651.0,4.444586753845215,-0.04297386854887,0.5013566613197327,-0.69135981798172,1.3462697267532349,0.1940276175737381,-0.0186269357800483,-0.0115341562777757,666.855744808026,0.0,0.0
-2.70887621533967,5.3002196021018895,-0.9376061698152179,1.309199764817512,-10.691113351064203,-3.7329997581217165,0.0,0.0,651.0,4.436820983886719,-0.0642600506544113,0.5054642558097839,-0.69289630651474,1.346021294593811,0.193868413567543,-0.0188732892274856,-0.0098490351811051,662.7142057974609,0.0,0.0
-2.426979225451342,4.825935202843968,-1.0866837391176851,1.312106992690717,-11.340449663149835,-4.249901108321723,0.0,0.0,651.0,4.4280290603637695,-0.1131941303610801,0.5075956583023071,-0.6939763426780701,1.3458757400512695,0.1936960071325302,-0.0201390460133552,-0.010609240271151,660.5579666324661,0.0,0.0
-2.279736412771332,4.3588247442252435,-1.1029482887087911,1.3235152433494557,-12.159884015778642,-4.480367929594483,0.0,0.0,636.0,4.418117046356201,-0.1414380669593811,0.5113751888275146,-0.6955215334892273,1.3456181287765503,0.1931941658258438,-0.0208583120256662,-0.0114423055201768,656.7435693343637,0.0,0.0
-2.150302402608035,4.0178183708104465,-0.974052161801056,1.3336461097291172,-13.237557489417778,-4.546406658851568,0.0,0.0,636.0,4.41195821762085,-0.1478404849767685,0.5171607136726379,-0.6972582340240479,1.3452675342559814,0.1932248324155807,-0.0194457434117794,-0.0108505627140402,650.919666752591,0.0,0.0
-2.025751302053751,3.753263018649402,-0.6080861644529686,1.3981462299343141,-13.9117832963504,-4.608812419891088,0.0,0.0,636.0,4.400801658630371,-0.153638407588005,0.5190120935440063,-0.6983330249786377,1.345131516456604,0.1928138434886932,-0.0209848750382661,-0.0119668282568454,649.0425315452294,0.0,0.0
-1.8598074213061815,3.908297822207614,-0.27656948898465783,1.3132459730586115,-13.8306189033774,-4.309775908377611,0.0,0.0,625.0,4.394919872283936,-0.131339818239212,0.5228114128112793,-0.6998651027679443,1.344857096672058,0.1925451755523681,-0.0214836299419403,-0.0117641715332865,645.2117496208402,0.0,0.0
-1.861681164152356,4.351778976266293,0.11489052640393038,1.2275848246695849,-13.71107775409453,-3.6541588876932316,0.0,0.0,625.0,4.38603401184082,-0.1380310356616974,0.5288083553314209,-0.7016366124153137,1.3444904088974,0.1927121728658676,-0.019898796454072,-0.0112754320725798,639.1738373590409,0.0,0.0
-1.808025995895029,4.818670688493402,-0.22098434672124107,1.2159868317846039,-13.7205831690519,-3.7968339729757,0.0,0.0,625.0,4.377046585083008,-0.1562103927135467,0.5307430624961853,-0.7026957273483276,1.3443543910980225,0.1926946341991424,-0.0213583372533321,-0.012134819291532,637.2152473640698,0.0,0.0
-1.7051446253123783,4.9478119202834705,-0.9574040547584797,1.2615167654700754,-14.151201239960416,-4.342355676684896,0.0,0.0,622.0,4.368015766143799,-0.1805352121591568,0.534517765045166,-0.7042755484580994,1.3441087007522583,0.192417711019516,-0.0221234876662492,-0.0101380506530404,633.4064564460109,0.0,0.0
-1.7630838918778504,4.700101285303786,-1.159601715429997,1.433693644975082,-14.37710642530934,-3.679585566252398,0.0,0.0,622.0,4.353286743164063,-0.1521853953599929,0.5383450388908386,-0.7055466771125793,1.343885064125061,0.192459300160408,-0.0216233432292938,-0.0119825387373566,629.5449735974945,0.0,0.0
-1.7134266968163137,4.995814524595078,-1.630896337314808,1.5949699283811019,-14.294778518275407,-2.701727771559961,0.0,0.0,607.0,4.3350348472595215,-0.1376873552799224,0.5426056981086731,-0.7071388363838196,1.3436155319213867,0.1926026046276092,-0.0217165574431419,-0.0114288739860057,625.2428538580912,0.0,0.0
-1.6141629578735495,5.2888301498078585,-1.5881163443001682,1.6338925152154822,-13.253095637781184,-2.6852147764299836,0.0,0.0,607.0,4.320302963256836,-0.1561037302017212,0.5464158058166504,-0.7084387540817261,1.3433793783187866,0.1924530565738678,-0.021266458556056,-0.0097643807530403,621.3985666836566,0.0,0.0
-1.6648063543612637,5.417990144872262,-0.8901406861392344,1.4428583921554161,-12.714863532943792,-2.659026278742609,0.0,0.0,607.0,4.31204080581665,-0.1336375325918197,0.5501906871795654,-0.7099977731704712,1.343139410018921,0.1921495050191879,-0.0218201894313097,-0.0122253615409135,617.5908906015595,0.0,0.0
-1.7567764467416498,5.408727121675106,-0.2642894010815367,1.1882624042687726,-13.670906201905407,-2.661279791154605,0.0,0.0,600.0,4.292047023773193,-0.1398429423570633,0.5542190670967102,-0.7115864157676697,1.3428688049316406,0.1920811831951141,-0.0220488980412483,-0.0107050240039825,613.520914287042,0.0,0.0
-1.5787163355129739,4.840949232152057,0.5513062078407632,1.111618932171003,-14.092833803079339,-2.6685002700491305,0.0,0.0,600.0,4.2823262214660645,-0.1641653180122375,0.5586341619491577,-0.7129307985305786,1.3425804376602173,0.1921656876802444,-0.0208474472165107,-0.0128095597028732,609.0738398670587,0.0,0.0
-1.4678408823406863,4.332731386744538,0.927110456360429,1.1272722872151335,-13.967878617736785,-2.5906891590786447,0.0,0.0,600.0,4.26860237121582,-0.2029369175434112,0.5622512102127075,-0.7145101428031921,1.3422908782958984,0.1913616359233856,-0.0214394517242908,-0.0128467986360192,605.4206902998682,0.0,0.0
-1.6210737835421034,4.510374561707485,0.957821127456529,1.1690709223658469,-14.368889976212094,-2.6366261399262356,0.0,0.0,589.0,4.256040573120117,-0.2196903973817825,0.5660037398338318,-0.7158088684082031,1.342009663581848,0.191323697566986,-0.0209161005914211,-0.0129932593554258,601.6363230251786,0.0,0.0
-1.5996774519598627,4.8959272250425165,0.5373927130088765,1.0465781102628258,-14.641057032056352,-2.5033152215204306,0.0,0.0,589.0,4.239199161529541,-0.231571227312088,0.5699542760848999,-0.7174127697944641,1.341687798500061,0.1913523077964782,-0.0212800204753875,-0.0145140383392572,597.6470058365675,0.0,0.0
-1.6383545717109051,4.910551972798677,0.16110041192326263,0.9469273015709757,-13.516688539654309,-2.390818941885029,0.0,0.0,589.0,4.227113723754883,-0.2333479821681976,0.5721778273582458,-0.7188290357589722,1.3414753675460815,0.1910967379808426,-0.0234316233545541,-0.0141056012362241,595.3934377715411,0.0,0.0
-1.5153094546548969,4.4418772678252765,0.0868188292633268,0.9803991282434646,-12.23657538434327,-2.154133354169612,0.0,0.0,582.0,4.216777324676514,-0.2189700901508331,0.5761383175849915,-0.7204225063323975,1.3411741256713867,0.1911261528730392,-0.0235765744000673,-0.0122318789362907,591.398803930345,0.0,0.0
-1.8163101765610423,4.02232372044056,0.13603929644794993,0.961899886617197,-11.325437147533918,-1.8801332102187864,0.0,0.0,582.0,4.20022439956665,-0.2167021334171295,0.5801121592521667,-0.7217578291893005,1.3408880233764648,0.1912205964326858,-0.0227364152669906,-0.0123512120917439,587.3902379308863,0.0,0.0
-2.447489401153405,3.8431524921150935,0.08641297504206277,0.8695497370265104,-11.13972154949935,-1.841970818046089,0.0,0.0,582.0,4.179592609405518,-0.2154303342103958,0.5837802886962891,-0.7230669260025024,1.3406343460083008,0.1907932311296463,-0.02219626493752,-0.0117942141368985,583.68586802549,0.0,0.0
-2.5887095227965937,3.757995477825471,0.048250295016673383,1.0031748221192236,-11.308747035463735,-1.8505109004843392,0.0,0.0,568.0,4.159317970275879,-0.2238185852766037,0.5874983072280884,-0.7246757745742798,1.3403925895690918,0.1905754804611206,-0.0227894261479377,-0.0093768518418073,579.9281460200938,0.0,0.0
-2.601751385386303,3.875703868872999,0.3648020618045109,1.3180252148114675,-11.467248203170938,-1.5224823286822544,0.0,0.0,568.0,4.139381408691406,-0.2265355885028839,0.5914607644081116,-0.726306140422821,1.3401931524276731,0.1906356066465377,-0.0231373477727174,-0.0089773973450064,575.9257389216319,0.0,0.0
-2.557452764562439,4.292701035639288,0.25260765443847844,1.3997897380366375,-11.48985405251597,-1.2740863590087694,0.0,0.0,568.0,4.129727840423584,-0.2317479848861694,0.5951307415962219,-0.7278869152069092,1.3400529623031616,0.1902799308300018,-0.0234874561429023,-0.0063958596438169,572.2234296172863,0.0,0.0
-2.462313703858295,4.658601798986421,0.005055267805656175,1.4725053085425295,-11.301560236491664,-1.1330932980720898,0.0,0.0,558.0,4.101053237915039,-0.2569422721862793,0.5988513231277466,-0.7291986346244812,1.339927315711975,0.1902579814195633,-0.0227977056056261,-0.0061914147809147,568.462514430659,0.0,0.0
-2.6287664501103403,4.775358884007157,-0.10864385975504866,1.5369179742569283,-12.280123330388413,-0.9249297685067119,0.0,0.0,558.0,4.093567848205566,-0.2623575329780578,0.6030063033103943,-0.730826735496521,1.3397585153579712,0.1905251294374466,-0.0227224733680486,-0.0064094308763742,564.2753771981373,0.0,0.0
-2.516578810286482,4.832668507890636,-0.20306701013040201,1.4985356156002168,-12.560503430362097,-1.0718904209941433,0.0,0.0,551.0,4.072132587432861,-0.2709542512893677,0.6066602468490601,-0.732125997543335,1.3396341800689695,0.1902977526187896,-0.0220752116292715,-0.0057335142046213,560.5861709041758,0.0,0.0
-2.2026375441715427,5.040729692548159,-0.5794556592158986,1.5009270322639743,-12.257359856228929,-1.155816315735906,0.0,0.0,551.0,4.050795078277588,-0.2759516537189483,0.6103696823120117,-0.7337160110473633,1.3395050764083862,0.190297931432724,-0.0225646551698446,-0.0060094287618994,556.8379595144518,0.0,0.0
-2.016558462688044,5.059457147376925,-0.8977792540109453,1.4370624701791923,-12.91700004400802,-0.895189516439657,0.0,0.0,551.0,4.03293514251709,-0.2793046236038208,0.6140913367271423,-0.7350148558616638,1.3393504619598389,0.1903998106718063,-0.0218536313623189,-0.0062067955732345,553.0834702894393,0.0,0.0
-1.6484462848853954,4.9877283884482,-1.0735944304275564,1.3889161389361004,-13.798588715500154,-0.7436276610192836,0.0,0.0,535.0,4.016371726989746,-0.2746068239212036,0.6177704334259033,-0.7366039752960205,1.3392139673233032,0.1902541518211364,-0.0222939271479845,-0.0058906450867652,549.3688127131871,0.0,0.0
-1.5275016643097823,5.1164333289277115,-0.8690819195654785,1.4104816150981072,-14.334551827492485,-0.7616350156597865,0.0,0.0,535.0,3.9982542991638175,-0.2610117793083191,0.6215409636497498,-0.738167941570282,1.3390264511108398,0.1904749125242233,-0.0226452350616455,-0.006983115337789,545.5622034531035,0.0,0.0
-1.88674813065124,5.064698067898771,-0.5810491488843986,1.4194264822099558,-14.130403014650016,-0.7679488944663588,0.0,0.0,535.0,3.983796358108521,-0.246971383690834,0.625220775604248,-0.7394605278968811,1.3388696908950806,0.1902841329574585,-0.0219487939029932,-0.0075706872157752,541.8521420774051,0.0,0.0
-2.365133212773232,5.169231305514813,-0.6812744216925087,1.5019745920108707,-14.49759737110558,-0.9431899316851511,0.0,0.0,522.0,3.969828605651856,-0.2386302500963211,0.6289633512496948,-0.7410168051719666,1.338709831237793,0.1903121024370193,-0.0221541505306959,-0.005629685241729,538.0762556612384,0.0,0.0
-2.6210892548371936,5.257254810284349,-0.6730021209897243,1.6305990062165687,-13.981026974662383,-1.0152959224043845,0.0,0.0,522.0,3.954242706298828,-0.2337654531002044,0.632705569267273,-0.7423092722892761,1.3385531902313232,0.1903436183929443,-0.0215004887431859,-0.0072510815225541,534.3033670721893,0.0,0.0
-2.577302318954653,5.091783274323399,-0.8495501349047839,1.6594696402226874,-12.806749486994198,-0.9597192718811894,0.0,0.0,522.0,3.941862106323242,-0.2457798421382904,0.6363863348960876,-0.7438675165176392,1.338357925415039,0.190108522772789,-0.0218918044120073,-0.0067438511177897,530.5904894070395,0.0,0.0
-2.2781841797301325,5.01784953757398,-0.7000433788482078,1.6381438606025711,-12.277649780742669,-0.8640341896689505,0.0,0.0,514.0,3.936777353286743,-0.2569636404514313,0.6401572227478027,-0.7454425692558289,1.3381571769714355,0.1902925670146942,-0.0223561059683561,-0.0076442710123956,526.791121775158,0.0,0.0
-2.0135643205426423,4.905794054815449,-0.5697562330329541,1.5531346391273293,-11.50941198905088,-0.8588347532182736,0.0,0.0,514.0,3.937870979309082,-0.2465614676475525,0.6438330411911011,-0.7467314600944519,1.33798086643219,0.1901011317968368,-0.0216581784188747,-0.0083701964467763,523.0939224229828,0.0,0.0
-1.6669668323769593,4.682461914697924,-0.6015613526422218,1.4583867557063428,-11.72084468057978,-1.0599188242761437,0.0,0.0,514.0,3.935407876968384,-0.2392246425151825,0.6475878357887268,-0.7482791543006897,1.3377639055252075,0.1901885271072387,-0.0218977276235818,-0.0076274662278592,519.3124476911095,0.0,0.0
-1.4064962416430167,4.079935218208516,-0.6141479155279256,1.391635426814959,-12.079228263010238,-0.9394339782696886,0.0,0.0,505.0,3.9352505207061768,-0.2355913519859314,0.6513961553573608,-0.7498406171798706,1.3375524282455444,0.1904563307762146,-0.0222153477370739,-0.0088708456605672,515.4784080610295,0.0,0.0
-1.5398339541883526,3.49960237389961,-0.5642967233293055,1.4436114696964806,-12.350968105779135,-0.6601771590633033,0.0,0.0,505.0,3.938265085220337,-0.2438565790653228,0.6551021337509155,-0.7511172890663147,1.337336182594299,0.1903605163097381,-0.0214070901274681,-0.0093668596819043,511.7521443504145,0.0,0.0
-1.4444556168322134,3.339418529571378,-0.42252064868879025,1.5922948956000615,-13.141265903481752,-0.7081344345997523,0.0,0.0,496.0,3.944275140762329,-0.2396161705255508,0.6588837504386902,-0.7526766061782837,1.337141036987305,0.1905407905578613,-0.021637674421072,-0.0079307211562991,507.948026927731,0.0,0.0
-1.1920454176411845,3.2714831803879147,-0.6803807316350212,1.6389908064691237,-12.91121841283609,-1.0463660166641224,0.0,0.0,496.0,3.949045181274414,-0.2483293116092682,0.6625657081604004,-0.7539375424385071,1.3369598388671875,0.1903668642044067,-0.0208777878433465,-0.0087826885282993,504.24686605229994,0.0,0.0
-1.1177027988087271,3.243590109500305,-0.9480974429433481,1.5396566498736848,-12.028513211328164,-1.2467025238368437,0.0,0.0,496.0,3.9546852111816406,-0.2598490118980407,0.6663239002227783,-0.7554712295532227,1.336729645729065,0.1905162036418914,-0.0211043749004602,-0.0097904792055487,500.46627469929695,0.0,0.0
-0.8599689647828241,3.17370609776692,-1.2419817057335494,1.4879398922810976,-12.047687127038056,-0.9465491398671595,0.0,0.0,487.0,3.965525150299072,-0.2524313032627105,0.6700689792633057,-0.7567380666732788,1.3365684747695925,0.1906274259090423,-0.0203245412558317,-0.0083534223958849,496.7048221422592,0.0,0.0
-0.5767325642938577,3.066619112855667,-1.105530364410215,1.4696975683433038,-12.758632776562521,-0.9757530177699276,0.0,0.0,487.0,3.976694345474243,-0.2522708773612976,0.6737948060035706,-0.7582527995109558,1.3363306522369385,0.1906281858682632,-0.0205060821026563,-0.0106477504596114,492.9595809652584,0.0,0.0
-0.6689036842900397,3.045995703287856,-0.5693166935787174,1.3771966041714723,-12.51177541371181,-1.20727310492409,0.0,0.0,487.0,3.988682508468628,-0.2513303756713867,0.6778051853179932,-0.7595128417015076,1.3360875844955444,0.1910785883665084,-0.0193861052393913,-0.0100754704326391,488.932958728412,0.0,0.0
-0.9112432071422598,3.221490505773673,-0.5854922556516903,1.21888106821299,-11.65057977473325,-1.0242487329443954,0.0,0.0,472.0,4.005090713500977,-0.2564888894557953,0.6817208528518677,-0.7610706090927124,1.3358650207519531,0.191037580370903,-0.0194662790745496,-0.0089572155848145,484.9995174763231,0.0,0.0
-1.1844248867912257,3.4514630926277956,-0.992179371713192,1.1723466121539838,-11.652993605523783,-0.8683084569012576,0.0,0.0,472.0,4.031467437744141,-0.255412757396698,0.6858514547348022,-0.7626481652259827,1.3356335163116455,0.1911142319440841,-0.0194207765161991,-0.0098709305748343,480.8554390481195,0.0,0.0
-1.5305843907019803,3.7295977920069903,-1.3370764545493132,1.2336118506265727,-11.374412116633593,-1.2409512519064545,0.0,0.0,472.0,4.04218864440918,-0.2451266646385193,0.6895976066589355,-0.7638983130455017,1.3354488611221311,0.1912055313587188,-0.0187784153968095,-0.0085905510932207,477.09269509640825,0.0,0.0
-1.3068314427330046,3.572691983013465,-1.599580578023191,1.1005869461987983,-10.413667336896928,-1.6875455724636683,0.0,0.0,462.0,4.059823036193848,-0.2450022101402282,0.6933621168136597,-0.7654389142990112,1.3352066278457642,0.1912744492292404,-0.0192960184067487,-0.0105063011869788,473.3112091254034,0.0,0.0
-0.8384185668876525,3.2687093085441807,-1.4715876967116117,1.0107158073927462,-9.516295698142168,-1.479107882245267,0.0,0.0,462.0,4.066876411437988,-0.2260372340679168,0.6971200108528137,-0.7669839262962341,1.3349981307983398,0.1912862509489059,-0.0197874810546636,-0.0089248828589916,469.53097211494094,0.0,0.0
-0.9357169673942588,3.6283471383753723,-0.9426054847024521,1.1171380092682464,-8.766133249413613,-1.5522795530839861,0.0,0.0,455.0,4.07354211807251,-0.2160602360963821,0.7009180784225464,-0.7682179808616638,1.3347989320755005,0.1914618611335754,-0.0190840121358633,-0.0092481030151247,465.7142410735756,0.0,0.0
-0.8656463178906837,4.344319144969006,-0.7745980561507979,1.041666013961308,-9.248528332116752,-1.4078148830196557,0.0,0.0,455.0,4.087152004241943,-0.2147525399923324,0.704637348651886,-0.7697597742080688,1.3345781564712524,0.1912272572517395,-0.0195892564952373,-0.0116219008341431,461.97584189882474,0.0,0.0
-0.6008767396588265,4.736655461140628,-0.8727906342189896,0.843199015305877,-10.191911559816429,-1.3589317462293842,0.0,0.0,455.0,4.099612236022949,-0.2186074554920196,0.708389937877655,-0.7710047960281372,1.3343381881713867,0.1912065148353576,-0.0188881959766149,-0.0108835464343428,458.2072319722453,0.0,0.0
-0.5724008455923191,4.996639800330322,-1.2520240517067256,0.7232135487472809,-10.821515674038123,-2.1513223136116495,0.0,0.0,445.0,4.125539779663086,-0.2072321772575378,0.7121638059616089,-0.7725462317466736,1.3340827226638794,0.1912030279636383,-0.0193493030965328,-0.0119143929332494,454.41998085848167,0.0,0.0
-0.5949897215065683,4.9843698733043045,-1.6353695087854463,0.5321899426756704,-11.804458531997318,-2.591647644784631,0.0,0.0,445.0,4.139578819274902,-0.2279153168201446,0.7142339944839478,-0.7736364006996155,1.3339531421661377,0.1911529004573822,-0.0205153245478868,-0.011574912816286,452.33918397636177,0.0,0.0
-0.6628673072849551,4.526582651498016,-1.7233799543021961,0.39106501779067515,-11.87232539157571,-2.7721528893701275,0.0,0.0,445.0,4.160588264465332,-0.2458803653717041,0.7182619571685791,-0.7751978635787964,1.33372962474823,0.1915071904659271,-0.0206461939960718,-0.0095297032967209,448.2945900997978,0.0,0.0
-0.566897508843528,4.390651676989435,-1.9391909240279013,0.3689906781109723,-11.128270174685355,-2.7581322051168145,0.0,0.0,430.0,4.187763690948486,-0.2551096975803375,0.7219818234443665,-0.7764500975608826,1.3335567712783811,0.1914396733045578,-0.0199680123478174,-0.0097315404564142,444.56546136919746,0.0,0.0
-0.8816134155496,4.3434498043244165,-1.569945623285806,0.29285481094905963,-10.4406791230126,-2.661408707379446,0.0,0.0,430.0,4.204967975616455,-0.2772067189216614,0.7259282469749451,-0.7779968976974487,1.3333594799041748,0.1915460228919983,-0.0201395563781261,-0.0096384165808558,440.60066354006136,0.0,0.0
-1.4124351258060024,4.178076364859297,-0.9810414751375086,0.14105633385789948,-9.02743625051197,-2.7438208841392275,0.0,0.0,430.0,4.224130630493164,-0.2684918940067291,0.7297455072402954,-0.7795436978340149,1.3331961631774902,0.1919205039739608,-0.0205533318221569,-0.0079817529767751,436.76609904044034,0.0,0.0
-1.5786113683799605,4.308448313148785,-0.8505962401168891,0.2037575362369189,-8.451706559943101,-2.878489209538231,0.0,0.0,423.0,4.24108362197876,-0.265654444694519,0.7353880405426025,-0.7812955379486084,1.3329578638076782,0.1921620368957519,-0.0191218834370374,-0.009152672253549,431.0991894330142,0.0,0.0
-1.5233529410784379,4.575114329035854,-1.2358185536429183,0.47566377674918386,-8.6736511196459,-2.860288088815496,0.0,0.0,423.0,4.2693376541137695,-0.2656990587711334,0.7374429106712341,-0.7823596000671387,1.3328758478164673,0.1921052485704422,-0.0201148614287376,-0.0078978752717375,429.04051112976157,0.0,0.0
-1.3170523386209023,4.365109217912839,-1.4253579814530686,0.651461933411112,-8.195121902483166,-2.5972140637991012,0.0,0.0,423.0,4.278735637664795,-0.2548208236694336,0.7414443492889404,-0.783923864364624,1.3327360153198242,0.1923549175262451,-0.0203104987740516,-0.0081787407398223,425.016206598164,0.0,0.0
-1.2377078381189124,4.371597356005074,-1.1873821664091475,0.5823787113187648,-7.095477005391598,-2.658084199520318,0.0,0.0,410.0,4.295889377593994,-0.2438409626483917,0.7451423406600952,-0.7851705551147461,1.3325672149658203,0.1921091675758361,-0.0196180306375026,-0.0090421419590711,421.30358948866706,0.0,0.0
-1.3168780801799462,4.612450688733908,-1.4223212487291663,0.3985133708149215,-6.113911918586787,-2.8270113431695383,0.0,0.0,410.0,4.320468902587891,-0.2368762046098709,0.7488947510719299,-0.7866994738578796,1.3324147462844849,0.192042589187622,-0.0198813565075397,-0.008318000473082,417.53625689996795,0.0,0.0
-1.6278215373318239,4.344271738780734,-1.5691423060678282,0.33851343009736196,-5.760782088186792,-3.091682557691244,0.0,0.0,410.0,4.3501410484313965,-0.2357295900583267,0.7530688643455505,-0.7882595062255859,1.332245111465454,0.1921445280313491,-0.0197442304342985,-0.0100007755681872,413.3483059746775,0.0,0.0
-1.6441346162317818,3.940990077996222,-1.3839134121021923,0.2670804593911602,-5.550029572283099,-3.331403589794613,0.0,0.0,401.0,4.376837253570557,-0.2391117513179779,0.7568303346633911,-0.7895193099975586,1.3320763111114502,0.1921648979187011,-0.0190411284565925,-0.0089205307886004,409.57607982255126,0.0,0.0
-1.6602843412874972,3.2630678124291412,-1.1126054013001747,0.21331224864254814,-5.105378625042599,-3.3329368598954536,0.0,0.0,401.0,4.403671741485596,-0.2608928680419922,0.7605412006378174,-0.7910683155059814,1.3319649696350098,0.1919702589511871,-0.0194197725504636,-0.007940836250782,405.8507872282802,0.0,0.0
-1.8696814248743137,2.693989940549009,-0.7651288535132815,0.3160144514926788,-4.597602547392551,-3.322716758067007,0.0,0.0,390.0,4.432494163513184,-0.2525956332683563,0.7645609974861145,-0.7923277020454407,1.331817388534546,0.1923601329326629,-0.0183250419795513,-0.0079382946714758,401.8204602776485,0.0,0.0
-1.7393291425776576,2.7770064651445523,-0.30495609461599826,0.3127341675061105,-4.377393057415475,-3.354943270271985,0.0,0.0,390.0,4.464685440063477,-0.2445838898420334,0.7682799100875854,-0.7938534021377563,1.3317316770553589,0.1921643614768982,-0.0184958688914775,-0.0048659574240446,398.08965074543926,0.0,0.0
-1.9878618441418086,3.2411412973144422,0.20948215620409827,0.17864033763502427,-4.737612680985127,-3.335372140964632,0.0,0.0,390.0,4.489321708679199,-0.2544788420200348,0.7722442746162415,-0.7950970530509949,1.3316437005996704,0.1922910958528518,-0.0175129398703575,-0.0062563559040427,394.1127946309158,0.0,0.0
-2.2551618337412576,3.2139373124315918,-0.1799202009174205,0.24821024857300328,-5.48565020864007,-3.1804268505299347,0.0,0.0,375.0,4.509807109832764,-0.289809912443161,0.7759029269218445,-0.7966073751449585,1.3315664529800415,0.1919831782579422,-0.017747787758708,-0.0041453805752098,390.4367825533368,0.0,0.0
-2.175894501620833,2.709416895125516,-0.8268479657959864,0.2534728537483712,-5.765262867378386,-3.12092296681764,0.0,0.0,375.0,4.529990196228027,-0.3099872469902038,0.7799199819564819,-0.7981364130973816,1.3315025568008425,0.1924531459808349,-0.0177221745252609,-0.0044885505922138,386.4011059837175,0.0,0.0
-1.8455969356310171,2.8078455434092704,-1.0858761665055419,0.22084117629354438,-6.441458535979435,-3.488012653000794,0.0,0.0,375.0,4.552762508392334,-0.3150331079959869,0.7836809754371643,-0.7993584871292114,1.3314193487167358,0.1926727890968322,-0.0168692674487829,-0.0048498599790036,382.6270358917542,0.0,0.0
-1.4514276767846732,3.2503867537463123,-1.8072189562019871,0.38920974088293236,-7.396313402722948,-4.106870086403287,0.0,0.0,369.0,4.573625564575195,-0.3154780268669128,0.7855339050292969,-0.800679624080658,1.331394076347351,0.1925252974033355,-0.0191099476069211,-0.0041988287121057,380.7628792152723,0.0,0.0
-1.4661120753845645,3.2815555897969184,-1.8865887772838736,0.2474266994413612,-8.038180538578288,-4.391334619411878,0.0,0.0,369.0,4.596467971801758,-0.3008925318717956,0.7897199988365173,-0.8019214272499084,1.3313037157058716,0.192937895655632,-0.0177256632596254,-0.0050538713112473,376.56233262368386,0.0,0.0
-1.5263269171308036,3.067115231560143,-1.5959018609212285,-0.10333904116660955,-8.185567444081412,-4.720779635907052,0.0,0.0,369.0,4.619988918304443,-0.2837606072425842,0.7934840321540833,-0.8033955097198486,1.3312013149261477,0.192986324429512,-0.0177825018763542,-0.0052258800715208,372.78195791762556,0.0,0.0
-1.4682918869692065,2.7543168712792303,-1.3850663270433434,-0.32998555114794914,-7.3883739504036505,-4.548882929408942,0.0,0.0,357.0,4.639053821563721,-0.2699872553348541,0.797238826751709,-0.8048676252365112,1.33110249042511,0.1929279118776321,-0.0178616736084222,-0.0051529752090573,369.0086765734694,0.0,0.0
-1.4534137940477867,2.82588240982616,-1.0910387968019515,-0.4549331073136531,-6.602238746612817,-4.168453600365295,0.0,0.0,357.0,4.660242080688477,-0.2530781626701355,0.8010492324829102,-0.8060467839241028,1.3309531211853027,0.1931120455265045,-0.0168717037886381,-0.0075439452193677,365.18425239887864,0.0,0.0
-1.5896188713311268,3.3577997840323723,-0.9318044375899325,-0.5173134381249616,-5.663935639632647,-3.9447255729931365,0.0,0.0,357.0,4.683365345001221,-0.2138059139251709,0.8047593832015991,-0.807503879070282,1.330795168876648,0.19275763630867,-0.01688077673316,-0.005940964911133,361.45749038408104,0.0,0.0
-1.5531386176891218,3.706966262551226,-0.2851927559181748,-0.6285484096190179,-5.512089598895259,-3.8399269576626347,0.0,0.0,349.0,4.699185371398926,-0.1729845851659774,0.8085362911224365,-0.8086866736412048,1.330650806427002,0.1926068514585495,-0.0158948693424463,-0.006588855292648,357.6638784795034,0.0,0.0
-1.3634761232947563,3.851879634257831,0.10431585177797845,-0.7830451061421404,-6.021989664530242,-3.8244221742071094,0.0,0.0,349.0,4.7178263664245605,-0.1879272311925888,0.8125486969947815,-0.8101620674133301,1.330466389656067,0.1925293654203415,-0.0157199408859014,-0.0070231868885457,353.6316191571514,0.0,0.0
-1.2988586171278786,3.6960771527031375,-0.19627570502339553,-0.9758091268684083,-5.5480379677179394,-3.4934133196824124,0.0,0.0,339.0,4.727352619171143,-0.2138583064079284,0.8162503242492676,-0.8116199374198914,1.3303006887435913,0.1920215934514999,-0.0159022975713014,-0.0067725959233939,349.9068844281036,0.0,0.0
-1.0390445951004665,3.434834213307587,-0.6555792997847213,-1.1085422594056016,-5.502072261453167,-3.70877419017024,0.0,0.0,339.0,4.738014221191406,-0.2208451777696609,0.8200064301490784,-0.8127800226211548,1.3301206827163696,0.1919125318527221,-0.0150355827063322,-0.0073387720622122,346.13178416189146,0.0,0.0
-1.0146385363927783,3.712876744701241,-1.1562271807713633,-1.1687517224181034,-6.358798158142948,-4.03028512386095,0.0,0.0,339.0,4.746331691741943,-0.249339610338211,0.8238247632980347,-0.8142068386077881,1.3299139738082886,0.1920771151781082,-0.0151800364255905,-0.0068387952633202,342.28977574960163,0.0,0.0
-1.0405083850035322,4.349784575588233,-1.1949135313473527,-1.201138201696955,-6.625372304679731,-4.230302281121416,0.0,0.0,337.0,4.751016616821289,-0.2674227058887481,0.8275647163391113,-0.8153490424156189,1.3297199010849,0.1919918060302734,-0.0143145462498068,-0.0098053151741623,338.52833126643344,0.0,0.0
-0.5545416542598387,4.475040906223922,-1.2219738044146404,-1.1061658049084073,-6.820165689715034,-4.916249100475733,0.0,0.0,337.0,4.754152297973633,-0.259279727935791,0.8313546776771545,-0.816771388053894,1.329498052597046,0.1921419203281402,-0.0143817672505974,-0.0078127225860953,334.71246139279407,0.0,0.0
-0.569072550115892,4.343186423808984,-1.58321427267793,-0.9835169167923806,-7.347629547033733,-5.38607254772202,0.0,0.0,337.0,4.758033752441406,-0.2766947448253631,0.8350614905357361,-0.8182141780853271,1.3293031454086304,0.1919193118810653,-0.0147653203457593,-0.0093727800995111,330.9799662709895,0.0,0.0
-1.038216227305927,4.1802458589999185,-1.79659479834142,-1.0240815414350277,-6.599266874164308,-4.943927683925746,0.0,0.0,315.0,4.76142168045044,-0.2652874588966369,0.8388354182243347,-0.8193619251251221,1.3290742635726929,0.1920862048864364,-0.0140467565506696,-0.009911136701703,327.18373420414537,0.0,0.0
-1.4103186945958963,3.5188917370926793,-2.1412039526906517,-1.2473096624830333,-6.958435237305437,-4.880298305143514,0.0,0.0,315.0,4.764344692230225,-0.2613563239574432,0.8425825238227844,-0.8208058476448059,1.3288512229919434,0.1920455694198608,-0.0145175484940409,-0.0096647124737501,323.4103685834518,0.0,0.0
-1.516299875503632,3.4066413957269046,-2.5477959497162352,-1.27470160018489,-7.920637432719042,-5.368414675162998,0.0,0.0,315.0,4.769378662109375,-0.276574045419693,0.8463386297225952,-0.8219534158706665,1.3286277055740356,0.1920992881059646,-0.013947264291346,-0.0110092312097549,319.6326250162597,0.0,0.0
-1.4988770221483703,3.6975029678397293,-2.646498883501358,-1.1285440925707746,-7.16061336307557,-5.031505210919682,0.0,0.0,315.0,4.769378662109375,-0.27189502120018,0.8501556515693665,-0.8233883380889893,1.3283745050430298,0.1923775225877761,-0.0143758738413453,-0.0098473951220512,315.7880332958323,0.0,0.0
-1.7001955886242917,3.987182494383672,-2.3182093829349637,-1.0543047355808415,-6.750378417900743,-4.467306941963292,0.0,0.0,315.0,4.766145706176758,-0.273490846157074,0.8539727330207825,-0.8245519995689392,1.328154444694519,0.1926914602518081,-0.0138438148424029,-0.0116817113012075,311.945552587623,0.0,0.0
-1.936834849449324,4.591916841055853,-1.6201407108393147,-1.1186021341641754,-6.362223943758421,-4.043746787555067,0.0,0.0,315.0,4.761300086975098,-0.2740247547626495,0.8597018122673035,-0.8264191150665283,1.3278160095214844,0.1931018531322479,-0.013319419696927,-0.0095667149871587,306.1768683861435,0.0,0.0
-2.136789032460707,4.604741942622196,-1.790629246334566,-1.2676556675736073,-5.560882057882439,-3.5827137826447166,0.0,0.0,297.0,4.763051509857178,-0.2853803336620331,0.8615496754646301,-0.8271493911743164,1.32771635055542,0.1929740011692047,-0.0135964592918753,-0.0099295172840356,304.3159102068571,0.0,0.0
-2.2128512196347216,4.331186888488365,-2.487080890598939,-1.2292234360549366,-4.971120432210538,-3.3777831945225043,0.0,0.0,297.0,4.766881465911865,-0.319502979516983,0.8653133511543274,-0.8286072611808777,1.3274964094161987,0.1930611580610275,-0.0140999881550669,-0.011467364616692,300.5260200109264,0.0,0.0
-2.2815872055261233,4.400708536648447,-2.951815140356284,-1.034832294828351,-3.9915061903745266,-3.1112189000781996,0.0,0.0,293.0,4.7634596824646,-0.3357602059841156,0.8691479563713074,-0.8300588130950928,1.3272929191589355,0.1934889554977417,-0.014456458389759,-0.0098723135888576,296.6622849545157,0.0,0.0
-2.3785759575727887,4.619926633748625,-2.956858437327003,-0.8517856253074525,-3.1724974969630706,-2.448299027708018,0.0,0.0,293.0,4.7634124755859375,-0.3277102410793304,0.8731300830841064,-0.8312358856201172,1.327143311500549,0.1938113570213318,-0.0135504230856895,-0.0088808638975024,292.6555068268193,0.0,0.0
-2.204504700904811,4.810550827166231,-2.563303794500207,-0.706695564755385,-2.6230314781827477,-1.7227845564475945,0.0,0.0,293.0,4.757298946380615,-0.3447697162628174,0.8768729567527771,-0.8326789736747742,1.326995611190796,0.1938122510910034,-0.0138154234737157,-0.0093469517305493,288.88287393093196,0.0,0.0
-1.8922832169884887,4.81397956386624,-2.849504780811447,-0.6998013998015749,-1.6452345164864282,-1.572712660891542,0.0,0.0,285.0,4.755250453948975,-0.3432290852069855,0.8808895349502563,-0.8341379165649414,1.3268802165985107,0.1942646354436874,-0.0138878216966986,-0.0059443512000143,284.8372415035999,0.0,0.0
-1.8559884515505982,4.412540993176675,-3.0773079842117133,-0.7683826434339257,-1.0463420174001283,-1.807296255395088,0.0,0.0,285.0,4.751016139984131,-0.3463349044322967,0.8847004771232605,-0.8352897763252258,1.32678484916687,0.1946354955434799,-0.0132406000047922,-0.0050596743822097,281.0008953244312,0.0,0.0
-1.9834653668698623,4.249150634004497,-2.8720483036594153,-0.799684209254099,-0.9100660767527953,-1.7692826641743293,0.0,0.0,285.0,4.75441312789917,-0.3588069677352905,0.8883836269378662,-0.8367289900779724,1.3267035484313965,0.1944283545017242,-0.013629631139338,-0.004585753660649,277.2917485146387,0.0,0.0
-1.903703046878876,4.416473518632186,-2.7444240318273425,-0.7981075229152067,-0.7873918258536515,-1.5260106234718214,0.0,0.0,271.0,4.756964683532715,-0.3559362590312958,0.8922451138496399,-0.8381658792495728,1.326659083366394,0.1949658542871475,-0.0138498954474926,-0.0027767913416028,273.403537598174,0.0,0.0
-1.7211963491840112,4.954624140137125,-3.1756733540908666,-0.8609801226726139,-0.22530624739544702,-1.6418146118588994,0.0,0.0,271.0,4.75355863571167,-0.3483567833900451,0.8960095643997192,-0.8393081426620483,1.3266102075576782,0.1950619965791702,-0.0131422514095902,-0.0043624066747725,269.6142577963394,0.0,0.0
-1.7542965413929763,5.624449442506483,-3.3957907188029006,-0.9252559563733522,0.00370073313558051,-2.002978376734146,0.0,0.0,271.0,4.7526726722717285,-0.3001489341259002,0.8998506665229797,-0.8407477140426636,1.3265228271484375,0.1953279823064804,-0.013592748902738,-0.0027294566389173,265.7452373138333,0.0,0.0
-1.6156436399514988,5.413179141821982,-3.527989715983155,-0.916054482918794,-0.4422954727650624,-2.0238156294740723,0.0,0.0,260.0,4.7497639656066895,-0.2741558253765106,0.9041542410850524,-0.8419115543365479,1.3264542818069458,0.1958521902561187,-0.0126528600230813,-0.0034572288859635,261.4154958739563,0.0,0.0
-1.2330760368207279,5.417763046517116,-3.690464309157961,-0.7185339569871997,-0.47531578319180595,-1.7792598921661942,0.0,0.0,260.0,4.751478672027588,-0.2533694803714752,0.9081448912620544,-0.8433700203895569,1.3263283967971802,0.1957033276557922,-0.0131216468289494,-0.0047355815768241,257.39722808080023,0.0,0.0
-0.747170869451542,5.62046151303843,-3.2364661610808265,-0.5329467633396885,-0.12428975266817788,-1.515297974183923,0.0,0.0,260.0,4.753902912139893,-0.2334821075201034,0.9119699597358704,-0.8445104360580444,1.32621169090271,0.1956709772348404,-0.0125559512525796,-0.0048913382925093,253.54923069346762,0.0,0.0
-0.31797223996636426,5.549852354588754,-2.8253259181971013,-0.5369514248785436,0.6033327345071063,-1.5228799908702262,0.0,0.0,250.0,4.756505966186523,-0.232444480061531,0.916104793548584,-0.845957338809967,1.3260560035705566,0.1952612996101379,-0.0127431964501738,-0.0075541073456406,249.38683614687324,0.0,0.0
-0.5984774054977269,5.3984968110910705,-2.4520760645502184,-0.5582716889901702,1.231908922882105,-1.9141152169899005,0.0,0.0,250.0,4.762833118438721,-0.2192374467849731,0.9180129170417786,-0.8463820815086365,1.325972318649292,0.19525046646595,-0.0119992438703775,-0.0081637436524033,247.47075859162433,0.0,0.0
-0.99738936464126,5.182222902011895,-2.1039104964061974,-0.633046900059762,1.6818265600187492,-1.6731341242067859,0.0,0.0,241.0,4.766281604766846,-0.1956564933061599,0.9214481711387634,-0.847885012626648,1.3258033990859983,0.1935580521821975,-0.0130840418860316,-0.0081465216353535,244.00911240377897,0.0,0.0
-1.0358286255754976,5.182539783471942,-1.9236435041810718,-0.6230255317881069,2.405526168707053,-1.3225493101279766,0.0,0.0,241.0,4.76680850982666,-0.1884980499744415,0.9271600842475892,-0.849810004234314,1.3254456520080566,0.1934549659490585,-0.0132418582215905,-0.0108252838253974,238.25897808910278,0.0,0.0
-1.3676762697626375,5.093944479812272,-1.9096552336555193,-0.4908593528023506,2.920019659773595,-1.0014233848100484,0.0,0.0,241.0,4.763254642486572,-0.1838170886039734,0.9314669370651244,-0.8513040542602539,1.3251546621322632,0.1938191205263137,-0.0135552445426583,-0.0116583360359072,233.92154031260344,0.0,0.0
-1.5613303124889786,5.242850427500091,-2.0432027914412507,-0.30769509247063326,2.815891514955106,-0.20223614941495133,0.0,0.0,232.0,4.763153076171875,-0.226557046175003,0.9336119890213012,-0.8523386716842651,1.3250081539154053,0.1939201056957245,-0.0148651786148548,-0.0126181850209832,231.75805546400596,0.0,0.0
-1.4172405216793897,5.412480697702302,-2.099604408538907,-0.20123495156201862,3.715950997988635,0.2473225744015836,0.0,0.0,232.0,4.768423080444336,-0.2554616034030914,0.9375176429748536,-0.8538037538528442,1.3246965408325195,0.1943304687738418,-0.0156702399253845,-0.0129458839073777,227.8258434363139,0.0,0.0
-1.699643188092277,5.558518551701725,-2.449656228156872,-0.04990469517740675,5.0000724985549585,0.565655965291656,0.0,0.0,232.0,4.77330493927002,-0.2521134912967682,0.9433576464653016,-0.8554123640060425,1.324326992034912,0.194990336894989,-0.0145731503143906,-0.0118746003136038,221.95261652726933,0.0,0.0
-2.109990662734921,5.086121163611455,-3.2141733545544056,0.20742600331886835,4.782456280671998,0.8206338484150439,0.0,0.0,221.0,4.773637294769287,-0.2726548612117767,0.9452269673347472,-0.8564807772636414,1.3242313861846924,0.1947745829820633,-0.0162550918757915,-0.0132712675258517,220.06519516133454,0.0,0.02252992845765789
-1.9075097132336676,4.18478037792229,-4.029080948553112,0.5863652769451608,3.3956402988309864,0.9130372985106072,0.0,0.0,221.0,4.777332782745361,-0.2986730635166168,0.9490528106689452,-0.857976496219635,1.3240329027175903,0.1949010193347931,-0.0169873256236314,-0.0112808058038353,216.2120200197105,0.0,3.8773287845504285
-1.1724815913124582,3.7749666858987294,-5.232162706335985,0.7909589598086059,1.928972519506504,0.9871321210513399,0.0,0.0,221.0,4.785442352294922,-0.2677835524082184,0.952941119670868,-0.8591879606246948,1.3238564729690552,0.1953742653131485,-0.0167560707777738,-0.0104061616584658,212.30108219876058,3.606005772768839,7.791829829709997
0.39750208234465667,3.4495454136829915,-5.836391521340815,0.6061212038463208,2.685209181442048,0.9352293564155163,5.902984512632088,10.097015487367912,210.0,4.79478120803833,-0.2035170197486877,0.9570735692977904,-0.8607045412063599,1.323638916015625,0.1958088725805282,-0.0174139644950628,-0.0116938855499029,208.1417666371903,7.761217875441787,11.955248850177611
2.1506789784508222,3.07368267736661,-6.071862763637588,0.41337725369501843,6.244411791373741,0.4662723347658979,5.900731910099751,10.09926808990025,210.0,4.799907684326172,-0.1771196275949478,0.961136281490326,-0.8622171878814697,1.3234626054763794,0.1957030892372131,-0.0178747829049825,-0.0089308321475982,204.0511683022559,11.849563607843862,16.04809978764436
4.167289574452516,2.5758097827057056,-6.8769633728148305,0.11111287248470919,10.211457032567282,-0.37235274362627335,16.887827454270933,21.112172545729067,199.0,4.8292741775512695,-0.0878011360764503,0.964963972568512,-0.8634234070777893,1.3232765197753906,0.1952490359544754,-0.0173317994922399,-0.0087605789303779,200.20657555640375,15.681251897867185,19.905596989325318
6.82495551093317,2.0119115662085445,-7.969213679901433,-0.5418550854948665,15.476214511421468,-1.3590217591176588,16.86703519370255,21.13296480629745,199.0,4.876585483551025,0.0943163782358169,0.9688447713851928,-0.8646336793899536,1.32307767868042,0.1945434808731079,-0.0171912144869565,-0.0078335776925086,196.31327142090998,19.553763772792564,23.819693385387467
9.686376059286749,1.903103533586812,-8.880584205236646,-1.1770514404758006,22.701225013561178,-2.6388673864174836,16.839781552631507,21.160218447368493,199.0,4.938589096069336,0.4478634297847748,0.972525954246521,-0.8661829233169556,1.3229206800460815,0.192097470164299,-0.0201696101576089,-0.005865060724318,192.6193636922336,23.2204178603979,27.540854755134887
13.043637721619309,2.0012118548296334,-9.875744699464086,-1.7578985939038687,28.969097805960622,-3.978738257349921,32.80508373592508,37.19491626407492,183.0,5.01751184463501,0.978265941143036,0.9762011170387268,-0.8678252696990967,1.3227269649505615,0.1884913593530655,-0.0260172076523304,-0.0066517670638859,188.93448047797412,26.87060325795096,31.2604357861008
16.066459077405874,1.4052381233208884,-11.152445552506935,-2.40287542318174,35.466434778614385,-5.387606341914796,32.77177358728838,37.22822641271162,183.0,5.093260288238525,1.6999272108078003,0.9799339175224304,-0.8693374991416931,1.3225213289260864,0.1824418008327484,-0.0330752693116664,-0.0069410218857228,185.19224268977325,30.579530897515127,35.03598372293837
19.25553220969016,0.8327141890926938,-11.926392167218642,-3.0851039377205627,43.51722160987195,-7.307769044431482,32.7303711221775,37.2696288778225,183.0,5.1873860359191895,2.4230258464813232,0.9832274913787842,-0.8712686896324158,1.322263479232788,0.1735837310552597,-0.0421614237129688,-0.0058074556291103,181.8896757363497,33.840695385827814,38.37995314147281
22.58972816257126,0.2457372780583399,-12.779293131998799,-3.8190381497973265,51.766608737498906,-8.906952294402675,36.67749429293232,41.32250570706768,179.0,5.307557106018066,3.101287841796875,0.9863619804382324,-0.8734033107757568,1.3220293521881104,0.1625790148973465,-0.0520697832107543,-0.0053295926190912,178.75082701216692,36.9266672807654,41.571678694900754
25.630782856304037,-0.9148938239882839,-14.217499361653761,-4.532215649530166,59.66222270606094,-10.184038512581242,36.61487028709908,41.38512971290092,179.0,5.449819564819336,3.684641361236572,0.9894089698791504,-0.8754872679710388,1.321810007095337,0.1492013335227966,-0.0620562694966793,-0.0064679668284952,175.70630335541293,39.90856693168615,44.67882635748799
28.976926089443985,-1.712194383677482,-15.485336024857576,-5.096040740146268,67.05744555091486,-11.605706930900334,36.53825649537305,41.46174350462695,179.0,5.623770713806152,4.084527969360352,0.9919024109840392,-0.8780269622802734,1.3215702772140503,0.1343665719032287,-0.0740035623311996,-0.006501730531454,173.2202937538112,42.31796274156184,47.24144975081575
32.3304439057455,-2.502866648398605,-15.940237312823829,-5.714834588404032,74.47282997631541,-13.49602215757228,38.459057795803005,43.540942204196995,177.0,5.803481578826904,4.2963643074035645,0.9943313598632812,-0.8806134462356567,1.321337103843689,0.1186895817518234,-0.085995152592659,-0.0074248714372515,170.80054129713616,44.65851649866684,49.74040090706083
35.48358500846482,-3.442144339592044,-16.12644094800703,-6.277744505975574,82.51470697759275,-15.747852304242874,38.36025880087081,43.63974119912919,177.0,6.0275068283081055,4.359178066253662,0.9963085651397704,-0.8837701082229614,1.3210904598236084,0.1022289767861366,-0.0993615686893463,-0.0085335467010736,168.84076401578707,46.51949478508374,51.79897718334212
38.615196879435686,-4.231932243600261,-17.02483351328061,-6.64967525493929,90.6367875819433,-17.976873325265576,38.25221526577596,43.74778473422404,177.0,6.272282123565674,4.361480236053467,0.996976912021637,-0.8856582641601562,1.320967197418213,0.0935944691300392,-0.1069422885775566,-0.0083136772736907,168.21998914798957,47.032226117786394,52.527795586234475
41.53196749552881,-4.614034358422574,-18.2469139931184,-6.889996667430598,98.67946557002678,-20.30999428616243,43.14465785556442,48.85534214443558,172.0,6.515727996826172,4.284196853637695,0.9990273118019104,-0.8902607560157776,1.3206676244735718,0.0705964267253875,-0.1239352375268936,-0.0086943237110972,166.1777466311028,48.966911224461626,54.67759551333279
44.449796515300285,-4.914780032506734,-19.265806184469675,-6.994428787454291,106.57344601061794,-22.06717221559072,43.02188903834491,48.97811096165509,172.0,6.793314456939697,4.159993171691895,0.9999447464942932,-0.8941694498062134,1.3204683065414429,0.0544397011399269,-0.1370615065097808,-0.0081247147172689,165.29656029737876,49.72532874096615,55.68155066427633
47.71839291747293,-5.937003467833919,-20.10366619491142,-7.3346299187994894,114.92568445573681,-23.564051111895363,42.886161707813415,49.113838292186585,172.0,7.099827766418457,3.966839551925659,1.000556468963623,-0.8978381156921387,1.3203175067901611,0.0399330332875251,-0.1480839848518371,-0.0085802683606743,164.73953820769844,50.14662350011497,56.37430008448814
50.99970428750023,-6.762836339711252,-21.233178494645927,-7.781106016657663,122.95575488075605,-25.58530728565668,46.74962013294862,53.25037986705138,168.0,7.407768249511719,3.765726327896118,1.000767469406128,-0.9019994139671326,1.3202091455459597,0.0254109911620616,-0.1596131920814514,-0.0067139039747416,164.58463541379436,50.16498471915423,56.66574445325705
53.56381190406865,-7.491350047124033,-22.15890404674752,-8.020637970612622,130.73012835949862,-27.70815504869032,46.59866395713314,53.40133604286686,168.0,7.747716903686523,3.5428709983825684,1.0005903244018557,-0.9048614501953124,1.320212960243225,0.0168004054576158,-0.1676064133644104,-0.0052650459110736,164.8549082491569,49.74375570797625,56.54642779370997
55.48969126852139,-8.216682851240568,-22.5048728054664,-8.12330606745971,139.12079678606915,-30.118684828473242,49.44682411097219,56.55317588902781,165.0,8.089102745056152,3.278815746307373,1.0004901885986328,-0.90900981426239,1.3201919794082642,0.0039776996709406,-0.1769098490476608,-0.0035725457128137,165.0383121443109,49.40851196666128,56.514863744716905
57.82416023266003,-8.735115354718117,-23.141991098074584,-8.104689852866096,146.84178554876974,-32.514354213836135,49.287346605705096,56.712653394294904,165.0,8.447038650512695,2.964851856231689,1.000054121017456,-0.9135861396789552,1.3202552795410156,-0.0083654252812266,-0.18647401034832,-0.0014245124766603,165.56896609182576,48.71838051387934,56.14368730246915
60.09998595641714,-9.505746603602098,-23.882752343391964,-8.11923978245031,153.74611001344124,-34.517054775599,49.1122445690813,56.8877554309187,165.0,8.839278221130371,2.599162578582764,0.9994798302650452,-0.9182895421981812,1.3203444480895996,-0.0195459760725498,-0.1946316808462143,0.0004547187709249,166.26107522723282,47.851169341848475,55.62668020368588
61.98021297654844,-10.660801903461458,-24.714914912486016,-8.342290689766882,160.15554245721307,-36.690350604529776,50.018975524908825,57.981024475091175,164.0,9.047868728637695,2.3939080238342285,0.9985405206680298,-0.9237918853759766,1.3205476999282837,-0.0306241195648908,-0.2033169120550155,0.0034032752737402,167.23497681192396,46.78399871298487,54.74604766316722
63.927905884090904,-11.439277881145786,-25.328852288074437,-8.477236151893585,166.03080326204065,-38.59837623375764,49.8261783673841,58.1738216326159,164.0,9.478276252746582,1.927626729011536,0.9974276423454284,-0.9292131662368774,1.3208656311035156,-0.0396119095385074,-0.2106719017028808,0.0069801970385015,168.49732298207144,45.32885538531269,53.67649865054443
65.81020656592126,-11.693185555076402,-25.75752965658092,-8.589422394379165,171.3735669298065,-40.180193351573806,49.63747961920453,58.36252038079547,164.0,9.898491859436035,1.4511573314666748,0.9962928891181946,-0.9343395829200744,1.3211615085601809,-0.0461042895913124,-0.2160439938306808,0.0078599033877253,169.7936528153408,43.84382680386372,52.56886756545467
67.42822734241585,-12.149381417519034,-26.01271022788751,-8.766580277459306,177.0351093561932,-41.38197973293531,49.470288607167845,58.529711392832155,164.0,10.269916534423828,1.0092304944992063,0.9950716495513916,-0.9393742084503174,1.321514129638672,-0.0511004813015461,-0.2205328047275543,0.0103437602519989,171.16510392835704,42.305184678810804,51.364607464475114
69.13922270893497,-12.945954341802484,-26.612040549042746,-8.813572900336412,182.6681871166806,-42.62369733638169,49.304565013167036,58.695434986832964,164.0,10.637222290039062,0.5895529985427856,0.9938374161720276,-0.944373369216919,1.3218576908111572,-0.0543210208415985,-0.2238450646400451,0.0112193375825881,172.55870222170034,40.74586279146669,50.13673276513262
70.55739803331286,-13.531113760998878,-27.407442055087923,-8.924131819394635,186.88053127198583,-43.6474775312498,49.14251153156073,58.85748846843927,164.0,10.995540618896484,0.1739058792591095,0.9925463795661926,-0.9495247602462769,1.3222012519836426,-0.0562927052378654,-0.2268250733613968,0.0110335396602749,174.01352889629095,39.12898263526978,48.84395957214832
71.38650585180162,-13.605338989325274,-27.479675454448312,-9.099596259345924,191.25619651233595,-44.530443566720194,47.98065940082529,58.01934059917471,165.0,11.352546691894531,-0.1824377328157425,0.9912742376327516,-0.9546756744384766,1.322574496269226,-0.0569551140069961,-0.228952407836914,0.012602406553924,175.45905561136078,37.52160378946451,47.56028498781393
71.9641876487661,-13.900250643604416,-27.625711435121783,-9.144617761357646,195.86381345348244,-45.73938871127767,47.8240738564279,58.1759261435721,165.0,11.697088241577148,-0.5450233221054077,0.98999285697937,-0.960009515285492,1.3229488134384155,-0.0560928396880626,-0.2301574200391769,0.01209332421422,176.91429860598157,35.90977525044633,46.26162753759053
72.69240152215556,-14.43303262286203,-28.63364371383947,-9.148769040166192,198.74106359744985,-46.679342440716134,47.66540467222302,58.33459532777698,165.0,12.04534149169922,-0.8861573934555054,0.9888208508491516,-0.965165376663208,1.3233261108398438,-0.0542543195188045,-0.2307828813791275,0.0133277550339698,178.27322690867226,34.39217776355076,45.061368419104724
73.55362693011888,-14.979971698962652,-29.1468435660747,-9.078548301237982,202.15862071062568,-47.72137252380104,40.51731666063395,51.48268333936605,172.0,12.369558334350586,-1.1806321144104004,0.9877390265464784,-0.9701712727546692,1.3236312866210938,-0.0512147024273872,-0.2303849160671234,0.0122603829950094,179.53562033203323,32.98169632860072,43.947063007332815
73.95376935249313,-15.532014342984915,-28.52376486167949,-9.010021215283833,206.25124899919604,-48.906056094466535,40.375675359528486,51.624324640471514,172.0,12.678910255432127,-1.4528555870056152,0.9867417812347412,-0.9753164052963256,1.323910355567932,-0.0473989136517047,-0.2300864160060882,0.0095307175070047,180.70815450575816,31.667520853770327,42.916170134713354
74.2617331455592,-16.05292867827148,-28.794466819703025,-8.923883670102493,209.58504819220886,-50.18029506693608,35.230592734275945,46.769407265724055,177.0,12.995000839233398,-1.68510639667511,0.9862493276596068,-0.9782452583312988,1.3240327835083008,-0.0449654981493949,-0.2301296591758728,0.0088942060247063,181.40662597639025,30.8239667578857,42.36278128933381
74.17004345198141,-16.145811526323627,-29.0067894318963,-8.679886292876422,211.61091562292137,-51.67886295554844,35.09626940569825,46.90373059430175,177.0,13.286934852600098,-1.875753402709961,0.9850987792015076,-0.9854973554611206,1.3242603540420532,-0.036779623478651,-0.226913720369339,0.0077444766648113,182.71171359974525,29.384555805953,41.1920169945565
73.71326921585985,-16.1395025969659,-28.96802692835351,-8.40901766069291,214.1366314127309,-52.996903541023606,34.967205924510324,47.032794075489676,177.0,13.566777229309082,-2.0246708393096924,0.9845151305198668,-0.9904863238334656,1.324379801750183,-0.0306766647845506,-0.2251149863004684,0.0065174885094165,183.4636022011535,28.503603723356832,40.569191874336184
73.35277668937483,-16.129339995845402,-29.150607247483713,-8.237645977658921,217.0682524582404,-53.82910384690847,32.83098908704309,45.16901091295691,179.0,13.86141586303711,-2.1549766063690186,0.984282612800598,-0.9933242201805116,1.3244335651397705,-0.0271165296435356,-0.2244438976049423,0.005765960086137,183.90169235628335,27.929296730759745,40.26731855667356
72.82773973436254,-15.828082488822764,-28.541702780920588,-7.826022351697214,219.61679696532428,-55.07550604020341,32.69781978201712,45.30218021798288,179.0,14.148741722106934,-2.2595019340515137,0.9839446544647216,-0.9983335733413696,1.324501395225525,-0.0199270546436309,-0.2214566171169281,0.0043346155434846,184.419879430066,27.277940351951116,39.882300787916876
72.11128981140779,-16.026983042849764,-28.471640621524237,-7.304199696425659,222.0222593604126,-56.34659383753238,32.57385235327169,45.42614764672831,179.0,14.415562629699709,-2.3260512351989746,0.983786940574646,-1.0031291246414185,1.3245049715042114,-0.0126827154308557,-0.2187137752771377,0.0030348808504641,184.74415149020717,26.829700863064517,39.68199615652114
71.47578546863299,-16.472996003557316,-29.622479433177222,-6.919812401683238,223.75709802905735,-56.882199422942904,31.4546903024995,44.5453096975005,180.0,14.67144012451172,-2.3626022338867188,0.9837425351142884,-1.0078012943267822,1.324514865875244,-0.005312792956829,-0.2156181931495666,0.0022831272799521,184.94887084370575,26.505819458793752,39.59643885379475
70.7539711073871,-16.62511089921276,-29.881530590619164,-6.403886288483787,225.00403051365868,-57.98917951900876,31.338982250623047,44.66101774937695,180.0,14.919329643249512,-2.38611912727356,0.9839032888412476,-1.0124404430389404,1.3245031833648682,0.0023020356893539,-0.2125511169433593,0.0018959888257086,184.93980486701662,26.39917738360643,39.721212882360334
69.80809236527004,-16.909777841493558,-30.436031958608744,-6.025402035494584,225.2210809813136,-59.72826659446674,31.220353671843696,44.7796463281563,180.0,15.172883987426758,-2.3611693382263184,0.9843528270721436,-1.019181251525879,1.324485182762146,0.0136577375233173,-0.2073362916707992,0.0031810710206627,184.61367573741038,26.60667793443332,40.16597059074593
68.60729349429303,-17.22768864893386,-30.7905450507503,-5.647327020743345,225.95120292213545,-60.92856537218755,35.1043860313537,48.8956139686463,176.0,15.420164108276367,-2.318748950958252,0.9846575260162354,-1.0215357542037964,1.324467420578003,0.0174678862094879,-0.2061465233564376,0.0019558996427804,184.49267053111507,26.61171550023863,40.402943437531235
67.44247071859837,-17.820246882463106,-30.631656509616036,-5.214166681919125,227.2985516527434,-61.90238536936466,34.98605744036584,49.01394255963416,176.0,15.671873092651367,-2.278923749923706,0.9855800867080688,-1.0280849933624268,1.3244287967681885,0.0285034645348787,-0.201097697019577,0.0026934139896184,183.68433964975554,27.301717790610297,41.329602909878616
66.31043538360781,-18.37540061017555,-30.768977067857474,-4.796998302167587,227.96423812231382,-63.01641497069048,34.871285857844356,49.128714142155644,176.0,15.915424346923828,-2.2117116451263428,0.986033022403717,-1.0303587913513184,1.32438325881958,0.0321155712008476,-0.1999365538358688,0.0018056528642773,183.41348469387114,27.457801163973215,41.715229448284504
65.10612487911982,-18.38414647797117,-30.309471233143235,-4.356221283068003,228.83791280016942,-64.38000923519972,34.75838538203084,49.24161461796916,176.0,16.154430389404297,-2.14649510383606,0.986966073513031,-1.0347439050674438,1.3243026733398438,0.0391874574124813,-0.1973111778497696,0.0014404250541701,182.61524777569272,28.143137606338115,42.62636684227644
63.940797974512115,-18.617839833160826,-30.615148509743747,-3.708251324770064,229.82277476867083,-65.49613348371061,34.64123098037621,49.35876901962379,176.0,16.401832580566406,-2.0336477756500244,0.9880355000495912,-1.039176106452942,1.3242437839508057,0.0460139289498329,-0.1952239274978637,0.0023889811709523,181.68450829190647,28.95672268846974,43.674260727717325
62.59549503415076,-18.931545401653437,-30.097183741006777,-2.9135056648858932,229.55039744718496,-66.42799114226304,37.530140015447415,52.469859984552585,173.0,16.63585090637207,-1.9121060371398928,0.9891676306724548,-1.0433882474899292,1.3241806030273438,0.0522181317210197,-0.1925952136516571,0.000765168457292,180.67983189607062,29.85030811937679,44.79002808848196
61.317963715005845,-18.999685602508443,-29.056798362662306,-2.3459816393071375,230.0963813548341,-67.87941299794383,37.41694181490226,52.58305818509774,173.0,16.873722076416016,-1.7797200679779053,0.9904815554618835,-1.0477150678634644,1.3240904808044434,0.0582391805946826,-0.1905924975872039,0.0032198191620409,179.4891416510469,30.927800163855352,46.093916534050834
60.10151345127962,-19.088686744478874,-29.454689875177465,-1.7368481494990669,231.80153010795888,-69.28672200621753,37.30587710406729,52.69412289593271,173.0,17.106529235839844,-1.642206788063049,0.9918334484100342,-1.0518174171447754,1.3240244388580322,0.0635250806808471,-0.1881064921617508,0.0016961188521236,178.2573343746871,32.04854272938019,47.4367885212456
58.98554002343477,-19.23798256886736,-29.435290158621893,-1.129580776672475,234.10033071468422,-70.97853383184233,40.19575359028602,55.80424640971398,170.0,17.336790084838867,-1.486689805984497,0.9932777881622314,-1.0558780431747437,1.323891520500183,0.0683820843696594,-0.1857333332300186,0.0014445168199017,176.92733007407458,33.26842351621144,48.87691633563941
57.90315254638895,-19.160026999107536,-28.402464229749775,-0.6374247649669893,236.1650360426458,-72.88493345582069,40.088295301272524,55.911704698727476,170.0,17.560922622680664,-1.3321740627288818,0.9949281215667723,-1.0602933168411257,1.323682427406311,0.0729685202240943,-0.1853067129850387,0.0005274996510706,175.37112582942444,34.71716947184808,50.54057886930303
56.70334343722642,-19.35807148007571,-28.90711645847402,-0.2651666435395719,236.88210973515413,-74.60229964909531,39.97098695188558,56.02901304811442,170.0,17.804967880249023,-1.1683518886566162,0.9967053532600404,-1.064764142036438,1.3235759735107422,0.0771391838788986,-0.1836189329624176,-0.0006043405155651,173.70093511274487,36.270051839140706,52.32807793536955
55.548277721325604,-19.99732855411136,-30.377206691322105,0.09427685879513327,237.65022183438674,-76.02467194169827,41.9133139615972,58.0866860384028,168.0,17.924705505371094,-1.0912002325057983,0.9985803365707396,-1.0692628622055054,1.3234835863113403,0.0808048248291015,-0.1823212653398513,0.0009505016496405,171.80046442655765,38.112849535039544,54.28622161184515
54.52540643565509,-20.831072129639384,-30.45723707933439,0.3568352081425677,239.02299058401016,-77.2736925419578,41.79691188912875,58.20308811087125,168.0,18.16588020324707,-0.9231616854667664,1.0004212856292725,-1.073602318763733,1.3233649730682373,0.0834945812821388,-0.1814734041690826,0.0011397323105484,170.05946837954872,39.73744350958003,56.14361973132253
53.74393914401549,-21.59796400157822,-30.39077538985785,0.571567937038149,241.36470505041152,-77.93667598070097,41.69539250934062,58.30460749065938,168.0,18.37567710876465,-0.7644860148429871,1.00217866897583,-1.077610731124878,1.32325541973114,0.0854621306061744,-0.1804178208112716,0.001603762153536,168.37715696077288,41.31823554856774,57.9274505298865
53.212477111748996,-22.42436269195875,-31.298868259113224,1.0065007673149013,244.3475846581295,-78.3316613923626,46.59581659177127,63.40418340822873,163.0,18.580963134765625,-0.6013880968093872,1.0039937496185305,-1.0817697048187256,1.3230891227722168,0.0869052335619926,-0.1801826357841491,0.0017053410410881,166.62613383675279,42.96968275501848,59.77804957147595
52.69880228341337,-23.099843900061177,-31.03335153496521,1.3545183715169034,247.5177731312402,-79.4604474434193,46.493297458789954,63.506702541210046,163.0,18.79180145263672,-0.4451416134834289,1.005865216255188,-1.0860865116119385,1.3229947090148926,0.0876178592443466,-0.1800383329391479,0.0009163462673313,164.81770215326196,44.67559530552799,61.689000387948084
52.405709963069526,-22.572574961003404,-29.564220489543615,1.5311048570726538,250.56277561818501,-80.60899588350937,46.395922216420786,63.604077783579214,163.0,18.991573333740234,-0.2927514314651489,1.0076273679733276,-1.09021258354187,1.322922706604004,0.0876113474369049,-0.180111289024353,0.0007626549922861,163.1136354084956,46.282286807925175,63.4904423750836
51.99134018866978,-21.933724947552584,-28.485678667012344,1.5746271494687085,252.96973682072726,-81.61165580659353,52.30326912691399,69.69673087308601,157.0,19.18121337890625,-0.1579560190439224,1.009410381317139,-1.0942785739898682,1.322826266288757,0.0874212384223938,-0.1801034063100814,0.0007415222353301,161.3761747353752,47.92709439153879,65.32055613771081
51.445008834925126,-21.948384822871876,-28.107805278732148,1.2269150222159764,256.41729335381336,-82.48413301712607,52.21423620491953,69.78576379508047,157.0,19.36303329467773,-0.0358792804181575,1.0112226009368896,-1.098607301712036,1.322704792022705,0.0865003615617752,-0.1804764121770858,-0.0004147268482483,159.59437162521084,49.61986457970869,67.19139216986963
51.60011990671624,-21.987737905535205,-28.57874568202766,0.709896514152442,260.20794316282837,-83.40302445543095,55.13175679446644,72.86824320553356,154.0,19.53110885620117,0.0767802819609642,1.0129179954528809,-1.1026455163955688,1.3226478099822998,0.0853228941559791,-0.1806736886501312,0.0013502680230885,157.92364519510477,51.20811159936167,68.94459801042879
52.31048269303689,-21.810188220116405,-29.014261579641673,0.3265502067152606,263.57721063113354,-84.39897622176356,55.05756808506655,72.94243191493345,154.0,19.68199157714844,0.1903381794691085,1.0145759582519531,-1.1068637371063232,1.3226436376571655,0.0836027190089225,-0.1817199438810348,0.0038561180699616,156.27046303105314,52.78710505401341,70.67196888388031
53.251694634809546,-21.917894353079394,-29.48102298204265,0.15614497582266482,267.32874564906365,-85.26342282980612,54.993915496583014,73.00608450341699,154.0,19.811220169067383,0.3198626935482025,1.015458106994629,-1.1093391180038452,1.322656273841858,0.0823342949151992,-0.1830198019742965,0.004602413624525,155.4375834227002,53.55633207388283,71.5685010807168
54.657827449573745,-22.475532896507307,-30.708684486147533,0.17501217854874468,271.3263228391431,-86.60442124152053,60.95045503667757,79.04954496332243,148.0,19.899333953857425,0.4370301067829132,1.0177772045135498,-1.1153444051742554,1.322755217552185,0.0788939595222473,-0.1838763654232025,0.0053213643841445,152.99275292317822,55.95770211349935,74.05679204014422
56.634438322170034,-22.321740865504466,-31.56947902346848,0.20142853547766362,274.32856178184204,-88.02579319429535,60.92098634735811,79.07901365264189,148.0,19.95902442932129,0.5620964169502258,1.0192394256591797,-1.1196142435073853,1.322791576385498,0.0759469494223594,-0.1857075989246368,0.0067183515056967,151.44778613693444,57.47320021042367,75.63122751570745
58.3544312506702,-22.204753638363805,-31.76887716061326,0.2902533370488913,276.3185995909799,-89.42754024636655,60.89488425400242,79.10511574599758,148.0,20.011857986450195,0.6684775948524475,1.0200055837631226,-1.1221139430999756,1.322832107543945,0.0740683823823928,-0.1873736381530761,0.0072703305631875,150.65626174238983,58.23862251161259,76.44885400360775
59.74281565331874,-22.246506715775464,-31.716587648662426,0.38922470273486787,279.08983381076143,-90.63152368235713,63.87624493053096,82.12375506946904,145.0,20.049564361572266,0.7531597018241882,1.0214080810546875,-1.1266021728515625,1.3229209184646606,0.0703652426600456,-0.189253032207489,0.0057986783795058,149.14783040614503,59.728414524385926,77.97592466332401
61.02980048500298,-22.155039642166678,-31.033961175503823,0.24292331552992896,282.8776634669946,-91.78558948174049,63.85405256805598,82.14594743194402,145.0,20.09443473815918,0.8146055340766907,1.0233036279678345,-1.1328339576721191,1.3230561017990112,0.0647792443633079,-0.1910080015659332,0.0049336147494614,147.09977494761117,61.75427762044478,80.04617248433289
61.91923453052357,-22.655182176322125,-30.24504946456668,-0.07550190449263061,287.27560402359654,-93.63067671437149,63.83642640937393,82.16357359062607,145.0,20.130054473876957,0.8350110650062561,1.023821473121643,-1.135082483291626,1.3230897188186646,0.062307983636856,-0.1922052055597305,0.0050125545822083,146.55600893680815,62.28041747256577,80.60756465381792
63.09013316159184,-23.363518453550668,-29.86025698803497,-0.4142339257059803,292.0128743065965,-95.49360379516457,68.81743874815857,87.18256125184143,140.0,20.168407440185547,0.8122193813323975,1.0248773097991943,-1.139389157295227,1.3231228590011597,0.0579571016132831,-0.1935679912567138,0.0051773246377706,145.4164395200171,63.40099922814147,81.76612173182434
64.39665571423266,-23.97540499666657,-29.698161204354008,-0.7046463573559438,296.2339624423019,-96.90353865865586,68.80382492882796,87.19617507117204,140.0,20.195894241333008,0.7486475110054016,1.0258973836898804,-1.143622636795044,1.3231613636016846,0.0540127605199813,-0.1943390220403671,0.0053277807310223,144.30457857508827,64.4992463537397,82.89159649608376
65.30091269594217,-24.381431864444114,-29.53463516172115,-0.9048326365821509,300.0661875843176,-97.91051924841878,68.79117132347076,87.20882867652924,140.0,20.221433639526367,0.6644445657730103,1.0268125534057615,-1.1479880809783936,1.3232214450836182,0.0499614588916301,-0.1953554451465606,0.0073266681283712,143.29994384496248,65.49122747850828,83.90888483156675
65.96082118730104,-24.808050710298758,-29.31577368096017,-1.099713994823455,304.96076986771925,-99.09980357301012,72.78098494111586,91.21901505888412,136.0,20.241987228393555,0.563155472278595,1.0276753902435305,-1.152213454246521,1.3233323097229004,0.0464250892400741,-0.1955624371767044,0.0067310500890016,142.3475583368552,66.43342660426066,84.87145672202894
66.3356014926671,-24.978594725904898,-28.840038173141217,-1.516189453523705,310.34223220111755,-100.88124878361772,72.7638361256744,91.23616387432561,136.0,20.27657699584961,0.4783350825309753,1.0285351276397705,-1.1569818258285522,1.3233792781829834,0.0427178032696247,-0.1959615796804428,0.0046974252909421,141.40455704135402,67.35927908432035,85.8316068329716
66.4007402941331,-25.147382425141167,-27.937622800432816,-1.9216745723396327,315.13969067173326,-102.4668713230945,74.74527634003246,93.25472365996755,134.0,20.313995361328125,0.4090919494628906,1.0292338132858276,-1.161304593086243,1.3234291076660156,0.0394553542137146,-0.1960446834564209,0.0049822931177914,140.6409261356591,68.10435020437336,86.61379752430844
66.97442072664846,-25.51802313007542,-27.906300550162026,-1.9688464561752295,318.9814841309884,-103.03170525680892,74.72358508362703,93.27641491637297,134.0,20.357704162597656,0.323608249425888,1.0298992395401,-1.1654917001724243,1.3234851360321045,0.0366499200463295,-0.1954573094844818,0.0038878661580383,139.92025743105657,68.80332765257046,87.3561574853164
67.99886030564562,-26.11593612678042,-28.7557871003297,-1.952282517971605,322.0989690675675,-103.69889034994395,74.69218882643756,93.30781117356244,134.0,20.42092514038086,0.2671716809272766,1.03055739402771,-1.1700581312179563,1.323607087135315,0.0338558554649353,-0.1954522877931594,0.0066466559655964,139.2207631922086,69.47142563422895,88.08704798135383
68.7171261158294,-26.669653100261613,-30.18697746241252,-2.1054091958959043,324.6979492587884,-105.26568796526144,75.66628214175589,94.33371785824411,133.0,20.473052978515625,0.1942638158798217,1.0311357975006104,-1.174259066581726,1.3237485885620115,0.0314603336155414,-0.1947184354066848,0.0065772701054811,138.5998542401996,70.0664279015563,88.73386361804452
69.26542257875498,-27.18374558095656,-31.962262189868675,-2.1078537305239706,327.1239695384821,-107.34090437147253,75.62656041437637,94.37343958562363,133.0,20.55290985107422,0.1152732297778129,1.0316661596298218,-1.1785084009170532,1.32385516166687,0.0292334053665399,-0.1942381709814071,0.006502722389996,138.05591333397487,70.5706470804015,89.31752625164876
69.4823226580332,-28.055716083838426,-33.2991714933586,-1.910525119009684,330.58863554079096,-109.21891392533092,75.58251803615448,94.41748196384553,133.0,20.641355514526367,0.0559615232050418,1.0321906805038452,-1.1828181743621826,1.3239961862564087,0.0273268241435289,-0.1938429772853851,0.0076060397550463,137.52544788834342,71.05707014781106,89.8920340755021
69.26802718523646,-28.612353171882834,-34.11001728611977,-1.9592560427292265,333.7787542447763,-111.00999031812275,76.54394427469441,95.45605572530557,132.0,20.718734741210938,-0.0405037961900234,1.0326911211013794,-1.1869819164276123,1.324071764945984,0.025694940239191,-0.1926888972520828,0.0071601099334657,137.01161248495796,71.53233178973645,90.44444324034761
69.55684601168207,-28.495388727564894,-33.75700558368442,-2.3011535661587685,336.37883564648314,-113.02746730551294,76.49771304073127,95.50228695926874,132.0,20.81137084960937,-0.1475241333246231,1.0331850051879885,-1.1910775899887085,1.324182152748108,0.0246538389474153,-0.1913854479789734,0.0068038050085306,136.52029583216353,71.97741720856774,90.98199112710522
70.0089839148967,-28.293688293922184,-32.3716624278651,-2.678214766514134,340.5690389212582,-115.04913950849193,76.47339336187105,95.52660663812895,132.0,20.860055923461918,-0.1927629262208938,1.0336610078811646,-1.1951332092285156,1.324280858039856,0.0239329244941473,-0.1898952573537826,0.0066638858988881,136.00560001376644,72.4677933481046,91.52100662436251
70.40126587414443,-28.255740712115454,-31.9623188259751,-2.7187683741301987,346.47440927240575,-117.16245883801749,79.39521499673009,98.60478500326991,129.0,21.016345977783203,-0.3282144963741302,1.0341469049453735,-1.1992264986038208,1.3243522644042969,0.0235073678195476,-0.1885582357645034,0.0075783231295645,135.58451719809563,72.81069779863446,92.02026780517429
71.1141825246633,-28.637132020607527,-33.451428493134685,-2.6574448114128404,351.83617755896717,-119.67711911658348,79.33062918728135,98.66937081271865,129.0,21.14521598815918,-0.3888987898826599,1.034656643867493,-1.2033562660217283,1.324448585510254,0.0234731528908014,-0.1873950213193893,0.008660621009767,135.11083913908467,73.21979004819667,92.55853167363398
71.90618133383781,-29.15150200457547,-34.28044805788652,-2.7983093417433356,355.33755738690445,-122.49311369083384,79.2573972182156,98.7426027817844,129.0,21.29106712341309,-0.4399631023406982,1.0351816415786743,-1.2073532342910769,1.3245445489883425,0.0236753057688474,-0.1856466978788375,0.0100083639845252,134.63938792915607,73.61800928905953,93.10321485262833
72.45011119522201,-29.551736583941597,-33.64473596814468,-2.7981689948434876,359.42774876307953,-125.1064858566718,81.17601187261855,100.82398812738147,127.0,21.45281791687012,-0.490697830915451,1.0357093811035156,-1.2112796306610107,1.3247308731079102,0.024088529869914,-0.1837618052959442,0.0117628714069724,134.1818036866308,73.99420818598776,93.64218444075068
72.52374865797073,-30.285679597916406,-33.003877110141445,-2.5788679275310553,364.21792145914714,-127.87956995114769,81.13158393237478,100.86841606762522,127.0,21.540966033935547,-0.5194784998893738,1.0362752676010132,-1.215255618095398,1.3248891830444336,0.0247219782322645,-0.1822024583816528,0.0117588303983211,133.60973726024417,74.52184667213061,94.25867880738105
73.05502489149826,-30.718192993271078,-33.20920413550619,-2.1564760708496933,368.649283585894,-130.82929162877073,82.99031614925144,103.00968385074856,125.0,21.820539474487305,-0.5719600319862366,1.036838412284851,-1.2191005945205688,1.3250932693481443,0.0255258567631244,-0.180371955037117,0.0107697900384664,133.23327495458253,74.75704119466891,94.77640889616603
73.2645710918394,-31.002340977988286,-34.11094049223032,-1.6482723899568363,372.7233123405317,-133.8440961402788,82.88150480926902,103.11849519073098,125.0,22.035139083862305,-0.6094217896461487,1.0374594926834106,-1.2230736017227173,1.3252698183059692,0.0265214592218399,-0.1791672557592392,0.0117575600743293,132.72909696436218,75.15240784490683,95.3893982263688
73.15371250516664,-31.512817123134557,-33.87513399714206,-1.2332674596665438,377.30860017816485,-136.66195568261796,82.76653050888592,103.23346949111408,125.0,22.26118850708008,-0.6466743350028992,1.0380691289901731,-1.226822018623352,1.3254741430282593,0.0276321582496166,-0.1772169023752212,0.0120872305706143,132.25260350663865,75.51392700224727,95.98086598447543
73.25958068721803,-32.104323991964954,-33.44396342688493,-0.6660024287494386,381.89205491109465,-139.31928100454232,81.64395988910786,102.35604011089214,126.0,22.501371383666992,-0.6867573857307434,1.0387355089187622,-1.2306960821151731,1.3256700038909912,0.0289120692759752,-0.1759905517101287,0.011889774352312,131.7286630428397,75.91529684626815,96.62737706805243
72.94351782999365,-32.80252607049558,-33.581681294206646,-0.09645993089050196,385.96426507118076,-142.08419386505955,81.57929899341869,102.4207010065813,126.0,22.627742767333984,-0.7093122601509094,1.0394299030303955,-1.2345257997512815,1.3258486986160278,0.0303533542901277,-0.1747596114873886,0.0113779064267873,131.05817784993351,76.52112114348517,97.36252315664778
72.86748196861782,-33.166207689103686,-33.111618886045825,0.37180840547862787,390.1036744706469,-144.65789843466996,81.3798477680964,102.62015223190359,126.0,23.01608085632324,-0.754145622253418,1.0401188135147097,-1.2382158041000366,1.3260225057601929,0.0319429486989975,-0.1730947792530059,0.0107860518619418,130.66782410711676,76.71202366097964,97.95232812478683
72.64099980526994,-33.03589684526905,-32.50974805258901,1.0512159539860115,394.15555470844987,-147.20233975509805,83.30954112237183,104.69045887762817,124.0,23.152441024780277,-0.7594844102859497,1.0408546924591064,-1.2419517040252686,1.3261666297912598,0.03367780148983,-0.1717709451913833,0.0095137245953083,129.9637767221648,77.34576440020703,98.72668215546338
71.98471340366663,-33.01589736237592,-32.198457670658456,1.549798694730601,398.05450404406764,-150.58108956826692,83.10007344933692,104.89992655066307,124.0,23.55706024169922,-0.8170318007469177,1.041618585586548,-1.2456172704696655,1.3263006210327148,0.0354134142398834,-0.1703016459941864,0.0096488678827881,129.51439687638322,77.5856765729537,99.38552967427985
71.59652649311957,-33.21317379930521,-31.539001699361474,1.7937400655310538,402.5012493911545,-153.5467985838393,82.96254950941093,105.03745049058907,124.0,23.82136344909668,-0.8256304264068604,1.0424270629882812,-1.2493352890014648,1.32644522190094,0.0373745411634445,-0.1693568527698516,0.0094665493816137,128.8685349332324,78.09401457617852,100.16891555735666
71.40067380526277,-33.722024368009194,-31.52141951726312,1.9439644506131681,407.26856739643597,-155.85527394926618,85.89690026684318,108.10309973315682,121.0,23.947154998779297,-0.8131101727485657,1.043222188949585,-1.252860188484192,1.3265944719314575,0.0393590368330478,-0.1680463999509811,0.0097827836871147,128.0904671763599,78.80643309048327,101.01263255679692
71.4888325305377,-34.30383284348429,-31.484748540456522,2.057848709607289,411.7382964518552,-158.4613530717345,85.7097100091571,108.2902899908429,121.0,24.304487228393555,-0.7312513589859009,1.044073224067688,-1.2565219402313232,1.3267335891723633,0.0413329154253006,-0.1677792072296142,0.0092497169971466,127.50023939042975,79.20947061872735,101.79005060041314
71.67030503533915,-34.35959108703423,-30.879151619240357,1.9598796253721238,417.4050755356835,-161.6542178297401,85.58498188583985,108.41501811416016,121.0,24.541473388671875,-0.6436526775360107,1.0450087785720823,-1.2603377103805542,1.32688570022583,0.0434331707656383,-0.1678172051906585,0.0072686304338276,126.6850956059663,79.89988627987356,102.72992250819387
71.36611382651213,-34.27107417058363,-30.756092055964817,1.7872466558182765,423.3705926617442,-164.60931251089963,86.5194126145617,109.48058738543828,120.0,24.665699005126957,-0.5837641358375549,1.0460327863693235,-1.2644234895706177,1.3269948959350586,0.0453279912471771,-0.168578639626503,0.0054539237171411,125.64467886915243,80.87473374540929,103.83590851628585
70.8466923167609,-34.13259834092417,-31.115428335636324,2.019013760728077,428.67418038866293,-167.36754985991388,86.38252107046907,109.61747892953093,120.0,24.92425346374512,-0.46305713057518,1.047026515007019,-1.268362283706665,1.3270502090454102,0.0467399805784225,-0.1696701198816299,0.0050954781472682,124.78587905659118,81.5966420138779,104.83159987293975
70.85260656806096,-34.14638960542183,-31.458846168675045,2.4021169586341777,434.272496178126,-170.47333693907206,87.2519130438595,110.7480869561405,119.0,25.1699333190918,-0.3812471330165863,1.0479705333709717,-1.2719814777374268,1.3271245956420898,0.0478107184171676,-0.1702838987112045,0.0059057199396193,123.97125671638031,82.28065632747919,105.77683023976019
70.90475308576484,-34.37236201653817,-31.687878386667325,2.9106115869340266,439.6765537070355,-173.34459676802632,87.12004002881858,110.87995997118142,119.0,25.4169921875,-0.3478936553001404,1.0488803386688232,-1.2757039070129397,1.3271763324737549,0.0484140776097774,-0.171306625008583,0.0071785473264753,123.19376994229934,82.92627008651925,106.68619002888208
70.79346053606702,-34.11236515573694,-32.10558163282948,3.557731476544724,445.0482931210979,-176.52593560551037,86.97633992488494,111.02366007511507,119.0,25.685060501098636,-0.3229931890964508,1.0493532419204712,-1.2778440713882446,1.3272017240524292,0.0484856590628623,-0.1722301989793777,0.0060436171479523,122.94354720642974,83.0327927184552,107.08011286868533
70.59363623472754,-33.73772138840626,-32.59079977847034,4.1861610711894714,451.27375248209086,-180.053582019614,88.83301176345239,113.1669882365476,117.0,25.95123863220215,-0.3139011859893799,1.0506768226623535,-1.2832597494125366,1.3273100852966309,0.0490264445543289,-0.1727406531572342,0.0051817097701132,121.7066198577489,84.12639190570349,108.46036837879869
69.59950962957362,-33.66166568327968,-32.84567018707677,4.761193658154136,457.8546216586687,-183.63384902047528,88.68375163009699,113.31624836990301,117.0,26.22715950012207,-0.3099872171878814,1.051032304763794,-1.2852104902267456,1.3272874355316162,0.0486289598047733,-0.1734567135572433,0.0021234469022601,121.59983070484077,84.08392092525622,108.71641766506224
68.61731003376653,-34.208751758288564,-32.941359272114674,5.211545457190098,464.311519327733,-186.87969338136918,88.51221023848402,113.48778976151598,117.0,26.542659759521484,-0.292282223701477,1.0518534183502195,-1.2892155647277832,1.327254056930542,0.0483588986098766,-0.1744534969329834,-0.0002348409616388,120.99529363743359,84.51691660105044,109.4924961240824
68.15791107222633,-34.71133792203986,-32.49748538551259,5.672976538536908,469.9302173390584,-190.33040782256967,90.3365895845901,115.6634104154099,115.0,26.863874435424805,-0.2697370052337646,1.052554965019226,-1.292973875999451,1.327162504196167,0.0476353578269481,-0.175050213932991,-0.0033454312942922,120.53504811549818,84.80154146909192,110.12836229991171
67.44634766399649,-35.25160607220193,-31.123221813549044,6.276500708614349,475.6152075958936,-194.1757449300727,90.13387154414885,115.86612845585115,115.0,27.23239517211914,-0.2466854155063629,1.05328631401062,-1.296703577041626,1.3270690441131592,0.0471337027847766,-0.1753939539194107,-0.0027524114120751,120.09964715462961,85.03422438951924,110.76648130122155
66.36356327478602,-35.74736540876003,-30.525507830105248,6.77016471196056,482.0786076163532,-197.8643333003021,89.903105366474,116.09689463352599,115.0,27.64895439147949,-0.206796258687973,1.053996205329895,-1.300931453704834,1.3269197940826416,0.0460025146603584,-0.1761765927076339,-0.0073518762364983,119.74171481183525,85.16139055463876,111.35517982169074
65.35093645296972,-35.409383027878604,-30.364328596547736,7.279433953499609,489.3000567679058,-201.68336415921524,90.68519361493149,117.31480638506851,114.0,28.039419174194336,-0.2154064178466797,1.0545475482940674,-1.3047831058502195,1.326796531677246,0.0445729345083236,-0.1768559366464615,-0.0032217120751738,119.54031374309083,85.14487987184066,111.77449264197767
64.75375520952244,-35.24521625624579,-29.09752464141332,7.744455670862868,495.3608048356066,-204.60728390345466,90.45950355259491,117.54049644740509,114.0,28.44085502624512,-0.2312096059322357,1.0551276206970217,-1.3085554838180542,1.3267265558242798,0.0434552580118179,-0.1771413385868072,-0.0040431772358715,119.32611266759126,85.13339088500365,112.21438377981383
63.57004278422407,-34.91906456881094,-27.203181206540137,8.047839188785419,499.84447227865104,-207.01946403616134,90.21000565943432,117.78999434056568,114.0,28.881118774414062,-0.2575646042823791,1.0556021928787231,-1.3126479387283323,1.326549053192139,0.0418372936546802,-0.1779068261384964,-0.0100369891151785,119.28095908446905,84.92904657496527,112.50903525609664
61.87784644208988,-34.92744417626821,-26.03903078051456,8.387335257714524,505.5490962643837,-210.0569464478697,90.05578098996848,117.94421901003152,114.0,29.151412963867188,-0.2402040064334869,1.0561412572860718,-1.3166842460632324,1.3263441324234009,0.0407228581607341,-0.178221121430397,-0.0101102739572525,118.95325007849799,85.1025309114705,112.99096893153353
60.89620244602544,-34.87444706636205,-25.32445713046294,9.276712318518776,511.70008007871814,-213.50464262369164,89.73627141305701,118.26372858694299,114.0,29.70688247680664,-0.2350593507289886,1.0563820600509644,-1.3204948902130127,1.3261783123016355,0.0382716357707977,-0.1779716461896896,-0.0062869749963283,119.34044559605502,84.39582581700199,112.92328299088797
59.92099591021544,-34.52120442049801,-25.06303675996918,10.775544507368766,518.2781793348049,-217.96001255701051,87.35451450989137,116.64548549010863,116.0,30.36260032653809,-0.1896160393953323,1.056710958480835,-1.3243083953857422,1.326102614402771,0.0360934250056743,-0.17733234167099,-0.0015995997237041,119.77810865219483,83.57640585769656,112.8673768379138
58.655733617264566,-34.618187136856996,-24.70646853703189,12.456466354839131,524.4342306922402,-222.92808758812703,86.89030785597353,117.10969214402647,116.0,31.14824867248535,-0.1441121250391006,1.0568445920944214,-1.3283734321594238,1.3260993957519531,0.0326282642781734,-0.1765351593494415,0.0030439300462603,120.64311345548869,82.24719440048483,112.46657868853778
57.54334956457466,-34.28541787730356,-24.01242940160345,14.203408463998501,528.8186427600892,-227.93277423919037,86.39930067953901,117.60069932046098,116.0,31.965316772460938,-0.1064449772238731,1.056795358657837,-1.3321105241775513,1.3261535167694092,0.0284157544374465,-0.1750436425209045,0.0078232921659946,121.81252891559927,80.58677176393974,111.7881704048617
56.04537193376448,-34.04256831700059,-23.969337798385943,16.025244158419003,532.2971605983562,-231.90535023891042,85.86888207637404,118.13111792362598,116.0,32.83191680908203,-0.0960600674152374,1.0568275451660156,-1.3358232975006104,1.326189637184143,0.024856548756361,-0.1735672056674957,0.0030883275903761,123.0102246001981,78.85865747617592,111.12089332342788
