timeTick, stateX, stateY, stateZ, stateVX, stateVY, stateVZ, whisker1_1, whisker1_2, whisker1_3, whisker2_1, whisker2_2, whisker2_3, motor1, motor2, motor3, motor4, roll, pitch, laserFront
16327, 0.057600900530815125, -0.021151646971702576, 0.33029359579086304, -0.006116797216236591, -0.006914697587490082, 0.016863955184817314, 0, 0, 0, 0, 0, 0, 0, 0, 0, 0, 0, 0, 0
16347, 0.05748342350125313, -0.021289199590682983, 0.3303833305835724, -0.005685947835445404, -0.006819136440753937, 0.015227463096380234, 112698.65625, 141074.109375, 94907.7265625, 113439.6171875, 144863.1875, 92601.046875, 42770.0, 41092.0, 43186.0, 42259.0, -0.029837286099791527, -0.13551567494869232, 765.0
16367, 0.058307722210884094, -0.021186739206314087, 0.33066484332084656, -0.0031982092186808586, -0.00629722885787487, 0.012664333917200565, 112701.5234375, 141074.625, 94900.171875, 113446.1015625, 144859.46875, 92609.4296875, 44552.0, 39813.0, 41208.0, 43350.0, -0.038632478564977646, -0.3030640482902527, 763.0
16387, 0.05713963136076927, -0.020442143082618713, 0.33089789748191833, -0.0031814444810152054, -0.004696275573223829, 0.011088377796113491, 112702.2265625, 141078.203125, 94908.96875, 113446.1015625, 144864.078125, 92608.2109375, 45896.0, 37533.0, 39691.0, 45189.0, -0.053761206567287445, -0.672691285610199, 763.0
16407, 0.05830540135502815, -0.021357715129852295, 0.33192944526672363, 0.002497043227776885, -0.00595226651057601, 0.011176778934895992, 112705.84375, 141072.3125, 94894.9140625, 113442.4453125, 144863.1875, 92612.921875, 46894.0, 37253.0, 38389.0, 45395.0, -0.09151753038167953, -1.2091830968856812, 763.0
16427, 0.05677090957760811, -0.0196632519364357, 0.3321582078933716, 0.005356148350983858, -0.002491514664143324, 0.01057490985840559, 112699.3671875, 141076.921875, 94894.9140625, 113448.265625, 144866.390625, 92609.4296875, 46015.0, 37063.0, 39518.0, 45451.0, -0.10883838683366776, -1.7834550142288208, 764.0
16448, 0.05583113059401512, -0.02053464576601982, 0.33059069514274597, 0.010821595788002014, -0.0035839115735143423, -0.003485665423795581, 112707.296875, 141081.515625, 94900.171875, 113446.1015625, 144872.84375, 92611.4140625, 46789.0, 37248.0, 38752.0, 45295.0, -0.1412418633699417, -2.373349189758301, 764.0
16467, 0.05698585510253906, -0.021465199068188667, 0.33048418164253235, 0.021589217707514763, -0.0047559295780956745, -0.006404900923371315, 112703.7265625, 141079.21875, 94900.9375, 113451.09375, 144862.21875, 92608.2109375, 47241.0, 34502.0, 38693.0, 47447.0, -0.13882726430892944, -2.8521366119384766, 761.0
16487, 0.05630287900567055, -0.02002207189798355, 0.3293791711330414, 0.03010493516921997, -0.001610208535566926, -0.015299825929105282, 112703.6796875, 141076.921875, 94891.671875, 113440.2890625, 144867.796875, 92608.2109375, 48569.0, 34305.0, 37356.0, 47648.0, -0.18859878182411194, -3.2533304691314697, 761.0
16507, 0.05645763874053955, -0.020131459459662437, 0.32905876636505127, 0.04103801026940346, -0.0012846507597714663, -0.016744371503591537, 112704.390625, 141076.921875, 94908.1953125, 113438.125, 144864.078125, 92614.140625, 48190.0, 35247.0, 38592.0, 47453.0, -0.1587863564491272, -3.558215618133545, 761.0
16527, 0.057209279388189316, -0.021489303559064865, 0.32765576243400574, 0.053595513105392456, -0.0033120240550488234, -0.021983005106449127, 112693.640625, 141078.703125, 94894.9140625, 113433.1328125, 144862.21875, 92616.125, 48567.0, 34713.0, 37948.0, 47712.0, -0.13942354917526245, -3.792196750640869, 759.0
16547, 0.057541459798812866, -0.020246906206011772, 0.3272189497947693, 0.06546841561794281, -0.0006407173932529986, -0.022635439410805702, 112695.046875, 141081.515625, 94892.140625, 113433.796875, 144859.46875, 92612.6328125, 48855.0, 34623.0, 38151.0, 47956.0, -0.12494339048862457, -3.9451708793640137, 759.0
16567, 0.05911604315042496, -0.02153663896024227, 0.32676446437835693, 0.07953882962465286, -0.0025253428611904383, -0.022236833348870277, 112708.75, 141085.609375, 94910.96875, 113435.2890625, 144859.921875, 92612.1640625, 48710.0, 35748.0, 38627.0, 47414.0, -0.13374954462051392, -4.0381550788879395, 759.0
16587, 0.061864856630563736, -0.02271370217204094, 0.3260241150856018, 0.0954972505569458, -0.004221482668071985, -0.02065347693860531, 112697.953125, 141076.921875, 94896.15625, 113440.2890625, 144867.796875, 92615.3671875, 48009.0, 37592.0, 39472.0, 46172.0, -0.14920516312122345, -4.055693626403809, 758.0
16607, 0.06404878944158554, -0.024060077965259552, 0.3256222605705261, 0.10947199910879135, -0.006188167259097099, -0.02007320150732994, 112703.6796875, 141081.515625, 94898.9296875, 113443.9375, 144869.125, 92610.9375, 47022.0, 38583.0, 41000.0, 45332.0, -0.1182023137807846, -3.9627747535705566, 758.0
16627, 0.06926880031824112, -0.022602032870054245, 0.3266967535018921, 0.12785086035728455, -0.0030630643013864756, -0.012480943463742733, 112699.3671875, 141085.09375, 94891.671875, 113442.4453125, 144861.78125, 92618.8515625, 46211.0, 40479.0, 41930.0, 43896.0, -0.12561063468456268, -3.7746615409851074, 758.0
16647, 0.07012324780225754, -0.024706529453396797, 0.32648706436157227, 0.13688145577907562, -0.0064171794801950455, -0.009341470897197723, 112705.1328125, 141081.0, 94893.6796875, 113448.265625, 144863.640625, 92614.140625, 45162.0, 41102.0, 42956.0, 42883.0, -0.12154117971658707, -3.492872714996338, 752.0
16667, 0.07423827052116394, -0.02438811957836151, 0.32735520601272583, 0.15033254027366638, -0.00521988607943058, -0.0021447769831866026, 112708.0, 141085.609375, 94896.921875, 113448.265625, 144864.96875, 92618.1015625, 44721.0, 41556.0, 43324.0, 42385.0, -0.13077643513679504, -3.1580653190612793, 752.0
16687, 0.07609710842370987, -0.02404887229204178, 0.3273458480834961, 0.15813608467578888, -0.0039278678596019745, 0.0014807939296588302, 112702.9765625, 141074.625, 94896.921875, 113448.265625, 144868.6875, 92620.078125, 44188.0, 41215.0, 43541.0, 42206.0, -0.14952650666236877, -2.8264029026031494, 752.0
16707, 0.07837945222854614, -0.024830840528011322, 0.32764044404029846, 0.1651783287525177, -0.004642589949071407, 0.004936041310429573, 112705.1328125, 141083.8125, 94884.1171875, 113440.2890625, 144865.9375, 92619.3203125, 45443.0, 39788.0, 42391.0, 43299.0, -0.17442448437213898, -2.5038671493530273, 740.0
16727, 0.08208092302083969, -0.024776281788945198, 0.3277174234390259, 0.1735142320394516, -0.0037462383043020964, 0.0036292814183980227, 112708.0, 141080.5, 94902.9453125, 113433.796875, 144858.0625, 92618.8515625, 46323.0, 38450.0, 40917.0, 44294.0, -0.18774373829364777, -2.2120816707611084, 740.0
16748, 0.08376934379339218, -0.026763916015625, 0.3271280527114868, 0.17709557712078094, -0.006755636539310217, 0.0006563540664501488, 112699.3671875, 141085.609375, 94889.6640625, 113448.265625, 144858.0625, 92619.3203125, 46281.0, 39358.0, 41061.0, 43524.0, -0.1807899922132492, -1.9560471773147583, 738.0
16767, 0.089151531457901, -0.025457048788666725, 0.3271242380142212, 0.1867295205593109, -0.003463590983301401, -0.0007375669665634632, 112707.296875, 141074.625, 94886.125, 113433.796875, 144861.78125, 92623.28125, 45294.0, 40388.0, 42203.0, 42682.0, -0.18829086422920227, -1.7667200565338135, 738.0
16787, 0.09147661924362183, -0.024330083280801773, 0.3271319270133972, 0.18956252932548523, -0.0005045174621045589, 0.000784912146627903, 112700.8203125, 141082.03125, 94888.421875, 113441.7734375, 144870.546875, 92620.078125, 44907.0, 40562.0, 42553.0, 42697.0, -0.238331139087677, -1.5859583616256714, 738.0
16807, 0.09406425058841705, -0.025414181873202324, 0.325816810131073, 0.19204279780387878, -0.0018129943637177348, -0.007485893554985523, 112691.4375, 141089.703125, 94892.140625, 113451.9140625, 144861.328125, 92625.2578125, 45508.0, 40236.0, 42154.0, 42852.0, -0.21433746814727783, -1.365645170211792, 729.0
16827, 0.09847655892372131, -0.025399981066584587, 0.325667142868042, 0.19720172882080078, -0.0010595544008538127, -0.006770700216293335, 112706.5859375, 141078.703125, 94883.6484375, 113444.609375, 144863.109375, 92625.2578125, 46000.0, 39194.0, 42014.0, 44052.0, -0.1814863085746765, -1.1598572731018066, 729.0
16847, 0.10361901670694351, -0.025381730869412422, 0.3248825967311859, 0.2029447704553604, -0.00035218862467445433, -0.010842038318514824, 112710.15625, 141083.8125, 94890.140625, 113447.4453125, 144864.53125, 92625.2578125, 46114.0, 38392.0, 42070.0, 44739.0, -0.17934550344944, -0.8972049355506897, 729.0
16867, 0.10569152235984802, -0.02628261409699917, 0.3247062563896179, 0.2016495168209076, -0.0014437324134632945, -0.008623911067843437, 112708.75, 141079.21875, 94882.875, 113448.9375, 144877.453125, 92629.96875, 46754.0, 40125.0, 41411.0, 43294.0, -0.18293888866901398, -0.6539635062217712, 718.0
16887, 0.10984719544649124, -0.025431055575609207, 0.32550957798957825, 0.20350900292396545, 0.0009016431868076324, -0.003250414039939642, 112705.84375, 141082.796875, 94892.140625, 113449.6015625, 144859.46875, 92624.7890625, 46435.0, 39427.0, 41691.0, 43897.0, -0.18647970259189606, -0.4353872239589691, 718.0
16907, 0.11348447948694229, -0.02630786970257759, 0.32546159625053406, 0.20364221930503845, -0.00030291106668300927, -0.001115321763791144, 112709.453125, 141089.703125, 94898.1640625, 113444.609375, 144865.9375, 92626.015625, 45931.0, 38985.0, 42310.0, 44054.0, -0.15793214738368988, -0.2304040640592575, 718.0
16927, 0.11707016825675964, -0.026202436536550522, 0.3275526165962219, 0.2029803842306137, 0.00046136925811879337, 0.011382956989109516, 112710.15625, 141079.21875, 94873.609375, 113446.7734375, 144864.53125, 92620.828125, 46801.0, 37198.0, 41175.0, 45373.0, -0.1517728716135025, -0.05497836694121361, 707.0
16947, 0.11985617876052856, -0.026058269664645195, 0.3278082609176636, 0.20038068294525146, 0.0012970400275662541, 0.012058572843670845, 112704.4296875, 141083.8125, 94884.8828125, 113441.7734375, 144862.21875, 92627.9921875, 47521.0, 36643.0, 39674.0, 45195.0, -0.16306665539741516, 0.03547269478440285, 707.0
16967, 0.12256690859794617, -0.026218684390187263, 0.3280705213546753, 0.1974024921655655, 0.0014854730106890202, 0.012928683310747147, 112708.0, 141085.609375, 94886.125, 113443.9375, 144868.6875, 92628.7421875, 46643.0, 37287.0, 40860.0, 44630.0, -0.16742679476737976, 0.0912826880812645, 707.0
16987, 0.12900227308273315, -0.02698841132223606, 0.32911890745162964, 0.20213228464126587, 0.00033910866477526724, 0.017818378284573555, 112704.4296875, 141083.8125, 94892.140625, 113449.6015625, 144864.53125, 92630.4375, 45524.0, 39276.0, 42064.0, 42814.0, -0.14547164738178253, 0.09839460253715515, 695.0
17007, 0.13151498138904572, -0.02686423249542713, 0.3294565975666046, 0.1984831690788269, 0.001065070740878582, 0.01635749638080597, 112707.296875, 141088.421875, 94885.359375, 113444.609375, 144859.46875, 92629.96875, 45816.0, 37242.0, 41296.0, 44174.0, -0.1465117186307907, 0.1221950426697731, 695.0
17027, 0.13554668426513672, -0.026808366179466248, 0.3290967643260956, 0.19808906316757202, 0.0016533808084204793, 0.010445285588502884, 112701.5234375, 141089.703125, 94874.8515625, 113446.7734375, 144867.796875, 92630.7265625, 47088.0, 35615.0, 39754.0, 45524.0, -0.15358681976795197, 0.1713722199201584, 686.0
17047, 0.1385505199432373, -0.027471041306853294, 0.3293091356754303, 0.1954328566789627, 0.0006861406727693975, 0.009117438457906246, 112708.75, 141086.109375, 94880.1015625, 113452.5859375, 144870.09375, 92635.1484375, 46217.0, 37339.0, 40998.0, 44341.0, -0.16902780532836914, 0.2026452124118805, 686.0
17067, 0.14238905906677246, -0.027492398396134377, 0.32928550243377686, 0.1945279985666275, 0.0011712879640981555, 0.0062195975333452225, 112717.3828125, 141081.515625, 94886.890625, 113447.4453125, 144868.6875, 92627.234375, 45363.0, 39540.0, 42117.0, 42463.0, -0.1750037521123886, 0.21055404841899872, 686.0
17087, 0.14629687368869781, -0.027517491951584816, 0.3293941617012024, 0.19370794296264648, 0.0016020288458094, 0.006141739897429943, 112713.7734375, 141089.703125, 94887.3671875, 113446.1015625, 144865.9375, 92634.3984375, 45118.0, 39812.0, 42555.0, 42239.0, -0.1668715476989746, 0.2157331258058548, 678.0
17107, 0.15131033957004547, -0.02745227888226509, 0.32929810881614685, 0.19531455636024475, 0.0021727296989411116, 0.0033057956025004387, 112709.453125, 141082.03125, 94880.875, 113447.4453125, 144870.984375, 92633.171875, 46140.0, 37589.0, 41475.0, 43986.0, -0.15373218059539795, 0.24924181401729584, 678.0
17127, 0.15583191812038422, -0.027929630130529404, 0.3293546140193939, 0.19586697220802307, 0.0015842471038922668, 0.0020176914986222982, 112708.75, 141090.71875, 94878.8671875, 113450.421875, 144866.390625, 92637.1328125, 46417.0, 35857.0, 41536.0, 45330.0, -0.14745786786079407, 0.2512397766113281, 678.0
17147, 0.15947914123535156, -0.029228560626506805, 0.3293888568878174, 0.1945645660161972, -0.0007608360610902309, 0.00038056171615608037, 112712.3203125, 141085.609375, 94887.3671875, 113448.9375, 144870.984375, 92633.9296875, 46842.0, 36847.0, 41065.0, 44598.0, -0.19888663291931152, 0.1886926293373108, 664.0
17167, 0.16279464960098267, -0.029164759442210197, 0.3296482563018799, 0.1927790641784668, 0.00011043098493246362, 0.000825772644020617, 112713.7734375, 141084.328125, 94882.109375, 113450.421875, 144864.078125, 92635.90625, 46205.0, 38987.0, 42103.0, 42970.0, -0.21568375825881958, 0.13616794347763062, 664.0
17187, 0.16716508567333221, -0.02909340336918831, 0.32965800166130066, 0.19357889890670776, 0.0010138734942302108, 0.0013598647201433778, 112707.296875, 141086.109375, 94880.875, 113453.2578125, 144858.0625, 92631.9453125, 46235.0, 39321.0, 41941.0, 42471.0, -0.21039971709251404, 0.05983811616897583, 664.0
17207, 0.1708001047372818, -0.028966186568140984, 0.32938751578330994, 0.1928999125957489, 0.0019572621677070856, -0.0021954569965600967, 112717.3828125, 141081.515625, 94876.859375, 113452.5859375, 144864.078125, 92639.859375, 45295.0, 39333.0, 43016.0, 42425.0, -0.214569553732872, 0.022073550149798393, 655.0
17227, 0.17282569408416748, -0.028840206563472748, 0.3293612599372864, 0.18857784569263458, 0.0028740810230374336, -0.001360030728392303, 112715.2265625, 141090.203125, 94878.8671875, 113446.7734375, 144864.078125, 92631.9453125, 46182.0, 38384.0, 42104.0, 43394.0, -0.23460428416728973, 0.009785940870642662, 655.0
17247, 0.17623284459114075, -0.029455846175551414, 0.32877370715141296, 0.18763142824172974, 0.002081844490021467, -0.007179717067629099, 112705.1328125, 141086.109375, 94874.8515625, 113441.7734375, 144868.6875, 92632.703125, 46535.0, 37768.0, 41801.0, 43950.0, -0.22350546717643738, -0.016274265944957733, 645.0
17267, 0.17971771955490112, -0.02942686714231968, 0.32863569259643555, 0.1869756132364273, 0.0028229793533682823, -0.006540808826684952, 112708.0, 141086.109375, 94868.8359375, 113448.9375, 144864.078125, 92634.6796875, 46401.0, 37975.0, 42188.0, 44018.0, -0.2297215312719345, -0.019013745710253716, 645.0
17287, 0.18323592841625214, -0.029333801940083504, 0.3271043300628662, 0.18643897771835327, 0.0036515062674880028, -0.016224607825279236, 112714.4765625, 141087.90625, 94874.8515625, 113445.28125, 144873.296875, 92638.3515625, 47337.0, 36986.0, 40987.0, 44757.0, -0.22361643612384796, -0.0357263907790184, 645.0
17307, 0.18647988140583038, -0.029208382591605186, 0.32677963376045227, 0.18542316555976868, 0.004537493921816349, -0.016740838065743446, 112710.15625, 141087.90625, 94879.6328125, 113454.75, 144862.21875, 92637.8828125, 47343.0, 36903.0, 41417.0, 45220.0, -0.23069462180137634, -0.03454253077507019, 638.0
17327, 0.19085031747817993, -0.029177455231547356, 0.32741522789001465, 0.18721163272857666, 0.005171486176550388, -0.011044720187783241, 112716.6328125, 141083.8125, 94870.8359375, 113451.765625, 144868.6875, 92635.1484375, 47351.0, 37590.0, 41366.0, 44812.0, -0.22881010174751282, -0.06592585891485214, 638.0
17347, 0.19376924633979797, -0.029944639652967453, 0.3272247016429901, 0.18554271757602692, 0.0038335793651640415, -0.009046033024787903, 112709.453125, 141087.390625, 94876.859375, 113453.2578125, 144869.125, 92640.3359375, 46493.0, 37695.0, 42455.0, 44534.0, -0.20020811259746552, -0.1070522740483284, 638.0
17367, 0.19808952510356903, -0.02986656315624714, 0.32705095410346985, 0.18747499585151672, 0.00450499914586544, -0.007746808230876923, 112712.3203125, 141094.8125, 94874.8515625, 113454.75, 144870.984375, 92641.0859375, 46529.0, 38055.0, 42460.0, 44097.0, -0.1944916546344757, -0.12577882409095764, 628.0
17387, 0.2010243535041809, -0.02984449453651905, 0.3277643322944641, 0.1860864907503128, 0.005016150884330273, -0.001658076187595725, 112717.3828125, 141086.109375, 94872.84375, 113456.2421875, 144869.125, 92639.859375, 46457.0, 38389.0, 42220.0, 43827.0, -0.19549375772476196, -0.1799730807542801, 628.0
17407, 0.20396381616592407, -0.02937190793454647, 0.3277498483657837, 0.1849014312028885, 0.006550399120897055, -7.704207382630557e-05, 112713.7734375, 141092.0, 94873.609375, 113447.4453125, 144872.84375, 92644.5703125, 46032.0, 39578.0, 42348.0, 42669.0, -0.18513303995132446, -0.2123367041349411, 628.0
17427, 0.20813514292240143, -0.029453948140144348, 0.3266582190990448, 0.18689541518688202, 0.0065387156791985035, -0.004791718441992998, 112715.2265625, 141092.5, 94876.09375, 113461.234375, 144870.546875, 92643.8203125, 44998.0, 39928.0, 43296.0, 42459.0, -0.14237265288829803, -0.2538183331489563, 619.0
17447, 0.2109328657388687, -0.028818538412451744, 0.3265678882598877, 0.1855272799730301, 0.008205089718103409, -0.004396754316985607, 112713.7734375, 141089.4375, 94878.1015625, 113448.9375, 144859.46875, 92645.796875, 45355.0, 39695.0, 42876.0, 42908.0, -0.13103078305721283, -0.2640465497970581, 619.0
17467, 0.21592383086681366, -0.028697747737169266, 0.3254973888397217, 0.18966013193130493, 0.00848831795156002, -0.00824857596307993, 112722.40625, 141090.203125, 94863.578125, 113459.0703125, 144868.25, 92649.7578125, 45376.0, 38931.0, 42640.0, 43753.0, -0.10921759158372879, -0.29574909806251526, 619.0
17487, 0.217964768409729, -0.02889893762767315, 0.3253350555896759, 0.18627627193927765, 0.007924135774374008, -0.008807629346847534, 112718.0859375, 141096.59375, 94876.859375, 113452.5859375, 144870.984375, 92649.0, 45788.0, 39083.0, 42555.0, 44112.0, -0.08749552816152573, -0.3143312931060791, 609.0
17507, 0.22148917615413666, -0.0291597880423069, 0.32624518871307373, 0.1867372840642929, 0.007084329146891832, -0.0020342839416116476, 112712.3203125, 141093.015625, 94874.8515625, 113453.40625, 144872.40625, 92645.796875, 47299.0, 38554.0, 40588.0, 44657.0, -0.04258176311850548, -0.2560120224952698, 609.0
17527, 0.22423824667930603, -0.02937346138060093, 0.326210618019104, 0.18520838022232056, 0.006195485591888428, -0.0016505065141245723, 112716.6328125, 141092.5, 94862.8125, 113456.9140625, 144861.78125, 92651.734375, 47168.0, 37874.0, 40303.0, 45039.0, 0.02127416618168354, -0.27722153067588806, 601.0
17547, 0.22820664942264557, -0.028588125482201576, 0.3261905014514923, 0.18681079149246216, 0.007761702407151461, -0.0007849793182685971, 112708.0, 141093.015625, 94874.8515625, 113451.09375, 144868.25, 92650.9765625, 47285.0, 37649.0, 39848.0, 45192.0, 0.032942090183496475, -0.24089670181274414, 601.0
17567, 0.23075541853904724, -0.028613118454813957, 0.3269375264644623, 0.18465475738048553, 0.007210335228592157, 0.0027919921558350325, 112720.953125, 141092.5, 94863.578125, 113451.09375, 144864.53125, 92648.53125, 46604.0, 37946.0, 40682.0, 44978.0, 0.04259791970252991, -0.22884365916252136, 601.0
17587, 0.2340867966413498, -0.02871032990515232, 0.32701388001441956, 0.1845448613166809, 0.006438537035137415, 0.0038087377324700356, 112713.0625, 141092.5, 94867.59375, 113453.2578125, 144864.53125, 92644.5703125, 45996.0, 39937.0, 41078.0, 43335.0, 0.06139243021607399, -0.20985674858093262, 594.0
17607, 0.23760521411895752, -0.02820187248289585, 0.32745781540870667, 0.18484272062778473, 0.007150305435061455, 0.004226991441100836, 112723.859375, 141090.71875, 94868.0625, 113459.0703125, 144865.9375, 92655.40625, 45011.0, 39767.0, 42179.0, 43451.0, 0.08796035498380661, -0.21434278786182404, 594.0
17627, 0.2404898852109909, -0.02892267517745495, 0.3275502324104309, 0.18359853327274323, 0.004612726159393787, 0.004631333984434605, 112723.859375, 141097.609375, 94870.0703125, 113455.421875, 144866.390625, 92648.53125, 45195.0, 40231.0, 41649.0, 43240.0, 0.1234823539853096, -0.25567004084587097, 594.0
17647, 0.24534834921360016, -0.02898506447672844, 0.32738083600997925, 0.18757934868335724, 0.0037579722702503204, 0.0013667646562680602, 112713.7734375, 141087.90625, 94860.8046875, 113460.4140625, 144868.6875, 92658.140625, 44827.0, 38784.0, 41876.0, 44360.0, 0.15057264268398285, -0.2888515293598175, 582.0
17667, 0.24991101026535034, -0.028866995126008987, 0.32738441228866577, 0.19071505963802338, 0.0033920828718692064, 0.00022096914472058415, 112717.3828125, 141090.203125, 94878.1015625, 113451.09375, 144868.6875, 92650.5078125, 45347.0, 38139.0, 41439.0, 45153.0, 0.13964638113975525, -0.31466010212898254, 582.0
17687, 0.25134745240211487, -0.02874152734875679, 0.3272415101528168, 0.1856430172920227, 0.003155659418553114, -0.002646141219884157, 112720.25, 141085.609375, 94858.03125, 113453.2578125, 144867.796875, 92649.7578125, 46317.0, 37940.0, 40286.0, 45539.0, 0.08957599848508835, -0.2882266938686371, 582.0
17707, 0.2546725571155548, -0.02886146865785122, 0.32717761397361755, 0.18555480241775513, 0.002409200416877866, -0.004062054678797722, 112716.6328125, 141092.5, 94868.8359375, 113451.09375, 144870.984375, 92653.7109375, 47021.0, 38770.0, 39257.0, 44916.0, 0.08004109561443329, -0.2530604600906372, 577.0
17727, 0.2586539685726166, -0.02902652882039547, 0.3270997405052185, 0.18710105121135712, 0.001490956055931747, -0.004253340419381857, 112721.703125, 141101.203125, 94862.8125, 113453.2578125, 144864.53125, 92652.9609375, 45902.0, 39295.0, 40473.0, 44578.0, 0.11982465535402298, -0.2469480335712433, 577.0
17747, 0.2611413300037384, -0.029050426557660103, 0.32569420337677, 0.18465428054332733, 0.000876610807608813, -0.013631234876811504, 112724.5625, 141097.609375, 94858.03125, 113457.5859375, 144866.390625, 92656.9140625, 45623.0, 39890.0, 40894.0, 44261.0, 0.1261812448501587, -0.23580411076545715, 577.0
17767, 0.26430022716522217, -0.02902672253549099, 0.32544171810150146, 0.1839814931154251, 0.0004376659053377807, -0.011618481948971748, 112720.953125, 141097.109375, 94862.046875, 113457.5859375, 144868.25, 92656.9140625, 45106.0, 39951.0, 41885.0, 44640.0, 0.1273442953824997, -0.19897693395614624, 568.0
17787, 0.26755470037460327, -0.028369134292006493, 0.3246587812900543, 0.1834293007850647, 0.0017047760775312781, -0.014740494079887867, 112718.7890625, 141097.109375, 94856.796875, 113453.9296875, 144866.390625, 92654.9375, 44970.0, 40187.0, 42083.0, 44541.0, 0.11116015166044235, -0.20098091661930084, 568.0
17807, 0.2723308503627777, -0.028479618951678276, 0.32435935735702515, 0.18683722615242004, 0.0009532172116450965, -0.01320162694901228, 112724.5625, 141090.71875, 94862.8125, 113458.25, 144869.125, 92658.421875, 45932.0, 38905.0, 41034.0, 45773.0, 0.11848212778568268, -0.1839486062526703, 558.0
17827, 0.27704697847366333, -0.02859506569802761, 0.3248223066329956, 0.18996478617191315, 0.0001893015141831711, -0.006970756687223911, 112720.25, 141092.0, 94858.03125, 113458.3984375, 144864.078125, 92653.7109375, 47210.0, 38448.0, 39370.0, 46263.0, 0.1276387721300125, -0.18428826332092285, 558.0
17847, 0.2813037037849426, -0.02874191477894783, 0.32468968629837036, 0.19180838763713837, -0.000661707716062665, -0.006593749392777681, 112720.25, 141094.8125, 94871.3125, 113454.75, 144863.640625, 92657.671875, 46609.0, 38498.0, 39777.0, 45905.0, 0.13520941138267517, -0.21625004708766937, 558.0
17867, 0.28402841091156006, -0.0287515539675951, 0.32475364208221436, 0.18969273567199707, -0.0011329090921208262, -0.0041790553368628025, 112722.40625, 141094.296875, 94858.03125, 113456.2421875, 144870.09375, 92665.5859375, 45678.0, 40096.0, 40911.0, 44684.0, 0.1349504292011261, -0.24400293827056885, 555.0
17887, 0.2865826487541199, -0.028593633323907852, 0.3246925473213196, 0.18723411858081818, -0.001116036088205874, -0.003462370717898011, 112720.25, 141095.3125, 94856.796875, 113459.7421875, 144868.6875, 92666.0546875, 44287.0, 40926.0, 42232.0, 44061.0, 0.12249892950057983, -0.2622387111186981, 555.0
17908, 0.28979936242103577, -0.029044905677437782, 0.32461264729499817, 0.1865166872739792, -0.002573678269982338, -0.0037838176358491182, 112723.109375, 141092.0, 94862.8125, 113457.5859375, 144866.390625, 92662.8515625, 44571.0, 40760.0, 41875.0, 44198.0, 0.07824297994375229, -0.24347533285617828, 555.0
17927, 0.2934020161628723, -0.02889605611562729, 0.3259659707546234, 0.18678362667560577, -0.002206001430749893, 0.003965890035033226, 112720.9921875, 141094.8125, 94858.03125, 113455.421875, 144862.21875, 92661.625, 44967.0, 39715.0, 41342.0, 45166.0, 0.04991636425256729, -0.21580807864665985, 543.0
17947, 0.2963969111442566, -0.028873328119516373, 0.32605665922164917, 0.18548010289669037, -0.0021318544168025255, 0.004199545364826918, 112720.25, 141099.40625, 94864.0546875, 113451.765625, 144865.9375, 92661.625, 45793.0, 38435.0, 40053.0, 45749.0, 0.008545027114450932, -0.23489968478679657, 543.0
17967, 0.3000502288341522, -0.028869055211544037, 0.3260800838470459, 0.18608532845973969, -0.00202076300047338, 0.0015998277813196182, 112720.25, 141097.109375, 94853.546875, 113451.09375, 144868.6875, 92667.5625, 46722.0, 37761.0, 38620.0, 46134.0, -0.0076839374378323555, -0.2348739206790924, 543.0
17987, 0.30290234088897705, -0.028782812878489494, 0.326118528842926, 0.18463732302188873, -0.0016769611975178123, 0.0017979068215936422, 112720.953125, 141099.921875, 94858.8046875, 113463.3984375, 144868.25, 92660.875, 46358.0, 37290.0, 39159.0, 46568.0, -0.03390056639909744, -0.2681855261325836, 535.0
18007, 0.3068844676017761, -0.028056684881448746, 0.32527726888656616, 0.18627947568893433, 0.0004658857360482216, -0.003740878077223897, 112721.703125, 141101.703125, 94860.0390625, 113453.2578125, 144872.84375, 92664.359375, 46090.0, 37750.0, 39625.0, 46346.0, -0.05407504737377167, -0.26189130544662476, 535.0
18027, 0.3095046281814575, -0.028087755665183067, 0.3251800835132599, 0.1842193752527237, 0.0006158582982607186, -0.006757681258022785, 112719.5390625, 141097.109375, 94848.7734375, 113456.2421875, 144864.078125, 92658.890625, 45991.0, 38051.0, 39834.0, 46257.0, -0.08663558959960938, -0.2394908368587494, 527.0
18047, 0.3127889335155487, -0.02826165407896042, 0.32541340589523315, 0.18393032252788544, 0.00039411563193425536, -0.004731069318950176, 112721.703125, 141095.3125, 94860.8046875, 113454.75, 144863.640625, 92661.625, 45722.0, 38688.0, 40227.0, 45931.0, -0.07751286774873734, -0.18563568592071533, 527.0
18067, 0.3153534233570099, -0.028875524178147316, 0.3253292143344879, 0.18165305256843567, -0.0009921108139678836, -0.005386920180171728, 112728.8828125, 141099.40625, 94856.03125, 113461.90625, 144865.9375, 92666.8125, 45354.0, 39818.0, 40728.0, 45078.0, -0.06283287703990936, -0.1577819585800171, 527.0
18087, 0.31920310854911804, -0.028915291652083397, 0.3251928985118866, 0.18273402750492096, -0.0008036852232180536, -0.008296786807477474, 112722.40625, 141098.125, 94854.7890625, 113456.9140625, 144861.78125, 92663.609375, 45142.0, 40741.0, 40808.0, 44266.0, -0.08195531368255615, -0.1439819633960724, 520.0
18107, 0.3237003684043884, -0.028923960402607918, 0.32625502347946167, 0.18542586266994476, -0.0004928632406517863, 0.0005784248351119459, 112726.7265625, 141090.71875, 94851.5390625, 113460.5625, 144870.984375, 92662.8515625, 44828.0, 41104.0, 41285.0, 44048.0, -0.09810484200716019, -0.1456269919872284, 520.0
18127, 0.326527863740921, -0.028839632868766785, 0.3262823820114136, 0.1836555004119873, 8.706064545549452e-05, 0.0012935205595567822, 112716.6328125, 141099.40625, 94858.8046875, 113458.3984375, 144867.796875, 92662.8515625, 44368.0, 39830.0, 41441.0, 44755.0, -0.13334029912948608, -0.1601276993751526, 520.0
18147, 0.3295731842517853, -0.028997328132390976, 0.3257708251476288, 0.1825861781835556, 9.700442751636729e-05, -0.0030016638338565826, 112728.8828125, 141092.5, 94854.4921875, 113455.421875, 144861.78125, 92660.875, 45382.0, 39275.0, 40457.0, 45185.0, -0.13235802948474884, -0.19175803661346436, 513.0
18167, 0.3335413336753845, -0.02788921445608139, 0.3257116377353668, 0.18416322767734528, 0.0033537379931658506, -0.002353750867769122, 112723.859375, 141090.71875, 94852.78125, 113449.6015625, 144868.6875, 92670.765625, 45556.0, 38680.0, 40471.0, 45548.0, -0.09073386341333389, -0.23187188804149628, 513.0
18187, 0.3380328118801117, -0.028466686606407166, 0.3254016637802124, 0.18720625340938568, 0.0018530703382566571, -0.003704329254105687, 112714.515625, 141092.5, 94852.015625, 113456.9140625, 144874.703125, 92664.828125, 47122.0, 38202.0, 38585.0, 45922.0, -0.03348999843001366, -0.2825726568698883, 513.0
18207, 0.34160447120666504, -0.028599968180060387, 0.325307697057724, 0.18789932131767273, 0.0013140852097421885, -0.006446761079132557, 112723.15625, 141094.8125, 94850.7734375, 113458.3984375, 144861.78125, 92664.359375, 46939.0, 37700.0, 39149.0, 46161.0, 0.02841784432530403, -0.34455761313438416, 505.0
18227, 0.3445342481136322, -0.028004946187138557, 0.3251799941062927, 0.18705619871616364, 0.002614786848425865, -0.006727511994540691, 112729.6328125, 141094.296875, 94852.78125, 113452.5859375, 144869.65625, 92665.5859375, 46664.0, 38163.0, 39681.0, 45865.0, 0.05145002529025078, -0.3808656930923462, 505.0
18247, 0.3486917316913605, -0.02806464023888111, 0.3241319954395294, 0.18958871066570282, 0.0021340178791433573, -0.011383417062461376, 112719.5390625, 141097.609375, 94849.5390625, 113457.5859375, 144866.390625, 92661.625, 46030.0, 38641.0, 40653.0, 45415.0, 0.053439658135175705, -0.40441054105758667, 505.0
18267, 0.35136571526527405, -0.027306564152240753, 0.32390454411506653, 0.1881965845823288, 0.003794776275753975, -0.011983152478933334, 112727.46875, 141097.609375, 94853.546875, 113449.75, 144862.21875, 92667.5625, 45544.0, 39734.0, 41473.0, 44535.0, 0.03387207165360451, -0.4422045946121216, 497.0
18287, 0.3546552062034607, -0.027387196198105812, 0.32377827167510986, 0.18852587044239044, 0.0032826410606503487, -0.009020533412694931, 112730.3359375, 141097.109375, 94844.7578125, 113451.09375, 144875.59375, 92658.421875, 45782.0, 39784.0, 41521.0, 44493.0, 0.027927620336413383, -0.4382132887840271, 497.0
18307, 0.3579421937465668, -0.027545681223273277, 0.3236084282398224, 0.1887875348329544, 0.0025789865758270025, -0.0091001121327281, 112725.3125, 141097.109375, 94843.9921875, 113453.2578125, 144867.796875, 92660.3984375, 45755.0, 40845.0, 41514.0, 43426.0, 0.030005276203155518, -0.4327186048030853, 487.0
18327, 0.3611924648284912, -0.02762894332408905, 0.32481345534324646, 0.18882973492145538, 0.002039602492004633, -0.002888461807742715, 112724.5625, 141095.3125, 94854.7890625, 113453.9296875, 144865.5, 92668.7890625, 44295.0, 40872.0, 43268.0, 43314.0, 0.0514959916472435, -0.4246348738670349, 487.0
18347, 0.3654201626777649, -0.02767426334321499, 0.3247688412666321, 0.1913098394870758, 0.0016157204518094659, -0.0010678861290216446, 112723.859375, 141092.5, 94844.7578125, 113457.5859375, 144868.6875, 92662.1015625, 44309.0, 41003.0, 42985.0, 42874.0, 0.05523725599050522, -0.3990183472633362, 487.0
18367, 0.36926478147506714, -0.027948951348662376, 0.32404741644859314, 0.19256244599819183, 0.0005871690809726715, -0.005670805927366018, 112721.703125, 141101.203125, 94846.765625, 113445.28125, 144866.390625, 92670.765625, 44038.0, 40355.0, 43063.0, 43298.0, 0.07003957778215408, -0.3609650135040283, 477.0
18387, 0.3712040185928345, -0.027393391355872154, 0.3239506185054779, 0.18869580328464508, 0.0016592787578701973, -0.004644314292818308, 112726.7265625, 141097.609375, 94848.7734375, 113454.078125, 144875.15625, 92666.3359375, 45254.0, 39345.0, 42027.0, 44494.0, 0.11071211844682693, -0.3313080966472626, 477.0
18407, 0.3750969171524048, -0.028055936098098755, 0.32384973764419556, 0.1899128258228302, -0.00044978957157582045, -0.005360089708119631, 112734.65625, 141097.109375, 94837.96875, 113459.890625, 144861.78125, 92668.7890625, 46621.0, 37591.0, 40396.0, 45748.0, 0.1016213670372963, -0.266570508480072, 477.0
18427, 0.38043829798698425, -0.02792765013873577, 0.3233950436115265, 0.19472534954547882, -0.0003048832877539098, -0.006853762548416853, 112726.015625, 141103.5, 94855.2578125, 113462.7265625, 144868.6875, 92670.765625, 47533.0, 37707.0, 39275.0, 45825.0, 0.06829120963811874, -0.2539098262786865, 471.0
18447, 0.3822706639766693, -0.02918976917862892, 0.32329484820365906, 0.19029060006141663, -0.003696437692269683, -0.005973914172500372, 112726.7265625, 141101.703125, 94851.5390625, 113451.765625, 144861.78125, 92666.8125, 46695.0, 38082.0, 40192.0, 45427.0, 0.02504492737352848, -0.2273283749818802, 471.0
18467, 0.38548576831817627, -0.02904193289577961, 0.32387882471084595, 0.18942610919475555, -0.00324423611164093, -0.0037522721104323864, 112728.8828125, 141105.03125, 94841.984375, 113459.7421875, 144875.15625, 92663.609375, 46026.0, 38424.0, 41303.0, 45357.0, 0.022550860419869423, -0.19888509809970856, 471.0
18487, 0.38867780566215515, -0.028902268037199974, 0.3238298296928406, 0.18848665058612823, -0.0027180849574506283, -0.0015176601009443402, 112721.703125, 141099.40625, 94849.2421875, 113454.75, 144864.078125, 92670.296875, 46201.0, 39067.0, 40832.0, 44618.0, -0.012124471366405487, -0.1414814442396164, 461.0
18507, 0.3925515413284302, -0.02861449494957924, 0.32386213541030884, 0.18918246030807495, -0.0017332668649032712, -0.0028865353669971228, 112723.15625, 141102.21875, 94847.53125, 113455.421875, 144868.25, 92674.25, 44913.0, 39240.0, 42087.0, 44351.0, -0.047523632645606995, -0.13536114990711212, 461.0
18527, 0.39514732360839844, -0.029091017320752144, 0.3238111734390259, 0.18651188910007477, -0.0025492606218904257, -0.0028407745994627476, 112725.265625, 141099.40625, 94835.4921875, 113451.765625, 144865.5, 92666.3359375, 44866.0, 39386.0, 42178.0, 44267.0, -0.09544672816991806, -0.12135237455368042, 461.0
18547, 0.39923450350761414, -0.028829708695411682, 0.32384157180786133, 0.18775220215320587, -0.0013323647435754538, -0.003601432079449296, 112726.015625, 141106.3125, 94845.5234375, 113456.9140625, 144868.6875, 92672.75, 44181.0, 40345.0, 42803.0, 43551.0, -0.14491747319698334, -0.12269876897335052, 452.0
18567, 0.4019830822944641, -0.029369376599788666, 0.32375502586364746, 0.18556202948093414, -0.0020345100201666355, -0.005013819318264723, 112736.8125, 141099.921875, 94837.5, 113454.75, 144863.640625, 92671.5234375, 44919.0, 39825.0, 42203.0, 44075.0, -0.18585535883903503, -0.1274074763059616, 452.0
18588, 0.4048677980899811, -0.03001217357814312, 0.32367196679115295, 0.18380534648895264, -0.002917794045060873, -0.004033415578305721, 112727.46875, 141104.0, 94841.984375, 113459.0703125, 144864.078125, 92671.5234375, 45415.0, 39671.0, 41563.0, 44355.0, -0.20875920355319977, -0.1335773766040802, 452.0
18607, 0.40754759311676025, -0.029906416311860085, 0.3224567174911499, 0.18175259232521057, -0.0018473617965355515, -0.011625450104475021, 112726.015625, 141105.796875, 94841.984375, 113459.0703125, 144868.6875, 92671.5234375, 45384.0, 39187.0, 41287.0, 44962.0, -0.2103874385356903, -0.15751458704471588, 443.0
18627, 0.4110907018184662, -0.029823435470461845, 0.322233647108078, 0.1820410043001175, -0.0007941375952214003, -0.010009810328483582, 112720.25, 141099.40625, 94844.7578125, 113451.09375, 144859.46875, 92676.234375, 44977.0, 39334.0, 41953.0, 45284.0, -0.22851261496543884, -0.1932668387889862, 443.0
18647, 0.41465240716934204, -0.03052304871380329, 0.3215775489807129, 0.18249653279781342, -0.0016829632222652435, -0.010689844377338886, 112728.1796875, 141101.703125, 94833.9609375, 113459.0703125, 144857.171875, 92673.5, 45424.0, 40040.0, 41261.0, 45015.0, -0.2508998215198517, -0.2292582243680954, 436.0
18667, 0.41763636469841003, -0.03092391975224018, 0.32136213779449463, 0.18164578080177307, -0.0018462070729583502, -0.010969874449074268, 112732.4921875, 141104.0, 94844.7578125, 113450.421875, 144873.734375, 92673.5, 45205.0, 40318.0, 41277.0, 44887.0, -0.22378574311733246, -0.2674714922904968, 436.0
18687, 0.42108073830604553, -0.03125210851430893, 0.3202783167362213, 0.18221426010131836, -0.0020010662265121937, -0.014163962565362453, 112725.3125, 141104.515625, 94839.2109375, 113459.0703125, 144861.78125, 92677.4609375, 45259.0, 39910.0, 41183.0, 45734.0, -0.14749789237976074, -0.2983122766017914, 436.0
18707, 0.4238520860671997, -0.03219783306121826, 0.3200342357158661, 0.18111369013786316, -0.00392588647082448, -0.010804389603435993, 112729.6328125, 141103.5, 94832.71875, 113455.421875, 144857.609375, 92678.6796875, 45881.0, 40805.0, 40216.0, 45500.0, -0.11127806454896927, -0.36531251668930054, 428.0
18727, 0.4267558455467224, -0.03247257322072983, 0.3202786445617676, 0.18046188354492188, -0.004252597223967314, -0.007948946207761765, 112726.015625, 141104.0, 94850.0078125, 113451.09375, 144865.5, 92673.5, 45847.0, 40392.0, 39630.0, 46157.0, -0.04917490482330322, -0.38796359300613403, 428.0
18747, 0.4301987886428833, -0.031986042857170105, 0.3201252520084381, 0.1813126802444458, -0.0028052469715476036, -0.006884588394314051, 112728.1796875, 141098.125, 94831.484375, 113453.2578125, 144855.3125, 92677.4609375, 45189.0, 39953.0, 40050.0, 46822.0, -0.011897760443389416, -0.3876934349536896, 428.0
18767, 0.4336957037448883, -0.032898712903261185, 0.3200182616710663, 0.18234463036060333, -0.005012015346437693, -0.004494171589612961, 112718.7890625, 141101.703125, 94849.5390625, 113450.421875, 144857.171875, 92674.7265625, 44714.0, 41009.0, 39860.0, 46329.0, 0.01910041645169258, -0.3914623260498047, 418.0
18787, 0.4372149109840393, -0.03450102359056473, 0.3216155767440796, 0.18341362476348877, -0.009004253894090652, 0.007261684630066156, 112726.015625, 141099.921875, 94833.1953125, 113451.765625, 144861.78125, 92679.4375, 44234.0, 42348.0, 39815.0, 45346.0, 0.04767580330371857, -0.42389196157455444, 418.0
18807, 0.4405648708343506, -0.03416171669960022, 0.321789413690567, 0.18405482172966003, -0.008042501285672188, 0.0095496391877532, 112728.1796875, 141099.921875, 94840.7421875, 113449.6015625, 144855.3125, 92676.234375, 42844.0, 43524.0, 40344.0, 44188.0, 0.0785539448261261, -0.4125927686691284, 418.0
18827, 0.44363072514533997, -0.03454576060175896, 0.3212057650089264, 0.18383106589317322, -0.009053037501871586, 0.00530764926224947, 112724.5625, 141104.515625, 94840.453125, 113447.59375, 144864.078125, 92677.4609375, 41911.0, 43498.0, 40672.0, 44373.0, 0.12446867674589157, -0.3713788092136383, 410.0
18847, 0.446571946144104, -0.03477351740002632, 0.3213115334510803, 0.1831025779247284, -0.009730604477226734, 0.0041087111458182335, 112728.8828125, 141105.28125, 94835.4921875, 113461.234375, 144861.78125, 92682.640625, 41340.0, 43911.0, 40884.0, 44397.0, 0.15442676842212677, -0.3230309784412384, 410.0
18867, 0.44965341687202454, -0.03548518195748329, 0.3208238184452057, 0.1825062483549118, -0.011607116088271141, 0.00026452206657268107, 112723.859375, 141101.203125, 94851.25, 113456.09375, 144859.46875, 92677.4609375, 41644.0, 43442.0, 40303.0, 45335.0, 0.16363906860351562, -0.2887331247329712, 410.0
18887, 0.4537109434604645, -0.03575253114104271, 0.3208131492137909, 0.18432895839214325, -0.012256641872227192, -0.0001243834412889555, 112726.015625, 141110.90625, 94833.1953125, 113456.9140625, 144867.359375, 92682.171875, 42549.0, 41526.0, 39154.0, 47318.0, 0.15726380050182343, -0.23347799479961395, 402.0
18907, 0.4559094309806824, -0.03729970380663872, 0.3216665983200073, 0.18131084740161896, -0.01610090397298336, 0.004932034760713577, 112725.3125, 141106.3125, 94837.203125, 113459.0703125, 144861.78125, 92676.703125, 44273.0, 41400.0, 36802.0, 47801.0, 0.17442375421524048, -0.22215047478675842, 402.0
18928, 0.4599347412586212, -0.03775404766201973, 0.32178932428359985, 0.18313497304916382, -0.017109395936131477, 0.007028997875750065, 112729.6328125, 141099.921875, 94829.9453125, 113458.3984375, 144866.390625, 92686.6015625, 43570.0, 42839.0, 37035.0, 46530.0, 0.18694205582141876, -0.248717799782753, 402.0
18947, 0.46400728821754456, -0.03811874985694885, 0.321938693523407, 0.1851329505443573, -0.017944460734725, 0.008412319235503674, 112731.0390625, 141099.921875, 94825.9375, 113457.5859375, 144864.078125, 92681.4140625, 41810.0, 43871.0, 38772.0, 45717.0, 0.20790483057498932, -0.30667489767074585, 392.0
18967, 0.466844767332077, -0.03834955766797066, 0.3216789662837982, 0.183987095952034, -0.01845402643084526, 0.006816388573497534, 112722.40625, 141108.09375, 94833.9609375, 113463.3984375, 144870.09375, 92679.4375, 42036.0, 42577.0, 38182.0, 46959.0, 0.22409756481647491, -0.34214267134666443, 392.0
18987, 0.4715086817741394, -0.03869565948843956, 0.3218046724796295, 0.1876153200864792, -0.01922435499727726, 0.0066930255852639675, 112727.46875, 141110.390625, 94841.21875, 113453.2578125, 144865.9375, 92688.109375, 43187.0, 41035.0, 36786.0, 48231.0, 0.2223368138074875, -0.3562151789665222, 385.0
19007, 0.47711554169654846, -0.03923985734581947, 0.3231883943080902, 0.1936568170785904, -0.02042931504547596, 0.012424022890627384, 112726.7265625, 141108.09375, 94831.953125, 113457.5859375, 144857.171875, 92687.3515625, 43170.0, 42026.0, 36666.0, 47574.0, 0.21284137666225433, -0.3998936712741852, 385.0
19027, 0.481900691986084, -0.03981374576687813, 0.32343190908432007, 0.19748114049434662, -0.02169238217175007, 0.012109369970858097, 112724.5625, 141101.203125, 94835.96875, 113451.9140625, 144859.46875, 92689.328125, 42349.0, 43566.0, 37135.0, 46177.0, 0.21399053931236267, -0.46883878111839294, 385.0
19047, 0.48509863018989563, -0.040814585983753204, 0.32384422421455383, 0.1971963495016098, -0.024058429524302483, 0.012370855547487736, 112723.859375, 141108.609375, 94835.96875, 113453.2578125, 144863.640625, 92680.1875, 41155.0, 44941.0, 38053.0, 45190.0, 0.23562048375606537, -0.511152446269989, 378.0
19067, 0.4884396493434906, -0.04092865064740181, 0.3240882456302643, 0.1972695142030716, -0.02411150187253952, 0.012662116438150406, 112730.3359375, 141103.5, 94837.96875, 113445.28125, 144861.78125, 92688.578125, 40178.0, 43395.0, 38605.0, 46674.0, 0.23234224319458008, -0.5203690528869629, 378.0
19087, 0.4923352599143982, -0.0417175367474556, 0.32433170080184937, 0.19865742325782776, -0.025734256953001022, 0.011757764965295792, 112726.015625, 141111.40625, 94829.9453125, 113455.421875, 144865.9375, 92683.3984375, 41761.0, 41500.0, 36625.0, 48222.0, 0.1931559294462204, -0.47684910893440247, 378.0
19107, 0.49482056498527527, -0.04190395772457123, 0.3231182098388672, 0.19631697237491608, -0.02563518099486828, 0.0027631993871182203, 112728.8828125, 141106.3125, 94818.6796875, 113452.5859375, 144860.890625, 92691.3125, 43077.0, 41516.0, 35019.0, 48385.0, 0.1516568511724472, -0.43287262320518494, 366.0
19127, 0.49930962920188904, -0.042450934648513794, 0.32315054535865784, 0.19896669685840607, -0.02634827420115471, 0.0005805012187920511, 112730.3359375, 141110.90625, 94827.9453125, 113453.9296875, 144857.171875, 92687.3515625, 43539.0, 42027.0, 34798.0, 48354.0, 0.15075528621673584, -0.3907468318939209, 366.0
19147, 0.502288281917572, -0.04273230582475662, 0.3222176730632782, 0.19755613803863525, -0.026355696842074394, -0.007752286270260811, 112732.4921875, 141104.515625, 94846.0, 113453.2578125, 144861.328125, 92687.3515625, 42682.0, 43018.0, 35904.0, 47897.0, 0.14355507493019104, -0.34238097071647644, 366.0
19167, 0.5071575045585632, -0.044384170323610306, 0.32202890515327454, 0.2007887065410614, -0.029676927253603935, -0.010279362089931965, 112731.7890625, 141106.3125, 94835.96875, 113461.234375, 144860.890625, 92686.8828125, 41634.0, 44063.0, 37202.0, 47359.0, 0.11946126818656921, -0.2956583797931671, 358.0
19187, 0.508635938167572, -0.04569348320364952, 0.3222678601741791, 0.19520169496536255, -0.03193628415465355, -0.00892949290573597, 112734.65625, 141101.203125, 94837.96875, 113463.3984375, 144868.25, 92687.3515625, 40356.0, 44480.0, 38761.0, 47253.0, 0.07902411371469498, -0.2484225630760193, 358.0
19208, 0.5129297375679016, -0.04607014358043671, 0.3220837712287903, 0.19666223227977753, -0.03157537430524826, -0.008770957589149475, 112725.3125, 141112.703125, 94813.8984375, 113458.25, 144870.546875, 92688.109375, 41628.0, 44187.0, 37228.0, 47483.0, 0.0672513097524643, -0.18245993554592133, 358.0
19228, 0.5168176889419556, -0.04648645222187042, 0.32273536920547485, 0.1968487948179245, -0.031236661598086357, -0.004593658726662397, 112726.015625, 141102.21875, 94818.6796875, 113453.2578125, 144863.640625, 92698.0, 42653.0, 43706.0, 36100.0, 47820.0, 0.0461878664791584, -0.10973585397005081, 349.0
19248, 0.5213081240653992, -0.047024331986904144, 0.32264387607574463, 0.198451966047287, -0.031156472861766815, -0.00434414017945528, 112731.0390625, 141105.796875, 94825.9375, 113460.5625, 144870.09375, 92689.328125, 43440.0, 42700.0, 34907.0, 48417.0, 0.024500472471117973, -0.06026381626725197, 349.0
19268, 0.5252255201339722, -0.047518033534288406, 0.3212057054042816, 0.19854441285133362, -0.03091711737215519, -0.011818318627774715, 112733.2421875, 141106.3125, 94826.703125, 113462.7265625, 144863.1875, 92692.5390625, 42630.0, 43243.0, 35853.0, 48044.0, -0.010197402909398079, -0.06602494418621063, 338.0
19288, 0.5283862352371216, -0.04824979975819588, 0.32098206877708435, 0.1967199444770813, -0.031268633902072906, -0.011452619917690754, 112733.9453125, 141108.09375, 94826.703125, 113457.5859375, 144874.265625, 92691.3125, 42100.0, 44844.0, 36893.0, 47005.0, 0.010164553299546242, -0.06317035853862762, 338.0
19307, 0.5330371260643005, -0.048526179045438766, 0.3207453787326813, 0.19869092106819153, -0.030669279396533966, -0.011201709508895874, 112729.6328125, 141108.09375, 94814.6640625, 113447.4453125, 144864.078125, 92688.859375, 41053.0, 44691.0, 38046.0, 47166.0, 0.08369064331054688, -0.0787341445684433, 338.0
19328, 0.5364985466003418, -0.04935849830508232, 0.3206712305545807, 0.1976281851530075, -0.031699568033218384, -0.010766328312456608, 112726.015625, 141109.109375, 94820.6875, 113453.2578125, 144859.46875, 92697.25, 41611.0, 44235.0, 37584.0, 47453.0, 0.1576520800590515, -0.0964130088686943, 329.0
19348, 0.540518045425415, -0.05092789977788925, 0.32044363021850586, 0.19801978766918182, -0.03474433347582817, -0.011529617942869663, 112723.859375, 141115.0, 94821.921875, 113459.7421875, 144859.03125, 92693.2890625, 43140.0, 43251.0, 35797.0, 48192.0, 0.2375350296497345, -0.09417067468166351, 329.0
19367, 0.5440381765365601, -0.05073457211256027, 0.3212920129299164, 0.1971663236618042, -0.03341535106301308, -0.007069384679198265, 112728.1796875, 141101.703125, 94826.703125, 113464.0703125, 144865.5, 92695.265625, 43217.0, 43879.0, 36067.0, 47727.0, 0.2660597562789917, -0.09298589825630188, 329.0
19387, 0.5469974875450134, -0.05194847285747528, 0.321147084236145, 0.1949654370546341, -0.03567108139395714, -0.008949562907218933, 112726.015625, 141103.5, 94824.6953125, 113465.5625, 144866.390625, 92695.265625, 42788.0, 44203.0, 36535.0, 46950.0, 0.2650793194770813, -0.10057142376899719, 318.0
19407, 0.5502866506576538, -0.05264979228377342, 0.3217698335647583, 0.1935606747865677, -0.0366319976747036, -0.006718591321259737, 112731.7890625, 141102.21875, 94822.6875, 113458.3984375, 144861.78125, 92695.265625, 42450.0, 44652.0, 37125.0, 46545.0, 0.295244961977005, -0.09980671852827072, 318.0
19427, 0.5550048351287842, -0.05346761643886566, 0.3215678036212921, 0.19571590423583984, -0.037978410720825195, -0.01174218114465475, 112731.0390625, 141112.1875, 94811.125, 113456.09375, 144868.6875, 92690.5546875, 43588.0, 42506.0, 35843.0, 48031.0, 0.3673456907272339, -0.08819857239723206, 318.0
19447, 0.5570278167724609, -0.054533813148736954, 0.3219558894634247, 0.19111375510692596, -0.04005421698093414, -0.013672687113285065, 112736.8125, 141102.21875, 94823.9296875, 113456.9140625, 144865.5, 92697.25, 43801.0, 42916.0, 36253.0, 47568.0, 0.40223410725593567, -0.06279067695140839, 308.0
19468, 0.5614166259765625, -0.056862831115722656, 0.3216601312160492, 0.19266068935394287, -0.04525601118803024, -0.015951698645949364, 112730.3359375, 141109.109375, 94823.1640625, 113456.2421875, 144866.390625, 92696.4921875, 43138.0, 43483.0, 37734.0, 46724.0, 0.38705652952194214, -0.06705653667449951, 308.0
19488, 0.5648912191390991, -0.05702037736773491, 0.3213050067424774, 0.1919247955083847, -0.044680312275886536, -0.018722565844655037, 112732.4921875, 141112.703125, 94812.6640625, 113456.9140625, 144855.3125, 92697.25, 43784.0, 43917.0, 37334.0, 46228.0, 0.364468514919281, -0.09972411394119263, 308.0
19508, 0.567559003829956, -0.05830642953515053, 0.32086068391799927, 0.18925251066684723, -0.04680546373128891, -0.021599216386675835, 112733.9453125, 141112.703125, 94820.6875, 113460.5625, 144861.328125, 92698.4765625, 43577.0, 42702.0, 38177.0, 47041.0, 0.32597965002059937, -0.11426760256290436, 299.0
19527, 0.5725395679473877, -0.059736356139183044, 0.32040083408355713, 0.19255080819129944, -0.04894430935382843, -0.02415832318365574, 112732.4921875, 141104.0, 94827.9453125, 113456.9140625, 144867.796875, 92703.65625, 43444.0, 42737.0, 39160.0, 46636.0, 0.24748745560646057, -0.10949066281318665, 299.0
19548, 0.5754120945930481, -0.06167580559849739, 0.32036304473876953, 0.1904004067182541, -0.05205125734210014, -0.021367687731981277, 112736.8125, 141117.296875, 94831.953125, 113455.421875, 144861.78125, 92700.453125, 43671.0, 43576.0, 39457.0, 45687.0, 0.16119955480098724, -0.07561013102531433, 290.0
19568, 0.5803320407867432, -0.06248495727777481, 0.31992286443710327, 0.19326166808605194, -0.051951225847005844, -0.021421855315566063, 112736.109375, 141111.40625, 94825.9375, 113454.078125, 144863.1875, 92702.4296875, 44714.0, 43053.0, 38640.0, 45652.0, 0.12313168495893478, -0.012096424587070942, 290.0
19588, 0.5829826593399048, -0.06451059132814407, 0.31893453001976013, 0.19013206660747528, -0.05467856675386429, -0.02306906320154667, 112731.7421875, 141115.5, 94827.171875, 113465.5625, 144859.46875, 92703.1875, 45310.0, 42591.0, 38543.0, 45836.0, 0.0719822347164154, 0.0690373107790947, 290.0
19608, 0.5865478515625, -0.06583654880523682, 0.31847646832466125, 0.18921303749084473, -0.05540146306157112, -0.022258175536990166, 112736.8125, 141114.484375, 94810.65625, 113451.765625, 144859.46875, 92700.453125, 44407.0, 42774.0, 40443.0, 45275.0, 0.04205010086297989, 0.11722933501005173, 276.0
19628, 0.5914757251739502, -0.06786467134952545, 0.31804218888282776, 0.1916094720363617, -0.05768439918756485, -0.018852598965168, 112736.109375, 141114.484375, 94821.921875, 113451.765625, 144868.6875, 92698.0, 44338.0, 42755.0, 41457.0, 44509.0, -0.023969145491719246, 0.1513921022415161, 276.0
19648, 0.5945515036582947, -0.06880436837673187, 0.3160257339477539, 0.18913951516151428, -0.056906722486019135, -0.023121219128370285, 112731.0859375, 141101.703125, 94823.9296875, 113458.25, 144866.390625, 92699.2265625, 44791.0, 41143.0, 41608.0, 45203.0, -0.0884912759065628, 0.18360334634780884, 276.0
19668, 0.5989544987678528, -0.06930539011955261, 0.3154367208480835, 0.19017137587070465, -0.054736267775297165, -0.038021694868803024, 112733.1953125, 141106.8125, 94827.9453125, 113453.2578125, 144859.921875, 92698.4765625, 46756.0, 25321.0, 41572.0, 52408.0, -0.26384156942367554, 0.1010666936635971, 266.0
19688, 0.602314293384552, -0.07403671741485596, 0.3148020803928375, 0.19035808742046356, -0.061455417424440384, -0.022659825161099434, 112777.8359375, 141115.5, 94828.7109375, 113461.234375, 144862.75, 92696.0234375, 50377.0, 38333.0, 39640.0, 45388.0, -0.6358384490013123, -0.32899239659309387, 266.0
19707, 0.6066921353340149, -0.076066754758358, 0.3142869770526886, 0.19389256834983826, -0.06133349984884262, -0.030498012900352478, 112757.6953125, 141110.390625, 94823.9296875, 113460.5625, 144866.828125, 92704.4140625, 55165.0, 43270.0, 21180.0, 41372.0, -0.7126913070678711, -0.6868554949760437, 266.0
19727, 0.6084169745445251, -0.07613441348075867, 0.31288203597068787, 0.19356609880924225, -0.05870973691344261, -0.030802147462964058, 112797.265625, 141097.609375, 94811.125, 113504.484375, 144875.59375, 92734.1015625, 41843.0, 33584.0, 47618.0, 49196.0, 0.18800410628318787, -1.630146861076355, 256.0
19747, 0.6108296513557434, -0.07747037708759308, 0.3123413026332855, 0.19668659567832947, -0.05997958779335022, -0.03099328652024269, 112767.7421875, 141094.8125, 94798.625, 113457.5859375, 144870.546875, 92693.2890625, 42660.0, 37462.0, 49670.0, 44095.0, 0.341596782207489, -2.157912015914917, 256.0
19767, 0.613352358341217, -0.07797493040561676, 0.31145772337913513, 0.20081627368927002, -0.05790971964597702, -0.02743201144039631, 112751.21875, 141109.109375, 94800.625, 113524.6171875, 144870.984375, 92730.140625, 47761.0, 41102.0, 46920.0, 38358.0, -0.21058014035224915, -2.2776646614074707, 256.0
19788, 0.6151309609413147, -0.07656452059745789, 0.31099215149879456, 0.20284922420978546, -0.048985473811626434, -0.020574532449245453, 112790.7890625, 141100.421875, 94801.1015625, 113470.5546875, 144859.03125, 92701.203125, 50818.0, 43856.0, 43288.0, 34445.0, -0.8880501389503479, -2.225182056427002, 245.0
19807, 0.6193352341651917, -0.08101809024810791, 0.3106631934642792, 0.21020597219467163, -0.05425264686346054, -0.0124552296474576, 112794.359375, 141106.8125, 94801.8671875, 113491.5078125, 144859.03125, 92720.2421875, 47764.0, 40837.0, 47235.0, 37620.0, -0.9180392622947693, -2.033721685409546, 245.0
19828, 0.6216285824775696, -0.08224362879991531, 0.3119993805885315, 0.2110014706850052, -0.05107516795396805, 0.0013268222101032734, 112777.8359375, 141117.296875, 94809.125, 113522.453125, 144868.25, 92718.265625, 46121.0, 36369.0, 49144.0, 40859.0, -0.9460015296936035, -1.5712823867797852, 245.0
19847, 0.6255497932434082, -0.08149856328964233, 0.31208521127700806, 0.21387474238872528, -0.0429978147149086, 0.00727797718718648, 112790.7890625, 141101.203125, 94784.5859375, 113507.984375, 144868.6875, 92712.328125, 46933.0, 38631.0, 48868.0, 36057.0, -0.961887776851654, -1.0420254468917847, 235.0
19867, 0.6303339004516602, -0.08138839900493622, 0.31220194697380066, 0.2167029231786728, -0.03714720904827118, 0.010034698061645031, 112827.5, 141105.28125, 94810.65625, 113503.8125, 144861.328125, 92702.4296875, 51244.0, 37822.0, 44726.0, 34955.0, -0.9573217034339905, -0.4259359538555145, 235.0
19888, 0.6328477263450623, -0.08219652622938156, 0.31242841482162476, 0.21186549961566925, -0.03399449959397316, 0.011696578934788704, 112810.21875, 141121.390625, 94799.859375, 113518.9453125, 144865.5, 92711.1015625, 50391.0, 35093.0, 46125.0, 37259.0, -1.0244379043579102, 0.10436365753412247, 235.0
19908, 0.6379160284996033, -0.08395492285490036, 0.3128897249698639, 0.21191217005252838, -0.0329795703291893, 0.018847506493330002, 112805.90625, 141104.0, 94801.8671875, 113519.6171875, 144867.796875, 92709.125, 49883.0, 34746.0, 46422.0, 37597.0, -1.1729021072387695, 0.5641493797302246, 224.0
19928, 0.6411687135696411, -0.08410147577524185, 0.3133183419704437, 0.206165611743927, -0.028004663065075874, 0.02282450720667839, 112828.90625, 141104.0, 94791.3671875, 113517.453125, 144862.21875, 92703.9375, 49870.0, 31783.0, 45267.0, 41005.0, -1.1700080633163452, 0.9085960984230042, 224.0
19948, 0.6447739005088806, -0.08533912897109985, 0.31467723846435547, 0.20037347078323364, -0.02610849216580391, 0.03103460744023323, 112821.015625, 141108.09375, 94798.328125, 113535.4296875, 144870.09375, 92703.1875, 48262.0, 29558.0, 48999.0, 39767.0, -1.2057613134384155, 1.2538964748382568, 219.0
19968, 0.6482524275779724, -0.08531640470027924, 0.3153460919857025, 0.19303645193576813, -0.021858323365449905, 0.035256609320640564, 112841.9140625, 141108.09375, 94803.3984375, 113518.125, 144868.25, 92704.4140625, 50869.0, 34993.0, 46399.0, 33645.0, -0.9755666255950928, 1.75274658203125, 219.0
19987, 0.6510604619979858, -0.08692099153995514, 0.3160502314567566, 0.18281258642673492, -0.024416187778115273, 0.03451768681406975, 112833.2734375, 141105.796875, 94791.0703125, 113539.75, 144861.78125, 92705.921875, 51075.0, 34687.0, 45908.0, 32974.0, -0.2946825325489044, 2.388296604156494, 219.0
20008, 0.6535239815711975, -0.0877765342593193, 0.3161088228225708, 0.1704919934272766, -0.027872703969478607, 0.027941115200519562, 112829.65625, 141108.609375, 94788.59375, 113528.265625, 144864.53125, 92713.078125, 49868.0, 34720.0, 47707.0, 32149.0, 0.4165007174015045, 3.1186745166778564, 209.0
20028, 0.6553628444671631, -0.08720848709344864, 0.31663253903388977, 0.1551527976989746, -0.030161606147885323, 0.023873597383499146, 112852.7109375, 141112.703125, 94787.828125, 113521.78125, 144864.53125, 92707.140625, 48925.0, 33087.0, 49182.0, 33528.0, 1.0145831108093262, 3.8738179206848145, 209.0
20047, 0.657598078250885, -0.08812862634658813, 0.3183900713920593, 0.13922880589962006, -0.037851739674806595, 0.030002931132912636, 112830.359375, 141101.203125, 94785.3515625, 113556.3828125, 144869.65625, 92709.125, 49242.0, 32690.0, 49532.0, 33236.0, 1.3021975755691528, 4.556949138641357, 209.0
20067, 0.6601347327232361, -0.08825021237134933, 0.3189769387245178, 0.12334676831960678, -0.04421650618314743, 0.02802334912121296, 112840.453125, 141105.796875, 94793.84375, 113528.265625, 144868.25, 92711.1015625, 49140.0, 30675.0, 49759.0, 34000.0, 1.4526336193084717, 5.113492012023926, 207.0
20087, 0.6626601219177246, -0.08884421736001968, 0.3201262950897217, 0.10704322159290314, -0.051994774490594864, 0.03037506714463234, 112832.5234375, 141109.890625, 94806.640625, 113546.2421875, 144870.546875, 92709.125, 50273.0, 31165.0, 48928.0, 32897.0, 1.4151753187179565, 5.402101993560791, 207.0
20107, 0.6642367839813232, -0.08947058022022247, 0.3207174241542816, 0.08900820463895798, -0.059783272445201874, 0.028129320591688156, 112847.640625, 141101.703125, 94797.8515625, 113535.4296875, 144866.390625, 92707.140625, 50605.0, 31128.0, 48655.0, 32239.0, 1.5005559921264648, 5.499938488006592, 207.0
20127, 0.6659026145935059, -0.09187225252389908, 0.3223128914833069, 0.07243156433105469, -0.07200033962726593, 0.031376276165246964, 112828.90625, 141105.796875, 94795.8515625, 113562.046875, 144864.078125, 92709.875, 50482.0, 30023.0, 49079.0, 32804.0, 1.5888447761535645, 5.3961944580078125, 199.0
20148, 0.667119562625885, -0.09261277318000793, 0.3229171335697174, 0.05637184903025627, -0.07973328977823257, 0.02879050187766552, 112850.546875, 141094.8125, 94795.8515625, 113543.40625, 144864.078125, 92715.0625, 50430.0, 28270.0, 49045.0, 33573.0, 1.6747266054153442, 5.157012939453125, 199.0
20167, 0.666818380355835, -0.09390247613191605, 0.32346615195274353, 0.03834427893161774, -0.08832397311925888, 0.02634512446820736, 112846.9375, 141106.3125, 94789.0625, 113556.3828125, 144866.828125, 92714.3046875, 50354.0, 26703.0, 49469.0, 34357.0, 1.6200939416885376, 4.8167724609375, 199.0
20188, 0.6669976115226746, -0.09771762043237686, 0.32543039321899414, 0.023718098178505898, -0.10219753533601761, 0.02946329303085804, 112864.9609375, 141095.3125, 94788.59375, 113546.9140625, 144864.078125, 92717.0390625, 50990.0, 27242.0, 48964.0, 33511.0, 1.5698143243789673, 4.461439609527588, 197.0
20207, 0.6679523587226868, -0.10032221674919128, 0.32597586512565613, 0.013145933859050274, -0.11206136643886566, 0.02539779804646969, 112846.2265625, 141108.609375, 94799.859375, 113565.703125, 144859.921875, 92721.0, 50690.0, 28481.0, 49335.0, 31629.0, 1.5556894540786743, 4.038731575012207, 197.0
20228, 0.6681009531021118, -0.10241038352251053, 0.3246634304523468, 0.0023604712914675474, -0.11985421925783157, 0.012401715852320194, 112865.6640625, 141097.109375, 94793.84375, 113558.546875, 144868.25, 92713.078125, 50489.0, 27119.0, 49863.0, 32455.0, 1.5445935726165771, 3.637294054031372, 193.0
20248, 0.6680182218551636, -0.10447663068771362, 0.3248659670352936, -0.007160267326980829, -0.12684695422649384, 0.007529883179813623, 112851.25, 141097.109375, 94795.375, 113574.5078125, 144865.9375, 92724.9609375, 50737.0, 28315.0, 49947.0, 31599.0, 1.4916101694107056, 3.2747642993927, 193.0
20268, 0.6669986248016357, -0.10762635618448257, 0.3237588107585907, -0.01758284866809845, -0.13583384454250336, -0.0021085727494210005, 112862.0546875, 141101.203125, 94785.8203125, 113565.03125, 144859.03125, 92722.2265625, 51054.0, 27524.0, 49971.0, 32299.0, 1.4868342876434326, 2.913191080093384, 193.0
20288, 0.6671200394630432, -0.10991864651441574, 0.32367217540740967, -0.02334466762840748, -0.1419413536787033, -0.006223272532224655, 112859.890625, 141089.4375, 94783.8125, 113580.171875, 144863.640625, 92721.0, 51641.0, 27601.0, 49912.0, 32370.0, 1.4728960990905762, 2.550591230392456, 194.0
20308, 0.6652973294258118, -0.11225706338882446, 0.3248777389526367, -0.03244376927614212, -0.14776426553726196, -0.0020335589069873095, 112870.6875, 141098.890625, 94785.8203125, 113562.875, 144864.078125, 92725.7109375, 51530.0, 26573.0, 50282.0, 33149.0, 1.524756908416748, 2.1619176864624023, 194.0
20328, 0.6647806167602539, -0.11554286628961563, 0.32480496168136597, -0.03648357093334198, -0.15520240366458893, -0.004988397005945444, 112853.4140625, 141090.71875, 94786.5859375, 113576.5234375, 144866.390625, 92727.40625, 51820.0, 27251.0, 49963.0, 32261.0, 1.5439047813415527, 1.7409241199493408, 194.0
20348, 0.6643255352973938, -0.11888977885246277, 0.32467588782310486, -0.038667984306812286, -0.16215144097805023, -0.007874437607824802, 112878.625, 141095.3125, 94777.03125, 113567.046875, 144855.3125, 92726.1875, 52016.0, 27175.0, 49539.0, 32500.0, 1.6113756895065308, 1.2791613340377808, 198.0
20368, 0.6630375981330872, -0.1211305633187294, 0.32381632924079895, -0.04136110097169876, -0.16581666469573975, -0.014317442663013935, 112857.03125, 141086.109375, 94782.578125, 113574.359375, 144859.46875, 92729.390625, 51635.0, 25461.0, 50364.0, 33534.0, 1.5751335620880127, 0.8026190996170044, 198.0
20387, 0.6630204319953918, -0.124518021941185, 0.32350024580955505, -0.03938208892941475, -0.17094795405864716, -0.017296472564339638, 112875.7109375, 141094.296875, 94785.0546875, 113571.5234375, 144864.078125, 92726.9375, 52028.0, 26394.0, 49949.0, 33298.0, 1.4196563959121704, 0.3544335663318634, 198.0
20407, 0.6614271998405457, -0.1273772418498993, 0.3213641047477722, -0.040376003831624985, -0.17388072609901428, -0.02838648296892643, 112862.0546875, 141102.984375, 94796.6171875, 113573.6875, 144870.546875, 92726.9375, 51991.0, 26017.0, 50463.0, 33376.0, 1.2506054639816284, -0.05461404100060463, 197.0
20427, 0.6616710424423218, -0.1309930980205536, 0.3208070397377014, -0.03561687469482422, -0.17748594284057617, -0.027561500668525696, 112866.375, 141092.5, 94786.5859375, 113573.6875, 144859.46875, 92733.6328125, 52487.0, 26356.0, 50388.0, 33293.0, 1.090131402015686, -0.39528924226760864, 197.0
20448, 0.6613686084747314, -0.13302843272686005, 0.3188619911670685, -0.03159434720873833, -0.1766025722026825, -0.034134961664676666, 112868.53125, 141096.09375, 94779.8046875, 113573.6875, 144859.03125, 92736.8359375, 52875.0, 25996.0, 50257.0, 33233.0, 1.0661150217056274, -0.6772528290748596, 197.0
20467, 0.6618533730506897, -0.1386127471923828, 0.31820300221443176, -0.024748198688030243, -0.18388085067272186, -0.030719507485628128, 112852.6640625, 141083.8125, 94788.59375, 113582.3359375, 144862.21875, 92735.609375, 52769.0, 27014.0, 50687.0, 32696.0, 1.0863043069839478, -0.9501793384552002, 203.0
20487, 0.6609574556350708, -0.14085768163204193, 0.3181809186935425, -0.020865879952907562, -0.18258684873580933, -0.024340111762285233, 112866.375, 141090.203125, 94793.078125, 113570.03125, 144859.03125, 92729.671875, 52702.0, 27012.0, 51089.0, 31797.0, 1.0916764736175537, -1.1822733879089355, 203.0
20508, 0.6619024276733398, -0.14629173278808594, 0.3177024722099304, -0.011986356228590012, -0.18871048092842102, -0.02247663587331772, 112851.9609375, 141095.828125, 94785.8203125, 113574.359375, 144858.578125, 92737.5859375, 52826.0, 25545.0, 51177.0, 32425.0, 1.0238698720932007, -1.387319564819336, 203.0
20528, 0.6609655022621155, -0.14999283850193024, 0.31640204787254333, -0.007655084133148193, -0.1899336874485016, -0.023556619882583618, 112865.6640625, 141092.5, 94771.3125, 113573.53125, 144868.6875, 92736.8359375, 52762.0, 24265.0, 51326.0, 32812.0, 0.9439611434936523, -1.6222323179244995, 203.0
20548, 0.6612650752067566, -0.15340279042720795, 0.3159898817539215, 0.0001529843866592273, -0.18964840471744537, -0.018344717100262642, 112852.7109375, 141085.09375, 94777.328125, 113571.5234375, 144861.78125, 92734.1015625, 53107.0, 24201.0, 51179.0, 32496.0, 0.8268740177154541, -1.8186324834823608, 203.0
20568, 0.6619997620582581, -0.15810681879520416, 0.3156299889087677, 0.009042180143296719, -0.1919379085302353, -0.017184343189001083, 112851.25, 141092.5, 94783.8125, 113574.359375, 144857.171875, 92744.75, 53228.0, 24233.0, 51294.0, 31899.0, 0.7393869161605835, -2.0215675830841064, 203.0
20588, 0.6624565720558167, -0.16078029572963715, 0.31336936354637146, 0.017220310866832733, -0.18871459364891052, -0.02522246353328228, 112848.390625, 141093.015625, 94795.8515625, 113574.359375, 144861.78125, 92738.34375, 53535.0, 22874.0, 51020.0, 32106.0, 0.6533867716789246, -2.2066850662231445, 203.0
20608, 0.6627540588378906, -0.16525831818580627, 0.3128635287284851, 0.02500612847507, -0.18958531320095062, -0.024229248985648155, 112851.25, 141090.203125, 94784.5859375, 113570.03125, 144859.921875, 92744.75, 53566.0, 20105.0, 51384.0, 34548.0, 0.5454683303833008, -2.323777914047241, 203.0
20628, 0.6629543900489807, -0.16854998469352722, 0.3121127188205719, 0.03214048594236374, -0.18684051930904388, -0.02677706815302372, 112841.15625, 141096.59375, 94776.5625, 113571.5234375, 144859.921875, 92743.53125, 53321.0, 18687.0, 52124.0, 35168.0, 0.34761565923690796, -2.416670083999634, 204.0
20648, 0.663683295249939, -0.17247739434242249, 0.3115880489349365, 0.040191225707530975, -0.18493221700191498, -0.026340875774621964, 112854.8671875, 141083.8125, 94789.828125, 113565.703125, 144861.328125, 92744.75, 53521.0, 20190.0, 52066.0, 33903.0, 0.11707288771867752, -2.4575512409210205, 204.0
20668, 0.6637315154075623, -0.17482048273086548, 0.31104472279548645, 0.04585196450352669, -0.17840075492858887, -0.026231413707137108, 112838.296875, 141089.703125, 94787.0625, 113570.03125, 144861.78125, 92741.546875, 53144.0, 22274.0, 52712.0, 31761.0, -0.10475815087556839, -2.431398868560791, 204.0
20688, 0.6660539507865906, -0.18018384277820587, 0.310509592294693, 0.056564345955848694, -0.1792142242193222, -0.025540228933095932, 112841.15625, 141089.703125, 94794.609375, 113572.1953125, 144855.3125, 92744.75, 53888.0, 20918.0, 52172.0, 32471.0, -0.2488516867160797, -2.3800196647644043, 202.0
20708, 0.6669686436653137, -0.18408547341823578, 0.3111904263496399, 0.06292380392551422, -0.1759977787733078, -0.016482681035995483, 112849.84375, 141097.109375, 94777.796875, 113564.2109375, 144865.5, 92745.5078125, 53660.0, 20918.0, 52698.0, 31920.0, -0.34788304567337036, -2.2920236587524414, 202.0
20728, 0.6689815521240234, -0.18641149997711182, 0.31090325117111206, 0.07121814042329788, -0.16880075633525848, -0.012711571529507637, 112838.296875, 141092.0, 94777.796875, 113567.1953125, 144846.09375, 92750.21875, 53812.0, 20761.0, 52391.0, 31398.0, -0.44792479276657104, -2.1694021224975586, 202.0
20747, 0.6700524091720581, -0.19077202677726746, 0.31068041920661926, 0.07610417157411575, -0.16717186570167542, -0.009690211154520512, 112849.09375, 141083.3125, 94791.8359375, 113566.375, 144857.171875, 92745.03125, 53729.0, 20992.0, 52620.0, 30564.0, -0.478120893239975, -1.9762595891952515, 199.0
20767, 0.6716316938400269, -0.1943715214729309, 0.31238529086112976, 0.08118245005607605, -0.16392302513122559, 0.0011065216967836022, 112843.3203125, 141085.09375, 94783.8125, 113567.8671875, 144853.0, 92748.2421875, 53394.0, 21853.0, 52907.0, 29335.0, -0.4901052713394165, -1.7546581029891968, 199.0
20787, 0.6729294657707214, -0.1973831057548523, 0.3124215304851532, 0.08457043766975403, -0.15973599255084991, 0.0020534759387373924, 112841.9140625, 141081.515625, 94779.8046875, 113565.03125, 144851.59375, 92751.4453125, 53510.0, 20470.0, 52623.0, 29593.0, -0.5061346888542175, -1.516055941581726, 199.0
20807, 0.674980103969574, -0.20018430054187775, 0.3131217956542969, 0.08900561183691025, -0.15552975237369537, 0.0077638826332986355, 112836.84375, 141087.390625, 94792.3125, 113565.703125, 144855.3125, 92757.3828125, 53653.0, 19508.0, 52326.0, 30060.0, -0.4992789030075073, -1.2789236307144165, 194.0
20827, 0.6764554381370544, -0.20302440226078033, 0.31329649686813354, 0.09115534275770187, -0.15193967521190643, 0.0086832195520401, 112830.359375, 141085.09375, 94779.0390625, 113577.34375, 144853.453125, 92754.1796875, 53507.0, 18967.0, 52472.0, 29926.0, -0.4698924422264099, -1.0824111700057983, 194.0
20848, 0.6789907813072205, -0.2060309797525406, 0.31408751010894775, 0.09532110393047333, -0.1492014080286026, 0.012974468991160393, 112849.84375, 141085.609375, 94779.8046875, 113573.6875, 144861.78125, 92757.3828125, 53305.0, 18589.0, 52819.0, 29759.0, -0.5048370361328125, -0.9138002991676331, 194.0
20868, 0.6806960105895996, -0.20848196744918823, 0.31433436274528503, 0.0966571792960167, -0.14530478417873383, 0.010686405934393406, 112836.1328125, 141092.0, 94782.578125, 113568.5390625, 144854.859375, 92767.28125, 53729.0, 17701.0, 52105.0, 29851.0, -0.48488861322402954, -0.7925539016723633, 194.0
20888, 0.6826257109642029, -0.21097251772880554, 0.3150935471057892, 0.09817160665988922, -0.14199183881282806, 0.010510983876883984, 112841.15625, 141081.0, 94786.5859375, 113567.8671875, 144859.03125, 92767.7578125, 53547.0, 18738.0, 52494.0, 28703.0, -0.397027850151062, -0.67293781042099, 194.0
20908, 0.6850133538246155, -0.2148052603006363, 0.3152862787246704, 0.1006237119436264, -0.1428491175174713, 0.009138510562479496, 112846.2265625, 141078.703125, 94782.1015625, 113567.8671875, 144856.71875, 92758.890625, 53645.0, 18251.0, 52518.0, 28930.0, -0.30572059750556946, -0.5674102306365967, 194.0
20927, 0.6871905326843262, -0.21677030622959137, 0.3154285252094269, 0.10221262276172638, -0.13921374082565308, 0.004518612753599882, 112844.7734375, 141074.109375, 94784.5859375, 113574.359375, 144856.28125, 92773.2265625, 53612.0, 16786.0, 52604.0, 29639.0, -0.24785517156124115, -0.45526719093322754, 185.0
20948, 0.6883690357208252, -0.2197183072566986, 0.3174152672290802, 0.10075308382511139, -0.13836736977100372, 0.011755461804568768, 112849.796875, 141082.796875, 94783.046875, 113577.1875, 144855.3125, 92767.28125, 53723.0, 16933.0, 52723.0, 29096.0, -0.26469141244888306, -0.334922194480896, 185.0
20968, 0.6915213465690613, -0.22246558964252472, 0.31764698028564453, 0.10400253534317017, -0.13723833858966827, 0.010324344970285892, 112842.6171875, 141075.390625, 94784.5859375, 113579.5078125, 144852.5625, 92774.453125, 54471.0, 20257.0, 51591.0, 24683.0, -0.28299835324287415, -0.20985417068004608, 181.0
20988, 0.6921699643135071, -0.22208969295024872, 0.3179040253162384, 0.10031533241271973, -0.12789320945739746, 0.003518796991556883, 112852.6640625, 141081.0, 94783.8125, 113583.828125, 144853.96875, 92771.2421875, 53953.0, 17729.0, 52463.0, 26463.0, -0.3825441598892212, -0.05196641385555267, 181.0
21008, 0.6950011253356934, -0.22666867077350616, 0.3179091513156891, 0.10141059011220932, -0.13134342432022095, -0.0017565403832122684, 112846.9375, 141083.3125, 94780.5703125, 113576.5234375, 144845.65625, 92778.4140625, 53738.0, 17379.0, 53003.0, 26532.0, -0.7624856233596802, 0.08809934556484222, 181.0
21028, 0.6973320245742798, -0.22781813144683838, 0.3182712495326996, 0.10017307102680206, -0.12454995512962341, -0.005142668262124062, 112854.1171875, 141081.0, 94777.03125, 113578.6796875, 144849.8125, 92779.921875, 53722.0, 15276.0, 53444.0, 27915.0, -1.2702844142913818, 0.24715979397296906, 175.0
21047, 0.6977555751800537, -0.22929564118385315, 0.3181084096431732, 0.09290239959955215, -0.11724556237459183, -0.010844339616596699, 112863.5078125, 141082.796875, 94775.796875, 113591.6640625, 144852.5625, 92775.203125, 53941.0, 14811.0, 53451.0, 27559.0, -1.8856042623519897, 0.3959018290042877, 175.0
21067, 0.6998834609985352, -0.2311388999223709, 0.3178825080394745, 0.08903221040964127, -0.10979800671339035, -0.013293037191033363, 112857.734375, 141075.890625, 94773.7890625, 113588.828125, 144857.171875, 92772.46875, 54020.0, 12586.0, 53657.0, 28757.0, -2.4126670360565186, 0.5260828733444214, 175.0
21087, 0.7009776830673218, -0.23211432993412018, 0.31813883781433105, 0.08169745653867722, -0.09919068217277527, -0.013717971742153168, 112859.890625, 141078.703125, 94777.03125, 113592.328125, 144850.703125, 92778.4140625, 54508.0, 12173.0, 53416.0, 28567.0, -2.8766045570373535, 0.6233256459236145, 171.0
21107, 0.7026510238647461, -0.23379606008529663, 0.3178487718105316, 0.07539194822311401, -0.09007853269577026, -0.016853516921401024, 112859.1875, 141078.703125, 94768.5390625, 113586.6640625, 144850.703125, 92783.125, 54170.0, 13597.0, 54062.0, 26471.0, -3.1905198097229004, 0.699422299861908, 171.0
21128, 0.7041925191879272, -0.2352798879146576, 0.3176189064979553, 0.06850598007440567, -0.08049419522285461, -0.019050946459174156, 112856.2734375, 141071.8125, 94770.546875, 113585.171875, 144858.578125, 92779.921875, 54004.0, 16555.0, 54266.0, 23205.0, -3.337948799133301, 0.7734917402267456, 171.0
21148, 0.7049605250358582, -0.23726241290569305, 0.31722018122673035, 0.05945216119289398, -0.07244033366441727, -0.019845444709062576, 112859.140625, 141074.109375, 94769.7734375, 113590.9921875, 144856.71875, 92771.2421875, 54599.0, 14438.0, 53756.0, 24496.0, -3.4164857864379883, 0.8816262483596802, 166.0
21168, 0.7061042189598083, -0.2384553700685501, 0.31719937920570374, 0.05150505527853966, -0.06323447078466415, -0.019713474437594414, 112851.9609375, 141073.59375, 94766.53125, 113586.515625, 144848.390625, 92773.9765625, 53982.0, 14270.0, 53762.0, 19292.0, -3.335829257965088, 1.0029082298278809, 166.0
21187, 0.7071470022201538, -0.2390526533126831, 0.3167695105075836, 0.04363245144486427, -0.053815171122550964, -0.023786107078194618, 112866.375, 141069.515625, 94762.5234375, 113588.15625, 144853.96875, 92781.6171875, 53720.0, 15514.0, 53691.0, 17134.0, -3.151620626449585, 1.1230802536010742, 166.0
21208, 0.7080166935920715, -0.23988616466522217, 0.31574222445487976, 0.035675760358572006, -0.046241141855716705, -0.031137390062212944, 112877.171875, 141082.796875, 94773.3203125, 113608.296875, 144852.5625, 92775.203125, 53521.0, 14627.0, 54048.0, 17399.0, -2.967095375061035, 1.2213135957717896, 165.0
21227, 0.7084167003631592, -0.23980984091758728, 0.31505075097084045, 0.027005420997738838, -0.037484459578990936, -0.03860854730010033, 112854.1171875, 141078.703125, 94758.515625, 113589.5, 144849.8125, 92777.1875, 53918.0, 12755.0, 53830.0, 19271.0, -2.7911555767059326, 1.293299674987793, 165.0
21247, 0.7088786363601685, -0.24050213396549225, 0.31412461400032043, 0.019045228138566017, -0.031605251133441925, -0.04659797623753548, 112856.2734375, 141071.8125, 94768.5390625, 113601.8046875, 144847.515625, 92784.3515625, 54081.0, 9788.0, 53842.0, 21768.0, -2.6670570373535156, 1.31428062915802, 165.0
21267, 0.709182620048523, -0.24107876420021057, 0.3131152391433716, 0.01136355847120285, -0.026088502258062363, -0.05406683310866356, 112855.5703125, 141070.015625, 94762.9921875, 113600.3125, 144845.203125, 92775.203125, 54012.0, 10169.0, 54208.0, 21656.0, -2.5469417572021484, 1.2568151950836182, 163.0
21288, 0.7097907662391663, -0.2416037619113922, 0.3119473457336426, 0.005200403742492199, -0.020807882770895958, -0.06291218847036362, 112867.828125, 141075.890625, 94767.296875, 113589.5, 144845.65625, 92772.75, 53904.0, 11380.0, 54379.0, 21039.0, -2.5414819717407227, 1.1345189809799194, 163.0
21307, 0.7102822065353394, -0.24381983280181885, 0.30919983983039856, -0.00068567757261917, -0.01964351162314415, -0.0785224586725235, 112871.3984375, 141064.140625, 94770.546875, 113599.640625, 144844.234375, 92777.1875, 53729.0, 10305.0, 54623.0, 23230.0, -2.652318239212036, 1.0035021305084229, 162.0
21327, 0.708524227142334, -0.2405012547969818, 0.3075462281703949, -0.011829523369669914, -0.004069644492119551, -0.08571122586727142, 112865.6640625, 141082.28125, 94763.2890625, 113597.4765625, 144851.671875, 92779.1640625, 53907.0, 8321.0, 54848.0, 24366.0, -2.795217514038086, 0.8859546184539795, 162.0
21348, 0.7076511383056641, -0.24025776982307434, 0.3042650520801544, -0.02012716606259346, 0.003674859879538417, -0.10026741772890091, 112867.828125, 141071.8125, 94762.5234375, 113601.8046875, 144847.953125, 92775.9609375, 54295.0, 10175.0, 54210.0, 27201.0, -2.8704566955566406, 0.7999326586723328, 162.0
21368, 0.7058975100517273, -0.24043768644332886, 0.3021986782550812, -0.029988493770360947, 0.010051405057311058, -0.10642241686582565, 112872.8515625, 141085.09375, 94754.5, 113604.640625, 144849.8125, 92778.4140625, 53492.0, 11236.0, 54273.0, 24171.0, -2.829291820526123, 0.754630982875824, 163.0
21388, 0.7059360146522522, -0.24102216958999634, 0.30041050910949707, -0.034821294248104095, 0.014524063095450401, -0.11081843078136444, 112869.234375, 141071.8125, 94759.28125, 113603.96875, 144852.109375, 92781.6171875, 53218.0, 17136.0, 53923.0, 20543.0, -2.6436266899108887, 0.7836913466453552, 163.0
21408, 0.7039014101028442, -0.23819127678871155, 0.29810482263565063, -0.044197939336299896, 0.026315636932849884, -0.11854442954063416, 112875.0078125, 141075.890625, 94756.5078125, 113606.1328125, 144852.109375, 92768.5078125, 53213.0, 19419.0, 53849.0, 20277.0, -2.2289645671844482, 0.8893135190010071, 163.0
21428, 0.7032755017280579, -0.2379956692457199, 0.29501891136169434, -0.049194011837244034, 0.029366035014390945, -0.12903368473052979, 112870.6875, 141073.59375, 94757.2734375, 113608.96875, 144852.5625, 92779.1640625, 53661.0, 19087.0, 53436.0, 22568.0, -1.7530182600021362, 1.0085082054138184, 165.0
21448, 0.7022168040275574, -0.23640038073062897, 0.29238080978393555, -0.054434578865766525, 0.03390493616461754, -0.13470381498336792, 112871.3984375, 141072.3125, 94753.734375, 113611.125, 144850.25, 92773.2265625, 53117.0, 21337.0, 53777.0, 22895.0, -1.1073060035705566, 1.1128572225570679, 165.0
21467, 0.7021303772926331, -0.23572789132595062, 0.28962084650993347, -0.0563216395676136, 0.034128110855817795, -0.14136971533298492, 112873.5546875, 141076.40625, 94758.515625, 113602.4765625, 144852.5625, 92781.140625, 53606.0, 23349.0, 53222.0, 23086.0, -0.5178723335266113, 1.1528466939926147, 165.0
21488, 0.6986953020095825, -0.23347948491573334, 0.28813832998275757, -0.06538984924554825, 0.036844126880168915, -0.14219418168067932, 112870.640625, 141074.109375, 94756.9765625, 113612.6171875, 144847.953125, 92777.1875, 53227.0, 22007.0, 53546.0, 26517.0, 0.024605918675661087, 1.11953604221344, 166.0
21507, 0.6972525119781494, -0.23213374614715576, 0.28525510430336, -0.06837248057126999, 0.03600215166807175, -0.1459173709154129, 112882.1953125, 141072.3125, 94753.734375, 113603.1484375, 144843.796875, 92781.8984375, 53186.0, 21703.0, 53338.0, 28061.0, 0.40569543838500977, 0.9705392122268677, 166.0
21528, 0.6970479488372803, -0.23106473684310913, 0.2836399972438812, -0.06721268594264984, 0.034017164260149, -0.14416328072547913, 112877.171875, 141072.828125, 94761.7578125, 113612.6171875, 144844.234375, 92781.140625, 53601.0, 21247.0, 52763.0, 30383.0, 0.6146032810211182, 0.753247082233429, 166.0
21547, 0.6936697363853455, -0.22803500294685364, 0.2807062268257141, -0.07299797236919403, 0.03705470636487007, -0.1498246192932129, 112871.3984375, 141070.015625, 94748.484375, 113613.9609375, 144847.515625, 92772.46875, 53011.0, 22071.0, 52970.0, 31135.0, 0.7603609561920166, 0.4766313433647156, 167.0
21567, 0.69259113073349, -0.227537140250206, 0.27594560384750366, -0.07200083881616592, 0.03372526168823242, -0.16441498696804047, 112884.3515625, 141072.3125, 94753.734375, 113602.4765625, 144847.515625, 92775.9609375, 52498.0, 22241.0, 52063.0, 28820.0, 0.8306496143341064, 0.20937789976596832, 167.0
21588, 0.6905320882797241, -0.22722908854484558, 0.27258941531181335, -0.07235133647918701, 0.030020851641893387, -0.17081579566001892, 112898.765625, 141078.203125, 94747.71875, 113613.2890625, 144849.8125, 92775.6796875, 53036.0, 22470.0, 50929.0, 30606.0, 0.997365415096283, -0.0845043733716011, 167.0
21608, 0.6911274194717407, -0.228668212890625, 0.26877278089523315, -0.06497688591480255, 0.02174430713057518, -0.17791837453842163, 112892.9921875, 141060.8125, 94759.75, 113621.2734375, 144847.515625, 92774.453125, 52925.0, 24940.0, 50780.0, 30285.0, 1.2843403816223145, -0.3834388256072998, 172.0
21628, 0.6857938766479492, -0.22447621822357178, 0.26517999172210693, -0.07122860103845596, 0.027193350717425346, -0.18156881630420685, 112893.6953125, 141067.203125, 94743.7109375, 113613.9609375, 144850.703125, 92775.203125, 52664.0, 25223.0, 51032.0, 31567.0, 1.5315449237823486, -0.657207190990448, 172.0
21647, 0.6841251850128174, -0.22501803934574127, 0.26291781663894653, -0.06730208545923233, 0.020347049459815025, -0.17601807415485382, 112887.21875, 141076.921875, 94756.5078125, 113614.6328125, 144843.34375, 92778.4140625, 51904.0, 25719.0, 51750.0, 32889.0, 1.6973004341125488, -0.9023445844650269, 171.0
21668, 0.683373749256134, -0.22460521757602692, 0.25938358902931213, -0.06067998334765434, 0.016106970608234406, -0.17647215723991394, 112888.671875, 141076.40625, 94749.7265625, 113616.125, 144843.796875, 92775.203125, 51273.0, 27489.0, 52118.0, 32205.0, 1.7151508331298828, -1.0803594589233398, 171.0
21687, 0.6815323829650879, -0.2250044345855713, 0.2555273175239563, -0.0567256398499012, 0.010121417231857777, -0.17691606283187866, 112908.1171875, 141082.796875, 94744.4765625, 113620.453125, 144846.546875, 92773.2265625, 51821.0, 28366.0, 51653.0, 32352.0, 1.7013278007507324, -1.2110803127288818, 171.0
21707, 0.6799924969673157, -0.22433950006961823, 0.25199833512306213, -0.05202281475067139, 0.007158428896218538, -0.17630435526371002, 112910.9765625, 141074.109375, 94737.6953125, 113620.453125, 144843.796875, 92773.2265625, 51582.0, 28741.0, 51638.0, 33334.0, 1.6955775022506714, -1.2775863409042358, 174.0
21727, 0.6780118346214294, -0.22494502365589142, 0.2484721541404724, -0.0486343614757061, 0.0013023331994190812, -0.1763727217912674, 112905.25, 141071.296875, 94736.453125, 113622.6171875, 144848.84375, 92773.9765625, 50838.0, 29086.0, 52108.0, 34098.0, 1.6177576780319214, -1.2800476551055908, 174.0
21747, 0.6767250895500183, -0.22539761662483215, 0.245185986161232, -0.043955862522125244, -0.0035576990339905024, -0.17290179431438446, 112895.859375, 141072.828125, 94752.96875, 113618.2890625, 144841.046875, 92775.203125, 51052.0, 29135.0, 51882.0, 35176.0, 1.4329614639282227, -1.2476654052734375, 174.0
21767, 0.6762154698371887, -0.2267247885465622, 0.24177779257297516, -0.037949953228235245, -0.009977738372981548, -0.16827178001403809, 112910.2734375, 141078.203125, 94753.734375, 113617.6171875, 144839.1875, 92774.453125, 50670.0, 29973.0, 50456.0, 31604.0, 1.272092580795288, -1.1755976676940918, 174.0
21787, 0.6771027445793152, -0.2273453176021576, 0.23795895278453827, -0.029032543301582336, -0.014170067384839058, -0.170295849442482, 112918.2109375, 141076.40625, 94750.4921875, 113617.6171875, 144846.09375, 92777.1875, 50322.0, 29238.0, 49815.0, 32485.0, 1.2818140983581543, -1.1100994348526, 174.0
21807, 0.6760374307632446, -0.22745148837566376, 0.23454049229621887, -0.025655828416347504, -0.016920914873480797, -0.1715124100446701, 112913.890625, 141069.0, 94738.4609375, 113617.6171875, 144836.4375, 92770.015625, 50035.0, 27528.0, 49932.0, 34746.0, 1.2581543922424316, -1.1053049564361572, 174.0
21828, 0.6749901175498962, -0.22724168002605438, 0.23116186261177063, -0.022592002525925636, -0.0183709729462862, -0.17322634160518646, 112909.5234375, 141074.109375, 94733.2109375, 113615.453125, 144844.6875, 92777.1875, 50112.0, 27933.0, 49917.0, 35234.0, 1.1093405485153198, -1.0925644636154175, 174.0
21847, 0.6753880381584167, -0.23137898743152618, 0.22765448689460754, -0.016309037804603577, -0.030620263889431953, -0.17641142010688782, 112912.4296875, 141069.515625, 94728.734375, 113614.78125, 144845.65625, 92777.1875, 49816.0, 27377.0, 50259.0, 36592.0, 0.8930793404579163, -1.0990785360336304, 174.0
21868, 0.6747235059738159, -0.23332427442073822, 0.22367213666439056, -0.013192771933972836, -0.03583146259188652, -0.17766593396663666, 112923.984375, 141070.015625, 94737.6953125, 113620.453125, 144841.484375, 92775.9609375, 50045.0, 29713.0, 49947.0, 35561.0, 0.6634711623191833, -1.0581881999969482, 174.0
21888, 0.6752308011054993, -0.23321211338043213, 0.2201448678970337, -0.007424412295222282, -0.03468741104006767, -0.17513951659202576, 112921.0703125, 141076.921875, 94744.4765625, 113620.453125, 144847.953125, 92772.0, 50563.0, 32254.0, 49348.0, 34055.0, 0.511873185634613, -1.0002505779266357, 173.0
21907, 0.6757447719573975, -0.23318466544151306, 0.21666118502616882, -0.002172737615182996, -0.03373509272933006, -0.1734476387500763, 112924.6875, 141063.625, 94745.2421875, 113633.5859375, 144847.515625, 92773.9765625, 50273.0, 32854.0, 49597.0, 34321.0, 0.4795047640800476, -0.9672129154205322, 173.0
21928, 0.6770355105400085, -0.23380407691001892, 0.2123631238937378, 0.004585167858749628, -0.03467978909611702, -0.17574049532413483, 112922.53125, 141074.625, 94730.4375, 113623.28125, 144845.203125, 92775.9609375, 50131.0, 31933.0, 49537.0, 35976.0, 0.5059506893157959, -0.8785255551338196, 173.0
21947, 0.6758877038955688, -0.2337520718574524, 0.20889754593372345, 0.004188356455415487, -0.033741459250450134, -0.1704546958208084, 112921.0703125, 141070.015625, 94739.6953125, 113626.2734375, 144843.796875, 92775.6796875, 49647.0, 33148.0, 50419.0, 34981.0, 0.43651628494262695, -0.7310371994972229, 172.0
21967, 0.6787647008895874, -0.23392975330352783, 0.20580565929412842, 0.013610576279461384, -0.03297721967101097, -0.1715644747018814, 112907.40625, 141062.609375, 94726.4296875, 113628.4375, 144846.09375, 92775.9609375, 49862.0, 28213.0, 47529.0, 37444.0, 0.23164504766464233, -0.4687488079071045, 172.0
21987, 0.6771342754364014, -0.230843186378479, 0.2024361491203308, 0.010403416119515896, -0.022784443572163582, -0.16623885929584503, 112907.40625, 141080.5, 94742.46875, 113567.1953125, 144839.1875, 92758.140625, 47686.0, 30112.0, 49282.0, 36136.0, 0.15940120816230774, -0.5398516654968262, 172.0
22007, 0.674849808216095, -0.2312564253807068, 0.19800902903079987, 0.00511201610788703, -0.02284643054008484, -0.1718207448720932, 112948.453125, 141072.828125, 94730.4375, 113639.25, 144841.9375, 92777.1875, 44296.0, 32992.0, 47814.0, 40317.0, -0.0556052140891552, -0.4085415303707123, 170.0
22027, 0.6688441038131714, -0.2263137549161911, 0.19451725482940674, -0.01081735361367464, -0.0070703281089663506, -0.17708274722099304, 112884.3515625, 141087.390625, 94734.453125, 113588.0078125, 144845.65625, 92740.3203125, 47047.0, 34602.0, 44949.0, 39959.0, -0.22287599742412567, -0.39041370153427124, 170.0
22048, 0.6652418971061707, -0.2254822552204132, 0.1902560591697693, -0.01928391307592392, -0.002859779866412282, -0.18361832201480865, 112948.453125, 141074.625, 94728.4375, 113603.96875, 144839.1875, 92768.5078125, 49072.0, 29286.0, 48878.0, 36921.0, -0.4514942169189453, -0.31051167845726013, 171.0
22068, 0.66663658618927, -0.22538360953330994, 0.18651342391967773, -0.013531713746488094, -0.0005448121228255332, -0.19209015369415283, 112943.4296875, 141070.53125, 94722.421875, 113631.265625, 144845.65625, 92765.3046875, 50366.0, 28580.0, 47973.0, 38107.0, -0.5550117492675781, -0.2741504907608032, 171.0
22087, 0.6634904146194458, -0.2268645167350769, 0.18318958580493927, -0.020481573417782784, -0.003129316959530115, -0.19037705659866333, 112936.1953125, 141083.3125, 94729.203125, 113600.3125, 144837.328125, 92749.46875, 49558.0, 32841.0, 49336.0, 35223.0, -0.4354220926761627, -0.4403858780860901, 171.0
22107, 0.6662457585334778, -0.21954959630966187, 0.17934377491474152, -0.009908965788781643, 0.020269431173801422, -0.19380128383636475, 112952.7734375, 141075.890625, 94729.203125, 113637.0859375, 144841.046875, 92773.9765625, 49430.0, 32747.0, 49471.0, 35661.0, -0.275898277759552, -0.4324617385864258, 170.0
22128, 0.6680551767349243, -0.2196093201637268, 0.17951956391334534, -0.0026373318396508694, 0.020337941125035286, -0.1748303472995758, 112920.3671875, 141084.59375, 94731.6796875, 113622.6171875, 144841.484375, 92762.5703125, 49892.0, 29424.0, 48947.0, 39761.0, -0.3647210896015167, -0.5144561529159546, 170.0
22147, 0.6691316366195679, -0.2193140834569931, 0.17605498433113098, 0.0025304933078587055, 0.021433871239423752, -0.17286917567253113, 112962.8203125, 141081.0, 94713.6328125, 113603.96875, 144844.234375, 92758.140625, 48717.0, 30588.0, 49849.0, 37671.0, -0.3589990735054016, -0.5325671434402466, 170.0
22167, 0.6693281531333923, -0.21872876584529877, 0.17257177829742432, 0.004341694992035627, 0.02316630817949772, -0.17624199390411377, 112936.8984375, 141083.8125, 94733.6875, 113642.90625, 144846.09375, 92766.0546875, 47919.0, 29509.0, 48582.0, 35595.0, -0.3213299810886383, -0.42473986744880676, 164.0
22187, 0.671904444694519, -0.21950159966945648, 0.1687549650669098, 0.013162693940103054, 0.020305246114730835, -0.18161436915397644, 112939.0625, 141083.3125, 94725.6640625, 113606.8046875, 144841.484375, 92760.59375, 47414.0, 32598.0, 48481.0, 32835.0, -0.20644508302211761, -0.43626663088798523, 164.0
22207, 0.6753472685813904, -0.22300542891025543, 0.16509400308132172, 0.024189284071326256, 0.00823344849050045, -0.18568497896194458, 112980.859375, 141080.5, 94725.6640625, 113637.0859375, 144843.796875, 92767.28125