Timestamp,Whisker.Barometer1_1,Whisker.Barometer1_2,Whisker.Barometer1_3,Whisker1.Barometer2_1,Whisker1.Barometer2_2,Whisker1.Barometer2_3
123913,114225.9921875,149028.28125,90227.828125,111482.3125,137408.375,96628.078125
123933,114223.1171875,149027.828125,90234.8515625,111487.3515625,137411.703125,96621.53125
123953,114220.953125,149032.90625,90239.125,111487.3515625,137415.71875,96630.09375
123973,114220.2109375,149028.734375,90228.203125,111491.640625,137419.234375,96627.578125
123993,114226.703125,149025.96875,90230.9453125,111490.8828125,137413.453125,96632.109375
124013,114225.2421875,149030.59375,90226.2578125,111492.328125,137408.375,96636.8984375
124033,114230.3203125,149034.765625,90228.203125,111498.7578125,137417.46875,96622.7890625
124053,114234.640625,149028.28125,90230.15625,111502.3515625,137417.46875,96634.8828125
124073,114232.484375,149025.96875,90232.109375,111491.640625,137420.265625,96634.8828125
124093,114231.7734375,149032.453125,90228.9921875,111482.3125,137420.265625,96636.140625
124113,114228.8671875,149022.25,90234.0625,111479.4765625,137412.21875,96634.8828125
124133,114216.59375,149030.140625,90228.203125,111479.4765625,137419.75,96631.1015625
124153,114231.7734375,149024.109375,90222.3515625,111485.2109375,137412.921875,96636.8984375
124173,114225.2421875,149025.96875,90234.0625,111479.4765625,137413.96875,96631.6015625
124193,114226.703125,149025.96875,90225.09375,111486.6015625,137423.59375,96636.8984375
124213,114228.8671875,149027.828125,90220.0234375,111490.1875,137413.96875,96638.15625
124233,114228.15625,149026.859375,90223.140625,111503.1015625,137412.921875,96636.8984375
124253,114230.3203125,149032.90625,90215.3359375,111498.7578125,137415.71875,96636.390625
124273,114229.5703125,149028.28125,90218.453125,111497.3125,137413.96875,96645.4609375
124293,114229.609375,149032.453125,90212.21875,111491.578125,137408.90625,96638.9140625
124313,114228.15625,149030.59375,90216.125,111495.921875,137418,96644.953125
124333,114230.3203125,149022.25,90217.2890625,111488.7421875,137408.90625,96639.6640625
124353,114222.375,149034.765625,90212.59375,111485.1484375,137422.546875,96638.9140625
124373,114224.5390625,149021.796875,90213.3828125,111490.1875,137422.03125,96642.9375
124393,114233.9375,149028.734375,90212.59375,111488.7421875,137419.75,96640.921875
124413,114228.15625,149028.734375,90212.21875,111488.7421875,137416.25,96644.953125
124433,114223.1171875,149033.34375,90210.2734375,111492.328125,137413.453125,96642.4375
124453,114229.5703125,149033.34375,90201.6796875,111489.4921875,137412.921875,96640.921875
124473,114230.3203125,149031.03125,90199.7265625,111495.1640625,137418,96637.6484375
124493,114226.703125,149026.421875,90199.7265625,111500.8984375,137415.71875,96636.390625
124513,114226.703125,149028.734375,90209.484375,111491.578125,137419.75,96646.96875
124533,114229.5703125,149031.03125,90205.578125,111493.0234375,137414.484375,96647.7265625
124553,114224.5390625,149037.515625,90204.421875,111488.046875,137422.546875,96643.6953125
124573,114224.5390625,149028.734375,90202.46875,111492.328125,137419.046875,96643.6953125
124593,114231.0234375,149033.796875,90199.7265625,111490.8828125,137416.765625,96649.7421875
124613,114232.484375,149028.734375,90200.515625,111486.6015625,137420.796875,96642.4375
124633,114220.921875,149033.796875,90198.5625,111490.8828125,137420.265625,96648.984375
124653,114228.15625,149025,90197.78125,111488.046875,137412.21875,96644.453125
124673,114227.40625,149039.828125,90193.5,111493.0234375,137413.96875,96648.484375
124693,114236.8046875,149035.65625,90195.828125,111496.6171875,137413.453125,96644.453125
124713,114236.8046875,149035.203125,90198.9375,111493.0234375,137420.796875,96651
124733,114220.921875,149039.828125,90194.6640625,111497.3125,137424.296875,96654.53125
124753,114229.5703125,149034.25,90193.875,111494.4765625,137426.578125,96641.6796875
124773,114225.2421875,149031.484375,90186.484375,111497.3125,137413.96875,96645.7109375
124793,114231.0234375,149031.9375,90188.0234375,111488.046875,137423.0625,96652.265625
124813,114236.8046875,149040.28125,90194.6640625,111485.90625,137409.9375,96650.5
124833,114225.2421875,149037.96875,90191.546875,111489.4375,137420.796875,96649.234375
124853,114236.8046875,149029.171875,90184.9140625,111486.6015625,137416.765625,96650.5
124873,114229.5703125,149035.65625,90187.6484375,111488.7421875,137411.703125,96647.7265625
124893,114233.1875,149042.140625,90179.0546875,111488.7421875,137419.75,96651.25
124913,114231.734375,149035.65625,90182.9609375,111491.578125,137423.0625,96651.7578125
124933,114236.8046875,149031.484375,90171.2578125,111489.4375,137422.546875,96649.7421875
124953,114225.2421875,149043.046875,90175.15625,111493.0234375,137416.765625,96655.7890625
124973,114227.40625,149036.5625,90177.109375,111488.7421875,137416.765625,96655.7890625
124993,114229.5703125,149033.34375,90172.046875,111490.8828125,137413.96875,96650.5
125013,114229.5703125,149033.34375,90177.109375,111495.921875,137420.796875,96652.515625
125033,114228.1171875,149031.9375,90175.9453125,111495.1640625,137414.484375,96654.53125
125053,114224.5390625,149038.421875,90179.0546875,111493.0234375,137420.265625,96656.546875
125073,114231.0234375,149027.3125,90171.2578125,111493.0234375,137414.484375,96657.296875
125093,114233.1875,149037.96875,90170.09375,111485.90625,137422.546875,96660.578125
125113,114231.0234375,149036.5625,90173.203125,111490.8828125,137419.75,96660.578125
125133,114237.515625,149046.3125,90165.40625,111486.6015625,137420.265625,96657.8046875
125153,114231.734375,149040.734375,90168.9296875,111491.578125,137419.5625,96654.53125
125173,114232.4453125,149034.25,90170.09375,111486.6015625,137419.046875,96665.109375
125193,114226.6640625,149045.796875,90161.5078125,111494.4765625,137420.265625,96660.0703125
125213,114225.2421875,149032.390625,90161.5078125,111486.6015625,137415.71875,96661.8359375
125233,114225.2421875,149038.875,90166.1953125,111495.859375,137420.796875,96657.296875
125253,114225.953125,149040.734375,90160.34375,111494.4140625,137420.796875,96660.578125
125273,114222.3359375,149040.734375,90166.984375,111490.1875,137413.96875,96659.8203125
125293,114233.1875,149041.625,90148.640625,111497.3125,137423.0625,96660.578125
125313,114233.15625,149042.59375,90163.078125,111486.6015625,137420.796875,96658.5625
125333,114229.5703125,149040.734375,90155.28125,111503.046875,137419.046875,96660.578125
125353,114237.4765625,149038.875,90163.453125,111491.578125,137421.3125,96656.546875
125373,114230.28125,149034.703125,90160.34375,111491.578125,137421.3125,96665.8671875
125393,114233.8984375,149038.875,90156.0703125,111494.4765625,137425.34375,96660.578125
125413,114232.484375,149031.484375,90153.703125,111493.0234375,137415.015625,96662.59375
125433,114227.40625,149047.21875,90154.4921875,111494.4140625,137421.3125,96662.0859375
125453,114228.1171875,149042.59375,90153.703125,111487.296875,137417.28125,96663.34375
125473,114228.1171875,149038.875,90152.1640625,111498.7578125,137421.3125,96662.59375
125493,114223.7890625,149038.875,90152.1640625,111494.4140625,137416.765625,96664.609375
125513,114225.953125,149040.28125,90145.53125,111493.0234375,137417.28125,96663.8515625
125533,114225.2421875,149044.90625,90150.21875,111492.2734375,137424.296875,96661.328125
125553,114221.625,149038.421875,90143.578125,111491.578125,137424.8125,96667.375
125573,114221.625,149035.15625,90148.640625,111490.1328125,137421.3125,96666.1171875
125593,114223.7890625,149040.734375,90134.9921875,111492.2734375,137422.546875,96671.9140625
125613,114221.625,149046.25,90137.7265625,111488.7421875,137419.5625,96669.390625
125633,114220.171875,149045.359375,90137.7265625,111495.109375,137425.34375,96667.375
125653,114222.3359375,149041.1875,90145.53125,111498.6953125,137425.34375,96658.0546875
125673,114220.171875,149047.65625,90136.5625,111489.4375,137417.28125,96665.359375
125693,114230.28125,149034.703125,90130.7109375,111500.1484375,137417.8125,96664.1015625
125713,114225.2421875,149037.453125,90127.9765625,111500.1484375,137424.8125,96667.8828125
125733,114230.28125,149039.328125,90130.296875,111492.328125,137421.84375,96668.8828125
125753,114223.7890625,149043.046875,90133.828125,111492.2734375,137423.0625,96668.6328125
125773,114226.6640625,149039.328125,90128.390625,111493.0234375,137423.0625,96668.6328125
125793,114233.15625,149045.796875,90128.765625,111492.2734375,137419.046875,96669.390625
125813,114221.625,149047.21875,90129.9296875,111493.71875,137415.015625,96670.1484375
125833,114228.1171875,149043.484375,90127.6015625,111490.8828125,137423.59375,96671.40625
125853,114225.953125,149043.484375,90129.140625,111491.578125,137416.25,96673.421875
125873,114222.3359375,149038.875,90122.125,111497.3125,137421.3125,96674.6796875
125893,114224.5,149041.1875,90126.0234375,111492.2734375,137413.265625,96670.1484375
125913,114226.6640625,149037.453125,90122.125,111493.71875,137419.5625,96668.1328125
125933,114226.6640625,149041.1875,90120.1796875,111493.71875,137425.859375,96666.625
125953,114221.625,149037.453125,90115.1171875,111494.4140625,137424.109375,96671.40625
125973,114220.171875,149042.078125,90122.9140625,111500.84375,137421.3125,96674.1796875
125993,114226.6640625,149040.28125,90120.96875,111494.4140625,137413.265625,96674.1796875
126013,114228.828125,149041.1875,90117.0625,111500.84375,137412.734375,96667.375
126033,114231.734375,149047.65625,90113.953125,111497.25,137418.515625,96670.8984375
126053,114224.5,149039.328125,90117.8515625,111495.1640625,137419.5625,96672.6640625
126073,114221.59375,149045.796875,90118.640625,111495.859375,137416.25,96681.484375
126093,114226.6640625,149043.9375,90108.890625,111493.71875,137423.59375,96674.1796875
126113,114224.5,149041.625,90115.90625,111494.4140625,137425.859375,96672.9140625
126133,114228.828125,149043.046875,90117.8515625,111495.859375,137417.28125,96670.1484375
126153,114230.28125,149043.9375,90110.0546875,111495.109375,137422.359375,96680.7265625
126173,114228.828125,149048.5625,90106.15625,111496.5546875,137412.734375,96674.9296875
126193,114223.046875,149048.109375,90106.15625,111498.6953125,137423.59375,96680.2265625
126213,114227.375,149042.078125,90110.4296875,111495.859375,137423.59375,96679.46875
126233,114220.8828125,149042.078125,90101.8828125,111491.578125,137421.3125,96680.2265625
126253,114226.6640625,149048.109375,90102.2578125,111498.6953125,137418.859375,96678.2109375
126273,114218.0078125,149045.796875,90103.4140625,111494.4140625,137419.046875,96682.2421875
126293,114224.5,149042.078125,90101.09375,111495.109375,137421.84375,96676.1953125
126313,114226.6640625,149039.765625,90095.2421875,111490.1328125,137418.328125,96680.2265625
126333,114222.3359375,149050.421875,90098.359375,111495.109375,137417.28125,96683.5
126353,114223.046875,149039.328125,90102.2578125,111498,137424.109375,96678.2109375
126373,114228.828125,149041.625,90099.515625,111502.2890625,137422.359375,96682.9921875
126393,114220.171875,149044.390625,90097.1953125,111491.578125,137420.609375,96678.2109375
126413,114216.5546875,149046.25,90097.5703125,111495.8046875,137423.59375,96678.9609375
126433,114223.046875,149036.046875,90091.34375,111498,137425.859375,96680.9765625
126453,114221.59375,149042.078125,90092.5078125,111496.5546875,137419.046875,96686.2734375
126473,114222.3359375,149044.390625,90080.8125,111495.109375,137421.84375,96683.5
126493,114223.046875,149043.9375,90091.34375,111498.6953125,137420.078125,96682.2421875
126513,114230.2421875,149047.15625,90091.71875,111500.84375,137421.84375,96688.2890625
126533,114233.859375,149052.734375,90086.65625,111499.390625,137426.390625,96680.9765625
126553,114230.2421875,149046.25,90092.5078125,111503.6796875,137418.859375,96687.0234375
126573,114232.40625,149046.25,90084.7109375,111501.53125,137420.078125,96682.9921875
126593,114227.375,149048.5625,90086.65625,111496.5546875,137421.84375,96687.0234375
126613,114220.8828125,149042.078125,90081.6015625,111493.71875,137424.109375,96685.765625
126633,114221.59375,149044.84375,90079.6484375,111492.2734375,137424.109375,96680.9765625
126653,114229.5390625,149047.15625,90081.6015625,111493.65625,137424.109375,96688.2890625
126673,114223.7578125,149047.15625,90080.8125,111498.6953125,137424.109375,96684.2578125
126693,114230.9921875,149044.390625,90080.8125,111496.5546875,137428.65625,96682.9921875
126713,114228.078125,149040.671875,90067.578125,111509.40625,137433.203125,96686.2734375
126733,114230.2421875,149040.21875,90071.8515625,111505.8203125,137424.109375,96687.78125
126753,114231.703125,149044.390625,90071.8515625,111505.125,137426.90625,96693.078125
126773,114224.4609375,149046.703125,90069.1171875,111500.0859375,137419.5625,96691.0546875
126793,114225.2109375,149049.46875,90076.9140625,111499.390625,137430.9375,96685.765625
126813,114219.4296875,149044.390625,90069.1171875,111497.25,137424.109375,96689.0390625
126833,114231.703125,149050.875,90067.1640625,111495.109375,137424.109375,96692.3203125
126853,114223.7578125,149037.90625,90064.84375,111495.109375,137424.640625,96689.0390625
126873,114227.375,149045.296875,90066.7890625,111497.25,137426.90625,96688.2890625
126893,114227.375,149044.390625,90066,111494.3515625,137431.453125,96690.3046875
126913,114225.921875,149047.15625,90063.265625,111506.515625,137426.90625,96691.8125
126933,114233.1171875,149049.46875,90064.0546875,111504.3671875,137429.1875,96685.0078125
126953,114232.40625,149051.78125,90050.0390625,111500.0859375,137422.359375,96685.765625
126973,114233.15625,149049.46875,90053.9375,111504.4296875,137432.6875,96695.59375
126993,114225.2109375,149049.015625,90058.9921875,111505.125,137427.4375,96699.625
127013,114233.859375,149047.15625,90060.15625,111507.265625,137430.9375,96689.0390625
127033,114226.625,149044.84375,90053.9375,111497.9453125,137422.875,96694.3359375
127053,114231.703125,149045.296875,90055.09375,111499.390625,137430.9375,96691.8125
127073,114228.7890625,149042.53125,90051.1953125,111502.984375,137425.15625,96698.3671875
127093,114223.046875,149049.46875,90053.1484375,111506.5703125,137429.703125,96696.3515625
127113,114224.4609375,149047.609375,90044.5625,111497.9453125,137422.875,96697.109375
127133,114235.28125,149047.609375,90039.5078125,111504.3671875,137427.4375,96695.09375
127153,114225.921875,149046.703125,90040.296875,111510.1015625,137429.1875,96691.8125
127173,114228.7890625,149051.328125,90047.3046875,111502.2890625,137426.90625,96701.140625
127193,114228.7890625,149040.671875,90048.0859375,111502.2265625,137430.9375,96697.109375
127213,114228.078125,149054.078125,90046.140625,111503.6796875,137429.703125,96689.796875
127233,114226.625,149055.953125,90038.34375,111505.125,137426.90625,96691.8125
127253,114223.7578125,149045.734375,90035.234375,111506.515625,137433.734375,96698.6171875
127273,114230.2421875,149042.984375,90039.5078125,111498.640625,137431.453125,96697.859375
127293,114234.5703125,149054.078125,90035.609375,111502.2265625,137429.703125,96698.6171875
127313,114231.6640625,149048.046875,90037.1875,111502.984375,137426.90625,96699.125
127333,114234.5703125,149054.078125,90045.3515625,111500.84375,137431.984375,96701.140625
127353,114233.1171875,149041.578125,90042.6171875,111502.2265625,137427.953125,96703.90625
127373,114236.0234375,149047.609375,90032.5,111505.8203125,137423.40625,96704.6640625
127393,114233.859375,149052.21875,90032.8671875,111507.9609375,137427.953125,96701.140625
127413,114230.2421875,149047.609375,90020.4375,111504.3671875,137427.4375,96699.875
127433,114226.625,149054.984375,90023.5390625,111508.65625,137436,96703.15625
127453,114236.0234375,149047.15625,90025.4921875,111505.8203125,137433.734375,96697.859375
127473,114228.046875,149052.671875,90025.859375,111512.2421875,137427.953125,96707.9375
127493,114241.0625,149054.078125,90026.6484375,111505.0625,137427.4375,96707.1875
127513,114235.28125,149047.609375,90028.6015625,111506.515625,137429.703125,96703.90625
127533,114231.6640625,149050.359375,90020.8046875,111505.8203125,137431.984375,96706.6796875
127553,114227.3359375,149049.90625,90020.015625,111508.65625,137427.953125,96703.90625
127573,114235.28125,149048.046875,90019.6484375,111501.53125,137430.21875,96701.890625
127593,114236.0234375,149050.359375,90016.90625,111497.9453125,137429.703125,96707.1875
127613,114227.3359375,149048.046875,90025.4921875,111510.1015625,137429.703125,96705.921875
127633,114235.28125,149056.84375,90016.5390625,111512.9375,137431.984375,96703.90625
127653,114231.6640625,149052.671875,90017.6953125,111512.9375,137432.5,96707.9375
127673,114240.3203125,149056.84375,90014.9609375,111509.3515625,137427.4375,96704.6640625
127693,114237.4453125,149051.265625,90006.0078125,111508.65625,137429.703125,96709.203125
127713,114233.1171875,149056.84375,90009.1171875,111506.515625,137434.78125,96706.6796875
127733,114241.7734375,149054.984375,90013.0078125,111507.8984375,137427.953125,96710.7109375
127753,114226.59375,149052.671875,90012.640625,111510.796875,137434.78125,96705.921875
127773,114239.609375,149061.46875,90011.0625,111507.9609375,137435.296875,96713.234375
127793,114237.4453125,149056.390625,90006.796875,111508.65625,137436,96706.6796875
127813,114238.15625,149052.21875,90006.796875,111511.4921875,137436.53125,96706.6796875
127833,114235.28125,149054.984375,90011.0625,111505.0625,137438.796875,96711.46875
127853,114238.859375,149057.296875,90008.328125,111512.2421875,137434.78125,96708.6953125
127873,114243.9375,149060.0625,90013.0078125,111509.3515625,137432.5,96713.984375
127893,114239.609375,149061.015625,89998.625,111517.2265625,137433.015625,96701.390625
127913,114232.375,149054.984375,90003.265625,111510.796875,137435.296875,96713.484375
127933,114235.28125,149057.296875,89992.3671875,111515.078125,137435.296875,96710.7109375
127953,114233.828125,149063.328125,89991.203125,111512.1875,137428.46875,96711.96875
127973,114233.828125,149056.84375,89992.3671875,111507.203125,137434.78125,96715.5
127993,114235.9921875,149059.609375,89997.0546875,111516.53125,137432.5,96708.1875
128013,114235.2421875,149050.8125,90000.15625,111506.515625,137430.75,96707.4375
128033,114236.703125,149055.4375,89996.265625,111509.3515625,137441.59375,96709.453125
128053,114236.703125,149057.296875,89994.3125,111506.515625,137438.796875,96716.0078125
128073,114233.828125,149061.46875,89992.3671875,111509.3515625,137428.46875,96716.7578125
128093,114240.3203125,149054.984375,89990.4140625,111505.0625,137438.796875,96712.7265625
128113,114233.1171875,149054.984375,89990.4140625,111508.65625,137432.5,96710.203125
128133,114234.5390625,149054.984375,89982.25,111511.4921875,137427.25,96717.515625
128153,114243.9375,149063.78125,89985.359375,111512.1875,137430.21875,96718.7734375
128173,114237.4453125,149056.84375,89983.4140625,111510.796875,137430.21875,96711.46875
128193,114238.859375,149061.921875,89980.6796875,111511.4921875,137432.5,96717.515625
128213,114230.2109375,149059.15625,89986.890625,111512.1875,137426.203125,96713.484375
128233,114237.4453125,149055.890625,89977.5703125,111511.4921875,137430.21875,96718.0234375
128253,114234.5390625,149053.578125,89980.6796875,111517.2265625,137437.046875,96716.7578125
128273,114232.375,149053.578125,89973.671875,111517.9140625,137445.109375,96722.8046875
128293,114239.609375,149060.0625,89974.4609375,111517.2265625,137433.015625,96717.515625
128313,114231.6640625,149065.125,89978.359375,111511.4921875,137433.015625,96720.7890625
128333,114230.2109375,149059.609375,89974.4609375,111507.8984375,137435.296875,96719.53125
128353,114233.1171875,149054.984375,89980.6796875,111512.1875,137434.78125,96716.25
128373,114233.828125,149060.0625,89971.3515625,111511.4921875,137434.78125,96710.203125
128393,114230.921875,149062.359375,89968.6171875,111510.796875,137428.46875,96713.484375
128413,114238.859375,149057.296875,89971.7265625,111510.0390625,137434.25,96721.546875
128433,114245.3515625,149058.203125,89965.8828125,111515.078125,137435.296875,96719.53125
128453,114233.078125,149066.984375,89965.09375,111512.1875,137435.8125,96725.578125
128473,114243.1875,149060.0625,89960.8203125,111515.7734375,137439.328125,96717.515625
128493,114241.734375,149060.0625,89960.8203125,111521.5078125,137435.8125,96722.8046875
128513,114240.28125,149062.8125,89970.9375,111518.609375,137430.75,96720.0390625
128533,114242.4765625,149065.125,89960.0390625,111510.0390625,137438.796875,96728.1015625
128553,114240.3203125,149049.859375,89958.875,111525.0390625,137433.015625,96722.3046875
128573,114248.2265625,149056.328125,89958.0859375,111521.4453125,137439.84375,96723.5625
128593,114235.9921875,149059.609375,89954.9765625,111520.0625,137435.8125,96723.5625
128613,114246.0625,149062.359375,89958.0859375,111516.46875,137442.125,96727.59375
128633,114237.40625,149056.328125,89960.0390625,111520.75,137439.84375,96725.578125
128653,114246.0625,149060.5,89953.03125,111514.328125,137435.8125,96724.8203125
128673,114242.4453125,149062.359375,89954.1953125,111514.328125,137431.265625,96718.265625
128693,114242.4765625,149069.75,89949.921875,111517.9140625,137438.09375,96726.8359375
128713,114235.2421875,149059.609375,89949.1328125,111512.875,137436.34375,96722.3046875
128733,114237.40625,149062.359375,89945.2421875,111513.6328125,137442.640625,96725.578125
128753,114242.4765625,149060.0625,89947.1875,111512.1875,137435.8125,96716.25
128773,114238.1171875,149065.125,89947.9765625,111531.46875,137430.75,96730.3671875
128793,114246.7734375,149062.8125,89945.2421875,111516.46875,137435.296875,96725.578125
128813,114244.609375,149062.8125,89939.3984375,111522.8984375,137436.34375,96725.578125
128833,114240.28125,149062.8125,89940.1875,111513.5703125,137435.8125,96724.3203125
128853,114240.28125,149060.5,89949.1328125,111516.46875,137437.578125,96726.3359375
128873,114243.8984375,149066.984375,89942.5078125,111515.7109375,137439.84375,96724.3203125
128893,114241.703125,149058.203125,89935.5,111515.0234375,137438.09375,96729.609375
128913,114245.3203125,149056.78125,89940.1875,111520.75,137444.921875,96730.3671875
128933,114248.9375,149069.296875,89936.2890625,111525.0390625,137444.390625,96731.625
128953,114247.515625,149067.890625,89936.2890625,111522.8984375,137436.34375,96727.59375
128973,114248.9375,149067.4375,89939.03125,111527.1796875,137436.34375,96725.0703125
128993,114244.609375,149060.953125,89935.5,111519.3046875,137441.59375,96725.0703125
129013,114243.8984375,149067.4375,89936.2890625,111524.34375,137433.546875,96725.828125
129033,114244.609375,149065.578125,89934.34375,111516.46875,137439.84375,96734.3984375
129053,114238.1171875,149072.0625,89931.234375,111516.46875,137438.09375,96733.1328125
129073,114241.0234375,149075.328125,89923.4453125,111516.46875,137442.640625,96725.828125
129093,114238.1171875,149070.203125,89923.4453125,111520.75,137438.09375,96730.3671875
129113,114246.0625,149067.4375,89930.4453125,111517.859375,137442.125,96731.1171875
129133,114240.9921875,149067.4375,89922.65625,111525.0390625,137429.515625,96730.3671875
129153,114243.8984375,149062.8125,89923.4453125,111517.859375,137438.09375,96734.3984375
129173,114254.7109375,149067.890625,89922.65625,111523.5859375,137429,96730.3671875
129193,114245.3203125,149063.265625,89920.7109375,111526.421875,137438.09375,96728.3515625
129213,114243.15625,149065.125,89923.8125,111523.5859375,137435.296875,96733.1328125
129233,114245.3203125,149062.359375,89921.5,111516.46875,137436.34375,96731.875
129253,114247.4765625,149065.578125,89920.7109375,111523.5859375,137439.84375,96733.1328125
129273,114253.296875,149063.265625,89919.5546875,111520,137443.15625,96731.1171875
129293,114236.6640625,149061.859375,89920.7109375,111515.7109375,137444.390625,96736.4140625
129313,114244.609375,149070.65625,89914.8671875,111527.875,137433.546875,96737.171875
129333,114247.4765625,149070.203125,89910.9765625,111520,137431.796875,96741.7109375
129353,114243.15625,149067.4375,89912.921875,111530.015625,137440.375,96742.4609375
129373,114253.2578125,149068.34375,89909.8125,111522.8359375,137436.34375,96729.859375
129393,114248.9375,149072.953125,89903.96875,111532.15625,137437.390625,96737.921875
129413,114243.15625,149067.4375,89910.1875,111529.265625,137440.375,96741.203125
129433,114247.4765625,149066.03125,89911.765625,111525.734375,137437.390625,96739.1875
129453,114249.640625,149067.890625,89912.546875,111510.6796875,137439.140625,96729.859375
129473,114243.859375,149069.75,89916.8125,111521.4453125,137439.140625,96735.90625
129493,114251.8046875,149072.515625,89905.921875,111513.5703125,137442.125,96742.7109375
129513,114248.9375,149077.578125,89902.0234375,111515.7109375,137436.34375,96735.90625
129533,114255.421875,149063.71875,89896.96875,111515.7109375,137442.125,96741.203125
129553,114252.515625,149074.375,89898.1328125,111517.859375,137438.609375,96733.1328125
129573,114258.296875,149075.265625,89894.234375,111538.5859375,137439.140625,96737.921875
129593,114270.5703125,149070.65625,89894.234375,111542.8671875,137436.34375,96739.1875
129613,114262.625,149065.578125,89898.1328125,111547.15625,137438.609375,96739.1875
129633,114264.078125,149066.484375,89887.234375,111552.1328125,137442.640625,96741.953125
129653,114255.421875,149070.65625,89892.2890625,111540.7265625,137444.390625,96743.21875
129673,114251.09375,149077.125,89898.1328125,111532.15625,137444.921875,96741.953125
129693,114247.4765625,149068.78125,89891.1328125,111515.0234375,137439.140625,96741.953125
129713,114241.703125,149075.265625,89896.96875,111498.578125,137443.6875,96748.0078125
129733,114248.1875,149074.828125,89891.1328125,111507.8984375,137438.609375,96741.203125
129753,114243.859375,149072.953125,89890.7578125,111512.875,137443.15625,96748.5078125
129773,114254.6796875,149067.890625,89883.34375,111531.40625,137439.65625,96741.953125
129793,114261.171875,149066.484375,89877.5,111533.546875,137445.4375,96737.921875
129813,114264.7890625,149072.515625,89872.8203125,111550.6875,137441.9375,96741.203125
129833,114277.765625,149077.578125,89875.5546875,111566.4375,137445.4375,96747.25
129853,114273.4375,149068.78125,89876.7109375,111562.15625,137434.0625,96738.6796875
129873,114265.4921875,149068.78125,89874.3984375,111562.09375,137434.59375,96739.9375
129893,114253.96875,149072.953125,89873.609375,111543.5625,137437.390625,96743.21875
129913,114240.2421875,149079.4375,89874.3984375,111534.3046875,137445.4375,96744.7265625
129933,114243.859375,149078.03125,89877.5,111517.1640625,137440.890625,96748.0078125
129953,114233.7578125,149069.234375,89881.3984375,111501.4140625,137440.890625,96752.0390625
129973,114245.3203125,149075.71875,89880.609375,111504.25,137445.4375,96745.9921875
129993,114249.640625,149071.546875,89874.765625,111501.4140625,137443.15625,96750.0234375
130013,114249.609375,149079.4375,89867.3984375,111525.671875,137441.40625,96750.5234375
130033,114264.7890625,149071.546875,89871.6640625,111537.140625,137443.6875,96745.9921875
130053,114271.984375,149071.546875,89865.8203125,111557.109375,137443.15625,96742.7109375
130073,114271.984375,149066.921875,89859.9765625,111557.109375,137449.984375,96742.7109375
130093,114267.65625,149068.78125,89858.8203125,111560.703125,137434.59375,96756.0703125
130113,114259.0078125,149071.09375,89855.71875,111543.5625,137443.15625,96748.0078125
130133,114252.515625,149077.578125,89863.875,111537.828125,137439.140625,96750.0234375
130153,114248.1875,149080.34375,89862.71875,111522.140625,137450.515625,96752.7890625
130173,114251.0625,149071.09375,89865.453125,111520.6953125,137448.234375,96752.7890625
130193,114254.6796875,149086.828125,89858.03125,111515.7109375,137441.40625,96751.28125
130213,114251.0625,149079.890625,89853.7734375,111522.140625,137448.234375,96752.7890625
130233,114264.078125,149069.234375,89859.9765625,111520.6953125,137445.953125,96748.7578125
130253,114259.7109375,149076.171875,89849.0859375,111537.140625,137440.1875,96748.7578125
130273,114267.65625,149080.796875,89856.0859375,111544.2578125,137441.9375,96750.7734375
130293,114268.3671875,149080.796875,89852.984375,111552.1328125,137441.9375,96750.0234375
130313,114267.65625,149082.203125,89851.03125,111557.109375,137444.203125,96748.7578125
130333,114258.296875,149078.9375,89849.0859375,111552.828125,137439.140625,96753.546875
130353,114262.625,149074.3125,89847.9296875,111547.8515625,137446.484375,96751.53125
130373,114250.3515625,149075.71875,89847.140625,111539.28125,137444.203125,96755.5625
130393,114250.3203125,149076.625,89842.4609375,111531.40625,137444.734375,96752.7890625
130413,114255.390625,149071.09375,89843.25,111529.953125,137455.0625,96748.2578125
130433,114256.8046875,149084.515625,89838.1953125,111534.3046875,137449.984375,96752.7890625
130453,114267.65625,149074.3125,89847.140625,111537.828125,137446.484375,96748.7578125
130473,114270.53125,149082.65625,89839.3515625,111536.3828125,137443.15625,96747.5
130493,114266.203125,149085.40625,89834.3046875,111548.546875,137444.203125,96752.7890625
130513,114272.6953125,149080.34375,89834.3046875,111552.828125,137445.953125,96758.0859375
130533,114269.8203125,149076.171875,89839.3515625,111555.6640625,137450.515625,96756.828125
130553,114264.0390625,149078.484375,89840.140625,111561.3984375,137454.53125,96754.3046875
130573,114264.0390625,149075.71875,89839.3515625,111557.8046875,137445.953125,96755.5625
130593,114258.96875,149084,89835.09375,111549.9921875,137445.25,96754.8125
130613,114256.84375,149080.34375,89831.5703125,111543.5,137445.25,96757.578125
130633,114258.96875,149080.796875,89827.3046875,111544.953125,137448.234375,96754.8125
130653,114266.9140625,149074.765625,89825.7265625,111534.2421875,137448.75,96745.484375
130673,114274.1484375,149087.28125,89838.1953125,111539.9140625,137450.515625,96752.7890625
130693,114274.1484375,149082.65625,89833.515625,111542.1171875,137445.953125,96756.828125
130713,114268.3671875,149087.28125,89828.46875,111544.953125,137448.75,96752.7890625
130733,114272.6953125,149084.96875,89827.6796875,111556.359375,137452.78125,96750.2734375
130753,114268.3671875,149080.34375,89827.3046875,111559.2578125,137451.546875,96751.53125
130773,114268.3671875,149077.0625,89825.359375,111568.5234375,137445.25,96752.2890625
130793,114259.7109375,149081.234375,89820.6796875,111570.6640625,137449.28125,96762.875
130813,114268.3671875,149085.40625,89822.625,111556.359375,137450.515625,96759.59375
130833,114266.9140625,149085.40625,89825.359375,111555.6640625,137442.453125,96753.546875
130853,114274.859375,149086.3125,89812.8984375,111552.0703125,137448.75,96751.53125
130873,114271.2734375,149087.71875,89812.5234375,111552.828125,137453.828125,96755.5625
130893,114274.1484375,149087.28125,89810.9453125,111554.96875,137454.34375,96757.578125
130913,114265.4609375,149092.34375,89805.8984375,111542.75,137451.546875,96757.578125
130933,114269.7890625,149077.0625,89803.953125,111554.21875,137445.25,96750.2734375
130953,114264.0390625,149081.6875,89812.8984375,111560.640625,137451.546875,96757.578125
130973,114272.6953125,149088.171875,89809.7890625,111567.828125,137442.984375,96761.609375
130993,114264.75,149076.625,89814.84375,111569.2109375,137448.75,96751.53125
131013,114263.296875,149083.546875,89807.0546875,111568.5234375,137444.734375,96758.3359375
131033,114269.078125,149079.375,89809,111565.6796875,137451.03125,96751.78125
131053,114264.75,149081.234375,89810.9453125,111560.640625,137447,96757.578125
131073,114269.078125,149083.546875,89806.6875,111564.234375,137447,96757.078125
131093,114271.2421875,149087.71875,89800.0625,111557.0546875,137449.28125,96756.3203125
131113,114269.7890625,149085.859375,89793.0625,111557.8046875,137448.75,96746.9921875
131133,114277.734375,149088.171875,89797.328125,111552.765625,137458.375,96751.53125
131153,114274.1171875,149088.625,89800.8515625,111559.953125,137453.828125,96751.0234375
131173,114274.859375,149090.9375,89796.9609375,111547.7890625,137445.78125,96757.578125
131193,114273.40625,149088.625,89794.2265625,111564.9296875,137453.828125,96751.0234375
131213,114268.3671875,149090.484375,89796.9609375,111564.9296875,137449.28125,96755.0546875
131233,114266.171875,149090.484375,89793.0625,111572.109375,137449.28125,96757.578125
131253,114269.078125,149079.828125,89796.9609375,111565.625,137452.078125,96751.0234375
131273,114274.1171875,149084,89798.1171875,111567.765625,137451.546875,96756.3203125
131293,114266.171875,149090.9375,89796.171875,111565.625,137448.046875,96759.59375
131313,114269.7890625,149088.625,89787.2265625,111561.3359375,137448.046875,96756.3203125
131333,114271.953125,149091.890625,89782.546875,111565.6796875,137451.546875,96759.09375
131353,114271.953125,149083.546875,89790.328125,111554.90625,137453.828125,96760.3515625
131373,114273.40625,149085.859375,89784.4921875,111558.5,137447.53125,96758.3359375
131393,114271.2421875,149083.546875,89785.28125,111564.9296875,137449.796875,96759.09375
131413,114267.625,149084,89777.5,111564.8671875,137451.546875,96753.796875
131433,114266.171875,149087.21875,89778.65625,111576.3359375,137456.625,96760.3515625
131453,114269.7890625,149088.625,89776.7109375,111571.359375,137447,96754.5546875
131473,114274.1171875,149079.375,89786.4375,111573.5,137445.25,96759.09375
131493,114266.9140625,149079.828125,89780.234375,111577.78125,137449.796875,96762.3671875
131513,114269.078125,149086.3125,89772.8203125,111572.046875,137454.34375,96758.3359375
131533,114268.3359375,149080.28125,89778.65625,111561.3359375,137453.828125,96763.125
131553,114272.65625,149090.9375,89779.4453125,111560.640625,137456.109375,96756.3203125
131573,114269.078125,149088.625,89777.5,111564.9296875,137445.25,96757.078125
131593,114278.4375,149088.625,89772.8203125,111564.9296875,137454.34375,96757.828125
131613,114282.0546875,149090.484375,89779.4453125,111563.4765625,137449.796875,96753.0390625
131633,114272.65625,149093.25,89778.2890625,111570.6640625,137451.546875,96757.078125
131653,114274.8203125,149093.25,89775.5546875,111568.4609375,137454.34375,96765.140625
131673,114273.40625,149093.25,89768.140625,111577.09375,137453.828125,96754.5546875
131693,114272.65625,149093.6875,89772.8203125,111576.3359375,137453.828125,96760.6015625
131713,114269.0390625,149089.078125,89774.3984375,111563.4765625,137456.625,96757.828125
131733,114271.203125,149090.484375,89772.03125,111576.3359375,137451.546875,96759.84375
131753,114276.984375,149095.109375,89772.453125,111569.2109375,137451.546875,96757.078125
131773,114278.4375,149093.6875,89763.8828125,111561.3359375,137453.828125,96760.3515625
131793,114276.984375,149093.6875,89761.9375,111569.90625,137452.59375,96757.078125
131813,114286.3828125,149091.390625,89758.828125,111560.640625,137454.875,96760.6015625
131833,114272.65625,149093.6875,89763.8828125,111564.8671875,137456.625,96757.828125
131853,114271.203125,149097.859375,89763.8828125,111566.3125,137454.875,96757.078125
131873,114273.3671875,149091.390625,89758.828125,111572.7421875,137448.046875,96763.125
131893,114271.203125,149100.171875,89756.09375,111576.3359375,137454.34375,96760.6015625
131913,114282.765625,149091.828125,89759.984375,111577.03125,137454.34375,96757.3203125
131933,114275.53125,149091.390625,89751.4140625,111574.8828125,137454.34375,96756.5703125
131953,114277.6953125,149093.6875,89761.9375,111572.046875,137452.59375,96758.5859375
131973,114277.6953125,149086.765625,89743.265625,111569.90625,137456.109375,96762.6171875
131993,114287.09375,149094.140625,89746.3671875,111562.7265625,137452.59375,96765.140625
132013,114287.0546875,149094.140625,89741.3203125,111555.6015625,137458.375,96762.6171875
132033,114298.6171875,149093.25,89737.4296875,111584.90625,137452.078125,96757.828125
132053,114297.1640625,149096.453125,89734.328125,111593.4765625,137443.5,96759.84375
132073,114308.6953125,149100.171875,89736.2734375,111608.4765625,137458.375,96759.84375
132093,114311.6015625,149089.515625,89735.8515625,111624.171875,137450.84375,96759.84375
132113,114305.109375,149089.515625,89728.859375,111622.0234375,137448.578125,96756.5703125
132133,114300.78125,149091.390625,89734.6953125,111607.0234375,137455.390625,96755.8125
132153,114292.8359375,149091.828125,89731.59375,111587.7421875,137446.8125,96762.6171875
132173,114295,149091.390625,89735.484375,111566.3125,137450.84375,96756.5703125
132193,114292.8359375,149095.5625,89725.390625,111569.90625,137457.671875,96758.5859375
132213,114283.4375,149091.828125,89726.9140625,111568.4609375,137450.328125,96760.6015625
132233,114242.375,149123.28125,89781.390625,111522.7734375,137448.578125,96759.84375
132253,114279.859375,149096.453125,89688.8046875,111505.640625,137453.125,96742.453125
132273,114319.5078125,149082.59375,89688.8046875,111405.671875,137473.0625,96777.9921875
132293,114252.4453125,149068.734375,89777.1328125,111799.9375,137455.921875,96762.6171875
132313,114247.40625,149084.453125,89751.8359375,111738.5234375,137454.34375,96800.9296875
132333,114245.953125,149085.359375,89747.9453125,111564.171875,137455.390625,96784.0390625
132353,114319.5078125,149067.765625,89737.0625,111597.7578125,137450.84375,96762.6171875
132373,114293.546875,149071.03125,89739.375,111524.9140625,137453.640625,96792.8671875
132393,114262.5546875,149098.765625,89699.3203125,111531.28125,137455.921875,96750.5234375
132413,114302.9453125,149114.9375,89723.453125,111582.765625,137452.59375,96721.5390625
132433,114324.546875,149108,89721.5078125,111615.59375,137449.09375,96738.421875
132453,114349.8046875,149129.703125,89684.9140625,111569.84375,137438.25,96704.90625
132473,114333.9453125,149099.671875,89726.9140625,111578.4140625,137450.140625,96745.2265625
132493,114339.6953125,149108.90625,89707.46875,111599.1484375,137451.375,96741.1953125
132513,114291.3828125,149078.421875,89729.6484375,111629.84375,137450.84375,96771.9453125
132533,114260.390625,149090.9375,89730.4375,111580.6171875,137443.3125,96783.5390625
132553,114239.46875,149070.078125,89756.5234375,111541.9921875,137440.515625,96784.0390625
132573,114258.2265625,149067.3125,89727.703125,111575.578125,137449.09375,96795.6328125
132593,114232.9765625,149089.515625,89724.6015625,111564.171875,137446.8125,96752.5390625
132613,114279.859375,149092.734375,89716.828125,111529.8984375,137445.78125,96759.34375
132633,114318.765625,149120.015625,89687.6484375,111590.578125,137442.796875,96722.296875
132653,114323.8359375,149113.53125,89679.0859375,111596.3125,137453.125,96728.34375
132673,114382.265625,149118.59375,89691.5390625,111619.125,137458.1875,96718.265625
132693,114356.296875,149115.390625,89681.8203125,111610.5546875,137447.34375,96730.359375
132713,114306.53125,149099.21875,89704,111585.5390625,137449.09375,96749.2578125
132733,114289.9296875,149085.359375,89709.8359375,111624.859375,137451.375,96743.2109375
132753,114276.953125,149069.625,89718.0390625,111566.3125,137455.921875,96792.8671875
132773,114248.1171875,149083.046875,89726.546875,111563.421875,137449.09375,96770.6796875
132793,114248.1171875,149066.875,89733.171875,111564.109375,137443.3125,96781.5234375
132813,114252.4453125,149087.65625,89703.2109375,111552.703125,137450.328125,96765.390625
132833,114258.9375,149096.90625,89695.0625,111588.4375,137451.375,96729.1015625
132853,114309.3984375,149103.84375,89680.6640625,111590.578125,137450.140625,96723.0546875
132873,114350.515625,149116.28125,89667.046875,111616.2890625,137440,96721.0390625
132893,114347.640625,149111.21875,89672.8828125,111627.0078125,137445.0625,96712.46875
132913,114364.953125,149104.28125,89665.109375,111607.71875,137444.546875,96732.625
132933,114315.1875,149103.84375,89681.8203125,111624.859375,137453.125,96740.4375
132953,114292.09375,149080.734375,89699.3203125,111579.8671875,137442.796875,96764.8828125
132973,114271.203125,149081.1875,89710.625,111587.7421875,137441.046875,96760.09375
132993,114254.609375,149078.421875,89716.4609375,111554.8515625,137449.609375,96781.5234375
133013,114256.7734375,149083.484375,89700.8984375,111550.5625,137449.09375,96761.859375
133033,114252.4453125,149081.625,89695.4296875,111571.296875,137445.0625,96753.2890625
133053,114296.421875,149105.703125,89677.9296875,111564.171875,137453.640625,96742.453125
133073,114304.3671875,149113.53125,89667.84375,111614.84375,137455.390625,96710.453125
133093,114348.3515625,149104.28125,89651.4921875,111598.390625,137449.609375,96717
133113,114354.84375,149109.359375,89660.4296875,111636.2734375,137451.375,96708.9375
133133,114346.890625,149108.453125,89658.1171875,111616.984375,137446.8125,96727.0859375
133153,114330.328125,149106.59375,89661.21875,111589.1328125,137451.890625,96750.015625
133173,114284.1484375,149084.390625,89684.5546875,111597.703125,137449.609375,96746.734375
133193,114279.1171875,149083.484375,89688.4375,111561.96875,137449.609375,96770.1796875
133213,114261.8046875,149072.84375,89697.0078125,111551.2578125,137446.296875,96756.0625
133233,114250.28125,149077.015625,89694.2734375,111566.3125,137447.34375,96744.71875
133253,114264.6796875,149090.421875,89677.9296875,111554.15625,137451.375,96734.640625
133273,114279.8203125,149103.84375,89667.84375,111606.9609375,137443.84375,96712.46875
133293,114328.875,149107.046875,89653.078125,111608.4140625,137449.609375,96719.7734375
133313,114357.75,149115.390625,89649.1875,111630.5390625,137446.8125,96705.6640625
133333,114341.859375,149104.28125,89644.875,111623.4140625,137447.34375,96714.984375
133353,114354.84375,149101.96875,89643.71875,111624.171875,137442.796875,96717
133373,114306.53125,149089.96875,89663.1640625,111607.65625,137445.0625,96737.1640625
133393,114288.4765625,149088.109375,89672.8828125,111579.8671875,137447.34375,96743.96875
133413,114276.953125,149083.9375,89677.5625,111576.2734375,137452.40625,96748
133433,114274.078125,149081.625,89687.2890625,111552.015625,137450.140625,96761.359375
133453,114256.0234375,149082.078125,89685.34375,111573.4375,137445.59375,96738.671875
133473,114267.5859375,149088.5625,89672.8828125,111570.5390625,137451.375,96731.8671875
133493,114305.078125,149093.1875,89647.609375,111586.2890625,137448.390625,96716.5
133513,114318.0546875,149108.453125,89641.7734375,111629.84375,137447.859375,96701.125
133533,114358.4609375,149113.53125,89632.84375,111621.2734375,137443.3125,96710.453125
133553,114352.6796875,149115.84375,89635.578125,111631.984375,137450.140625,96706.421875
133573,114349.8046875,149104.734375,89635.1484375,111616.2265625,137443.3125,96723.8046875
133593,114321.671875,149089.015625,89639.828125,111593.4140625,137454.6875,96737.921875
133613,114289.21875,149088.5625,89663.953125,111585.5390625,137458.1875,96738.671875
133633,114285.6015625,149083.9375,89668.9921875,111559.1328125,137454.15625,96749.5078125
133653,114272.625,149086.703125,89671.7265625,111568.3984375,137443.84375,96741.4453125
133673,114262.515625,149097.359375,89667.84375,111547.6640625,137454.6875,96743.2109375
133693,114271.8828125,149090.875,89646.453125,111574.828125,137448.390625,96727.0859375
133713,114296.421875,149110.765625,89639.828125,111597.703125,137453.640625,96717
133733,114335.3671875,149099.671875,89631.6875,111615.5390625,137443.84375,96703.6484375
133753,114348.3515625,149108.90625,89627.0078125,111639.109375,137455.921875,96704.90625
133773,114367.8203125,149107.046875,89623.125,111621.2734375,137443.84375,96712.96875
133793,114340.40625,149098.703125,89628.953125,111625.5546875,137450.140625,96713.7265625
133813,114323.09375,149097.359375,89632.84375,111595.4921875,137448.390625,96735.1484375
133833,114297.1328125,149084.390625,89645.296875,111568.3984375,137448.90625,96734.640625
133853,114290.640625,149085.796875,89658.1171875,111570.5390625,137446.109375,96733.8828125
133873,114281.2734375,149082.078125,89662.375,111555.546875,137449.609375,96740.6875
133893,114274.0390625,149089.015625,89655.015625,111569.09375,137452.40625,96724.5625
133913,114277.65625,149101.96875,89647.609375,111585.5390625,137452.9375,96707.9296875
133933,114301.4609375,149098.25,89627.0078125,111599.78125,137454.6875,96705.6640625
133953,114334.6171875,149109.8125,89626.21875,111631.2265625,137448.390625,96693.5703125
133973,114355.546875,149109.359375,89618.4453125,111621.2734375,137452.40625,96700.375
133993,114357.7109375,149100.109375,89617.2890625,111640.5546875,137447.859375,96696.34375
134013,114339.6953125,149100.5625,89619.234375,111609.859375,137452.40625,96712.46875
134033,114320.9296875,149094.078125,89625.0703125,111593.4140625,137452.9375,96715.2421875
134053,114300.75,149086.703125,89643.71875,111580.5,137445.59375,96732.625
134073,114294.2578125,149090.421875,89647.2421875,111556.234375,137455.203125,96735.8984375
134093,114278.3671875,149086.703125,89650.34375,111570.6015625,137452.9375,96724.5625
134113,114276.203125,149086.703125,89642.1953125,111558.4375,137452.40625,96719.2734375
134133,114279.078125,149095.5,89640.6171875,111586.984375,137456.953125,96707.9296875
134153,114306.4921875,149102.875,89627.0078125,111601.984375,137442.078125,96704.40625
134173,114330.296875,149095.9375,89612.6171875,111614.0859375,137457.484375,96694.328125
134193,114351.21875,149106.078125,89607.5703125,111636.9609375,137452.9375,96699.6171875
134213,114354.09375,149098.25,89608.359375,111618.375,137450.65625,96708.4375
134233,114343.2734375,149095.9375,89615.34375,111604.8203125,137450.65625,96706.421875
134253,114328.1328125,149094.078125,89619.234375,111593.4140625,137455.734375,96715.9921875
134273,114302.1640625,149095.9375,89625.859375,111570.5390625,137455.203125,96727.3359375
134293,114294.21875,149084.390625,89639.46875,111563.421875,137465.53125,96716.5
134313,114292.09375,149089.46875,89637.8828125,111561.2734375,137461.515625,96719.015625
134333,114292.8046875,149085.296875,89641.7734375,111573.375,137459.75,96712.46875
134353,114289.1875,149094.078125,89629.7421875,111579.109375,137453.453125,96705.6640625
134373,114314.4375,149100.5625,89609.515625,111615.5390625,137454.6875,96695.5859375
134393,114336.078125,149097.296875,89609.515625,111626.9453125,137442.078125,96687.5234375
134413,114353.3828125,149098.25,89601.7421875,111622.65625,137450.65625,96694.328125
134433,114359.1328125,149107.953125,89606.78125,111629.84375,137449.609375,96690.296875
134453,114344.7265625,149107.953125,89607.5703125,111596.9453125,137450.65625,96703.8984375
134473,114321.640625,149094.53125,89611.4609375,111594.109375,137458,96701.125
134493,114307.9453125,149091.765625,89623.125,111574.828125,137452.40625,96713.2265625
134513,114302.1640625,149082.53125,89630.53125,111552.6484375,137455.203125,96722.546875
134533,114294.96875,149093.640625,89635.578125,111572.6796875,137459.75,96701.8828125
134553,114287.0234375,149096.390625,89632.4765625,111575.515625,137460.28125,96703.140625
134573,114289.1875,149089.46875,89625.0703125,111597.640625,137453.453125,96699.6171875
134593,114321.640625,149107.046875,89612.25,111619.8203125,137450.65625,96688.28125
134613,114334.6171875,149107.5,89606.78125,111616.2265625,137449.4375,96688.28125
134633,114353.3828125,149101.46875,89604.4765625,111639.8046875,137446.640625,96686.265625
134653,114356.96875,149101.46875,89598.640625,111621.9609375,137444.875,96695.078125
134673,114335.328125,149101.015625,89603.3203125,111604.0703125,137451.703125,96705.6640625
134693,114330.296875,149096.390625,89609.515625,111586.234375,137458,96709.1875
134713,114310.109375,149087.609375,89618.8671875,111579.109375,137459.234375,96717.2578125
134733,114300,149094.078125,89623.125,111565.5,137455.734375,96709.1875
134753,114298.546875,149087.15625,89626.21875,111567.703125,137457.484375,96707.171875
134773,114301.4609375,149088.046875,89618.078125,111587.6796875,137447.15625,96702.390625
134793,114305.078125,149100.109375,89615.34375,111596.25,137466.0625,96685.7578125
134813,114316.6015625,149104.734375,89601.7421875,111617.6796875,137455.203125,96682.234375
134833,114330.296875,149094.53125,89592.8125,111619.0625,137457.484375,96686.265625
134853,114357.7109375,149101.015625,89593.96875,111614.0859375,137457.484375,96688.28125
134873,114363.4609375,149097.296875,89598.640625,111619.8203125,137455.734375,96689.0390625
134893,114351.1875,149100.5625,89599.0078125,111603.375,137455.203125,96698.359375
134913,114334.6171875,149095.9375,89594.7578125,111588.375,137460.28125,96703.8984375
134933,114319.4765625,149096.84375,89602.53125,111584.0859375,137459.75,96700.375
134953,114306.4921875,149091.765625,89614.1953125,111554.09375,137451.703125,96705.15625
134973,114299.2578125,149092.21875,89623.9140625,111550.5078125,137464.828125,96699.8671875
134993,114294.96875,149094.078125,89625.859375,111537.6484375,137469.375,96689.7890625
135013,114290.6015625,149100.5625,89624.28125,111526.2421875,137459.75,96691.0546875
135033,114289.1875,149101.015625,89623.125,111520.515625,137460.796875,96692.3125
135053,114304.328125,149109.8125,89611.4609375,111536.203125,137456.25,96683.7421875
135073,114338.2421875,149105.640625,89600.5859375,111571.234375,137464.828125,96688.28125
135093,114354.09375,149098.703125,89591.65625,111596.9453125,137464.828125,96691.0546875
135113,114367.078125,149108.390625,89597.0625,111624.109375,137457.484375,96681.7265625
135133,114353.3515625,149103.328125,89596.703125,111620.515625,137455.734375,96695.078125
135153,114348.3125,149103.78125,89597.8515625,111605.515625,137463.078125,96685.0078125
135173,114324.5078125,149099.609375,89606.421875,111576.2109375,137462.03125,96690.296875
135193,114312.984375,149097.796875,89620.0234375,111550.5078125,137464.828125,96689.0390625
135213,114310.109375,149103.328125,89623.9140625,111546.9765625,137462.546875,96685.7578125
135233,114310.8203125,149105.640625,89620.0234375,111549.8125,137462.03125,96678.9609375
135253,114306.4921875,149106.078125,89613.40625,111537.6484375,137458,96680.9765625
135273,114324.5078125,149103.78125,89600.5859375,111551.953125,137458,96678.9609375
135293,114331.75,149110.703125,89600.2265625,111557.6875,137463.078125,96682.234375
135313,114356.96875,149104.21875,89599.0078125,111577.6640625,137464.3125,96678.203125
135333,114363.4609375,149103.328125,89592.0234375,111610.4921875,137467.09375,96692.3125
135353,114373.5703125,149101.46875,89583.09375,111616.921875,137467.09375,96689.0390625
135373,114350.4765625,149101.015625,89595.90625,111620.515625,137460.796875,96690.296875
135393,114342.5703125,149103.78125,89596.703125,111601.921875,137466.578125,96694.328125
135413,114329.5859375,149103.328125,89607.5703125,111612.6953125,137473.40625,96687.0234375
135433,114325.96875,149112.125,89613.0390625,111589.8203125,137469.375,96689.0390625
135453,114324.5078125,149094.078125,89612.25,111580.5,137462.546875,96689.0390625
135473,114330.296875,149096.84375,89608.359375,111576.2109375,137471.125,96690.296875
135493,114341.109375,149112.125,89602.53125,111568.3984375,137473.921875,96687.7734375
135513,114341.8203125,149113.984375,89594.7578125,111580.5,137473.40625,96685.0078125
135533,114377.8984375,149112.5625,89595.90625,111591.2109375,137475.15625,96689.7890625
135553,114395.921875,149112.125,89588.921875,111614.78125,137471.65625,96687.0234375
135573,114397.375,149103.328125,89587.34375,111639.8046875,137467.09375,96691.0546875
135593,114381.515625,149098.703125,89588.921875,111636.2109375,137471.125,96695.078125
135613,114369.2421875,149102.875,89598.640625,111630.5390625,137471.125,96700.375
135633,114350.4765625,149094.53125,89604.4765625,111620.515625,137477.953125,96701.6328125
135653,114341.8203125,149101.46875,89612.25,111620.515625,137473.40625,96700.375
135673,114338.9453125,149107.953125,89616.140625,111616.921875,137471.65625,96692.3125
135693,114340.40625,149107.5,89610.3046875,111599.78125,137468.859375,96693.5703125
135713,114347.6015625,149110.703125,89603.6875,111592.65625,137475.15625,96691.0546875
135733,114357.7109375,149104.21875,89592.8125,111591.2109375,137469.890625,96687.7734375
135753,114375.734375,149107.953125,89591.234375,111594.109375,137475.671875,96689.7890625
135773,114382.2265625,149112.125,89585.0390625,111602.6171875,137475.15625,96695.078125
135793,114389.4296875,149107.953125,89592.0234375,111611.9453125,137471.65625,96699.109375
135813,114390.8828125,149103.78125,89587.7734375,111641.9453125,137472.171875,96690.296875
135833,114382.9375,149105.1875,89585.828125,111654.109375,137463.59375,96695.078125
135853,114372.1171875,149111.671875,89596.703125,111653.4140625,137470.609375,96693.0625
135873,114367.7890625,149112.5625,89601.375,111654.8046875,137466.0625,96698.359375
135893,114354.8046875,149114.875,89596.703125,111638.3515625,137467.625,96692.3125
135913,114363.4609375,149119.953125,89602.53125,111614.78125,137466.578125,96689.0390625
135933,114351.9296875,149124.125,89609.515625,111589.0703125,137484.765625,96685.0078125
135953,114360.5859375,149115.328125,89606.421875,111579.109375,137471.65625,96690.296875
135973,114354.8046875,149120.90625,89604.109375,111579.109375,137479.703125,96697.8515625
135993,114378.609375,149109.8125,89606.78125,111584.78125,137471.65625,96697.09375
136013,114372.1171875,149111.15625,89595.546875,111597.640625,137467.625,96701.125
136033,114377.8984375,149108.390625,89599.796875,111611.9453125,137478.46875,96706.421875
136053,114375.734375,149107.5,89599.4296875,111624.796875,137472.171875,96701.8828125
136073,114377.8984375,149108.84375,89604.4765625,111649.0703125,137468.859375,96704.40625
136093,114381.515625,149121.8125,89595.546875,111674.09375,137473.40625,96700.375
136113,114380.7734375,149115.328125,89603.3203125,111670.5,137473.921875,96695.078125
136133,114381.515625,149115.328125,89599.796875,111655.5546875,137469.890625,96693.8203125
136153,114368.4921875,149110.25,89604.4765625,111619.8203125,137479,96689.0390625
136173,114369.953125,149115.328125,89605.625,111591.96875,137472.171875,96693.0625
136193,114361.296875,149121.8125,89608.359375,111579.109375,137472.171875,96692.5625
136213,114362.7109375,149108.84375,89606.0546875,111581.1953125,137480.21875,96704.40625
136233,114370.6953125,149113.015625,89607.5703125,111592.65625,137474.453125,96711.2109375
136253,114374.984375,149108.390625,89602.53125,111603.375,137484.765625,96703.140625
136273,114371.40625,149106.984375,89597.8515625,111634.8203125,137478.46875,96712.46875
136293,114376.4453125,149115.328125,89598.640625,111648.375,137470.421875,96705.6640625
136313,114370.6953125,149119.953125,89596.703125,111659.0859375,137469.890625,96708.4375
136333,114380.0625,149117.1875,89604.8359375,111659.0859375,137469.890625,96699.8671875
136353,114383.6796875,149118.09375,89596.703125,111652.65625,137472.171875,96693.8203125
136373,114377.1484375,149121.8125,89599.796875,111631.2265625,137474.453125,96699.8671875
136393,114373.5703125,149121.359375,89601.375,111614.0859375,137476.71875,96697.09375
136413,114367.7890625,149114.875,89598.640625,111589.765625,137480.75,96703.8984375
136433,114367.078125,149116.734375,89598.640625,111588.375,137481.265625,96710.453125
136453,114372.1171875,149113.46875,89602.53125,111582.640625,137483.015625,96704.40625
136473,114376.4453125,149104.671875,89594.390625,111591.2109375,137479.515625,96700.625
136493,114369.203125,149113.015625,89592.8125,111616.2265625,137473.921875,96703.140625
136513,114369.953125,149108.84375,89597.4921875,111640.4921875,137472.171875,96703.8984375
136533,114378.609375,149108.390625,89592.8125,111654.046875,137465.875,96701.8828125
136553,114378.609375,149111.609375,89603.3203125,111667.6640625,137480.21875,96701.125
136573,114380.7734375,149115.328125,89599.796875,111670.5,137473.921875,96706.421875
136593,114382.2265625,149111.609375,89590.5078125,111665.515625,137473.921875,96709.9453125
136613,114386.5546875,149107.4375,89590.5078125,111636.90625,137472.171875,96705.15625
136633,114380.7734375,149107.953125,89596.703125,111627.640625,137483.546875,96698.609375
136653,114387.265625,149119.953125,89592.4453125,111610.4921875,137474.96875,96695.8359375
136673,114380.7734375,149106.078125,89585.828125,111612.640625,137481.265625,96699.8671875
136693,114383.640625,149117.1875,89585.828125,111610.4921875,137476.71875,96697.8515625
136713,114385.1015625,149111.15625,89583.8828125,111628.328125,137472.171875,96710.453125
136733,114382.1875,149108.390625,89581.9375,111647.6171875,137483.546875,96705.15625
136753,114391.59375,149104.671875,89583.8828125,111664.0703125,137472.6875,96707.171875
136773,114381.4765625,149104.21875,89586.984375,111664.0703125,137477.234375,96707.171875
136793,114376.40625,149106.984375,89587.7734375,111661.921875,137465.875,96707.171875
136813,114372.8203125,149111.15625,89585.828125,111655.4921875,137475.484375,96707.171875
136833,114379.3125,149100.046875,89592.8125,111627.640625,137471.46875,96703.140625
136853,114366.328125,149115.328125,89588.921875,111609.8046875,137470.421875,96706.421875
136873,114372.8203125,149117.1875,89589.71875,111591.90625,137469.890625,96707.171875
136893,114372.8203125,149115.328125,89583.09375,111576.90625,137479.515625,96701.125
136913,114370.65625,149111.15625,89583.8828125,111587.6171875,137481.796875,96699.8671875
136933,114382.8984375,149111.15625,89575.3203125,111616.2265625,137492.640625,96701.125
136953,114405.9921875,149107.4375,89577.265625,111664.0703125,137473.21875,96707.171875
136973,114408.1953125,149102.8125,89574.1640625,111685.5,137474.96875,96706.421875
136993,114394.4609375,149104.671875,89581.1484375,111673.3359375,137479.515625,96704.40625
137013,114385.8046875,149104.671875,89583.8828125,111664.7578125,137480.03125,96707.171875
137033,114378.609375,149106.53125,89594.7578125,111638.3515625,137469.890625,96704.40625
137053,114365.625,149113.015625,89590.8671875,111604.7578125,137473.21875,96696.59375
137073,114365.625,149116.734375,89589.71875,111589.0703125,137472.171875,96701.125
137093,114362.0078125,149105.125,89585.828125,111582.640625,137472.171875,96701.8828125
137113,114381.4765625,149111.609375,89578.84375,111587.6171875,137477.765625,96699.109375
137133,114392.296875,149113.921875,89570.28125,111609.046875,137474.96875,96701.8828125
137153,114403.828125,149117.640625,89566.390625,111611.1875,137473.21875,96701.125
137173,114407.4453125,149108.84375,89573.375,111638.3515625,137480.03125,96699.109375
137193,114410.3203125,149119.953125,89567.546875,111666.90625,137469.1875,96701.125
137213,114410.3203125,149104.21875,89560.5625,111696.90625,137483.015625,96703.140625
137233,114403.828125,149104.21875,89572.2265625,111699.0546875,137474.453125,96701.125
137253,114394.4609375,149102.359375,89572.2265625,111694.765625,137474.453125,96701.125
137273,114385.1015625,149108.390625,89578.0546875,111662.6171875,137470.9375,96703.140625
137293,114379.3125,149106.53125,89575.75,111625.4921875,137476.015625,96703.8984375
137313,114380.734375,149111.15625,89577.265625,111604.7578125,137479,96699.109375
137333,114382.1875,149108.84375,89572.2265625,111590.453125,137481.796875,96701.6328125
137353,114393.71875,149111.609375,89573.375,111592.6015625,137480.75,96697.09375
137373,114407.4453125,149120.40625,89564.453125,111604.7578125,137479.515625,96696.59375
137393,114412.484375,149113.921875,89570.28125,111628.328125,137474.453125,96695.8359375
137413,114414.6484375,149111.15625,89564.453125,111651.90625,137468.671875,96695.078125
137433,114407.4453125,149115.328125,89564.453125,111676.171875,137471.46875,96695.078125
137453,114421.890625,149117.640625,89568.3359375,111681.90625,137474.453125,96700.375
137473,114410.3203125,149102.359375,89569.125,111681.90625,137472.171875,96693.8203125
137493,114401.6640625,149111.15625,89568.3359375,111673.3359375,137480.75,96697.09375
137513,114395.171875,149108.390625,89579.2109375,111665.515625,137475.484375,96699.109375
137533,114396.625,149113.46875,89575.3203125,111631.1640625,137470.9375,96699.109375
137553,114392.296875,149118.09375,89573.015625,111599.0234375,137477.765625,96699.109375
137573,114392.296875,149110.703125,89569.9140625,111609.7421875,137479,96695.8359375
137593,114400.2109375,149123.15625,89573.015625,111612.640625,137470.421875,96695.8359375
137613,114400.25,149120.40625,89580.7890625,111620.453125,137485.8125,96695.078125
137633,114409.609375,149118.09375,89568.3359375,111640.4921875,137474.96875,96693.0625
137653,114405.9921875,149113.921875,89569.4921875,111646.921875,137479.515625,96698.359375
137673,114404.578125,149113.46875,89580,111676.171875,137475.484375,96685.0078125
137693,114398.7890625,149111.609375,89581.9375,111686.1953125,137468.140625,96687.0234375
137713,114400.953125,149100.046875,89588.5625,111679.765625,137477.234375,96691.8046875
137733,114398.0859375,149101.921875,89578.84375,111671.1875,137479,96693.8203125
137753,114388.6796875,149107.4375,89581.9375,111645.4765625,137479,96694.328125
137773,114388.6796875,149117.640625,89576.109375,111632.6171875,137486.859375,96693.0625
137793,114405.28125,149117.640625,89574.1640625,111615.4765625,137483.546875,96691.0546875
137813,114403.828125,149113.46875,89578.0546875,111604.0078125,137481.796875,96694.328125
137833,114416.8125,149116.234375,89570.28125,111639.046875,137482.3125,96691.0546875
137853,114421.1796875,149117.1875,89572.2265625,111636.90625,137474.96875,96687.0234375
137873,114419.6875,149117.640625,89569.4921875,111666.90625,137474.96875,96690.296875
137893,114401.6640625,149111.15625,89575.3203125,111650.453125,137477.234375,96685.7578125
137913,114390.1328125,149115.78125,89578.84375,111651.90625,137481.265625,96683.7421875
137933,114389.390625,149108.84375,89583.8828125,111654.7421875,137479.515625,96682.9921875
137953,114387.96875,149106.53125,89583.09375,111645.4765625,137484.59375,96683.7421875
137973,114389.390625,149106.984375,89579.2109375,111651.2109375,137476.71875,96682.9921875
137993,114391.5546875,149113.46875,89578.0546875,111629.78125,137481.796875,96683.7421875
138013,114401.6640625,149110.703125,89573.375,111618.3125,137481.796875,96683.7421875
138033,114418.265625,149118.09375,89572.2265625,111638.3515625,137483.546875,96682.9921875
138053,114425.46875,149106.53125,89569.4921875,111634.0625,137473.21875,96681.7265625
138073,114429.0546875,149110.703125,89567.1875,111644.0234375,137482.3125,96678.453125
138093,114419.6875,149107.4375,89566.390625,111651.1484375,137476.71875,96676.9453125
138113,114410.3203125,149111.609375,89574.1640625,111649.7578125,137477.234375,96682.234375
138133,114386.515625,149111.609375,89580,111654.046875,137478.46875,96667.625
138153,114390.1328125,149106.53125,89588.5625,111634.7578125,137483.015625,96674.9296875
138173,114382.8984375,149110.703125,89584.671875,111617.6171875,137483.015625,96672.40625
138193,114390.1328125,149110.703125,89587.7734375,111616.1640625,137473.21875,96676.6875
138213,114393.71875,149102.359375,89577.265625,111622.59375,137479,96670.8984375
138233,114405.9921875,149108.84375,89580.359375,111621.1484375,137479,96679.4609375
138253,114424.765625,149120.40625,89569.4921875,111620.453125,137485.296875,96668.8828125
138273,114431.9609375,149122.703125,89557.828125,111639.046875,137477.234375,96670.140625
138293,114443.53125,149108.84375,89557.46875,111641.9453125,137479,96668.125
138313,114435.5859375,149120.40625,89569.4921875,111654.046875,137476.71875,96669.640625
138333,114417.5234375,149110.703125,89576.4765625,111654.046875,137474.453125,96666.8671875
138353,114403.828125,149113.46875,89572.5859375,111646.1640625,137483.546875,96668.8828125
138373,114394.4609375,149108.84375,89583.09375,111639.046875,137481.265625,96664.09375
138393,114395.2109375,149113.46875,89585.828125,111624.046875,137480.03125,96674.171875
138413,114390.1328125,149115.78125,89578.84375,111621.90625,137485.8125,96674.9296875
138433,114393.0078125,149109.296875,89570.28125,111627.640625,137481.796875,96675.4296875
138453,114414.6484375,149116.234375,89565.2421875,111621.2109375,137488.09375,96667.625
138473,114421.8515625,149116.671875,89566.390625,111626.1875,137476.015625,96667.625
138493,114442.078125,149122.265625,89557.46875,111634.0625,137474.96875,96664.8515625
138513,114436.2890625,149118.53125,89564.453125,111642.640625,137484.0625,96662.078125
138533,114438.453125,149116.671875,89566.390625,111647.6171875,137481.265625,96662.8359375
138553,114425.46875,149118.09375,89570.28125,111659.78125,137485.296875,96669.3828125
138573,114416.8125,149117.640625,89567.9765625,111653.3515625,137484.0625,96664.8515625
138593,114403.828125,149108.390625,89577.265625,111647.6171875,137485.8125,96670.8984375
138613,114401.6640625,149116.234375,89579.6328125,111640.4921875,137483.546875,96661.578125
138633,114393.71875,149111.609375,89580,111634.7578125,137483.546875,96670.8984375
138653,114391.5546875,149113.921875,89583.09375,111621.9609375,137483.015625,96668.125
138673,114409.609375,149113.921875,89570.28125,111615.4765625,137487.5625,96666.109375
138693,114424.765625,149124.5625,89571.796875,111619.0625,137482.3125,96672.15625
138713,114431.9609375,149121.8125,89567.546875,111621.90625,137481.796875,96662.8359375
138733,114438.453125,149120.40625,89569.4921875,111641.9453125,137475.484375,96664.09375
138753,114430.5078125,149118.09375,89570.6484375,111643.328125,137483.546875,96666.109375
138773,114434.125,149118.09375,89572.5859375,111652.59375,137485.8125,96664.09375
138793,114418.9765625,149114.359375,89576.4765625,111658.3359375,137485.8125,96659.3125
138813,114405.28125,149119.5,89581.1484375,111659.78125,137483.546875,96658.046875
138833,114406.7421875,149121.8125,89574.1640625,111649.7578125,137489.84375,96660.5703125
138853,114408.15625,149109.296875,89584.25,111636.2109375,137486.34375,96667.3671875
138873,114395.8828125,149119.953125,89581.1484375,111634.0625,137486.859375,96668.125
138893,114408.8671875,149120.84375,89572.2265625,111627.640625,137496.671875,96666.109375
138913,114424.015625,149125.015625,89567.546875,111619.0625,137490.890625,96662.078125
138933,114434.8359375,149122.703125,89566.390625,111625.4921875,137485.296875,96667.3671875
138953,114435.5859375,149118.53125,89570.6484375,111626.1875,137482.3125,96666.109375
138973,114450.0234375,149125.46875,89566.7578125,111650.515625,137485.296875,96664.09375
138993,114442.078125,149115.328125,89566.390625,111662.6171875,137492.640625,96662.5859375
139013,114431.9609375,149115.78125,89575.3203125,111676.234375,137488.609375,96656.03125
139033,114418.9765625,149119.953125,89582.3046875,111671.9453125,137479,96664.8515625
139053,114409.578125,149113.46875,89578.421875,111651.90625,137488.609375,96660.0625
139073,114406.703125,149119.953125,89575.3203125,111645.4765625,137485.8125,96662.078125
139093,114408.15625,149116.234375,89574.1640625,111631.921875,137496.671875,96665.609375
139113,114411.7734375,149120.84375,89568.703125,111621.90625,137494.90625,96666.109375
139133,114424.015625,149116.234375,89566.03125,111625.4921875,137490.359375,96663.3359375
139153,114435.5859375,149120.40625,89567.9140625,111633.3125,137492.640625,96660.0625
139173,114444.2421875,149129.1875,89563.6640625,111644.0859375,137490.359375,96659.3125
139193,114452.1875,149126.4375,89566.7578125,111656.1875,137490.359375,96661.3203125
139213,114434.8359375,149126.4375,89564.8125,111666.2109375,137487.5625,96660.5703125
